2026-04-23 01:37:50 [info]: ✅ Socket.io initialized
2026-04-23 01:37:50 [info]: ✅ MongoDB connected: localhost
2026-04-23 01:37:50 [info]: 
╔══════════════════════════════════════════╗
║   Smart Queue API — Server Started       ║
║   Port    : 5000                           ║
║   Mode    : development                  ║
║   WS      : Socket.io enabled            ║
╚══════════════════════════════════════════╝
    
2026-04-23 01:41:03 [info]: ✅ Socket.io initialized
2026-04-23 01:45:27 [info]: ✅ Socket.io initialized
2026-04-23 01:45:27 [info]: ✅ MongoDB connected: localhost
2026-04-23 01:45:27 [info]: 
╔══════════════════════════════════════════╗
║   Smart Queue API — Server Started       ║
║   Port    : 5000                           ║
║   Mode    : development                  ║
║   WS      : Socket.io enabled            ║
╚══════════════════════════════════════════╝
    
2026-04-23 01:46:11 [http]: ::1 - - [22/Apr/2026:20:46:11 +0000] "GET /favicon.ico HTTP/1.1" 404 63 "http://192.168.56.1:3000/" "Mozilla/5.0 (Windows NT 10.0; Win64; x64) AppleWebKit/537.36 (KHTML, like Gecko) Chrome/147.0.0.0 Safari/537.36"
2026-04-23 01:46:37 [error]: Error: CORS: Origin http://192.168.56.1:3000 not allowed
    at origin (C:\Users\Muhammad Aurangzaib\Desktop\Queue managment\smart-queue-backend\server.js:82:18)
    at C:\Users\Muhammad Aurangzaib\Desktop\Queue managment\smart-queue-backend\node_modules\cors\lib\index.js:219:13
    at optionsCallback (C:\Users\Muhammad Aurangzaib\Desktop\Queue managment\smart-queue-backend\node_modules\cors\lib\index.js:199:9)
    at corsMiddleware (C:\Users\Muhammad Aurangzaib\Desktop\Queue managment\smart-queue-backend\node_modules\cors\lib\index.js:204:7)
    at Layer.handle [as handle_request] (C:\Users\Muhammad Aurangzaib\Desktop\Queue managment\smart-queue-backend\node_modules\express\lib\router\layer.js:95:5)
    at trim_prefix (C:\Users\Muhammad Aurangzaib\Desktop\Queue managment\smart-queue-backend\node_modules\express\lib\router\index.js:328:13)
    at C:\Users\Muhammad Aurangzaib\Desktop\Queue managment\smart-queue-backend\node_modules\express\lib\router\index.js:286:9
    at Function.process_params (C:\Users\Muhammad Aurangzaib\Desktop\Queue managment\smart-queue-backend\node_modules\express\lib\router\index.js:346:12)
    at next (C:\Users\Muhammad Aurangzaib\Desktop\Queue managment\smart-queue-backend\node_modules\express\lib\router\index.js:280:10)
    at internalNext (C:\Users\Muhammad Aurangzaib\Desktop\Queue managment\smart-queue-backend\node_modules\helmet\index.cjs:537:6)
2026-04-23 01:46:41 [error]: Error: CORS: Origin http://192.168.56.1:3000 not allowed
    at origin (C:\Users\Muhammad Aurangzaib\Desktop\Queue managment\smart-queue-backend\server.js:82:18)
    at C:\Users\Muhammad Aurangzaib\Desktop\Queue managment\smart-queue-backend\node_modules\cors\lib\index.js:219:13
    at optionsCallback (C:\Users\Muhammad Aurangzaib\Desktop\Queue managment\smart-queue-backend\node_modules\cors\lib\index.js:199:9)
    at corsMiddleware (C:\Users\Muhammad Aurangzaib\Desktop\Queue managment\smart-queue-backend\node_modules\cors\lib\index.js:204:7)
    at Layer.handle [as handle_request] (C:\Users\Muhammad Aurangzaib\Desktop\Queue managment\smart-queue-backend\node_modules\express\lib\router\layer.js:95:5)
    at trim_prefix (C:\Users\Muhammad Aurangzaib\Desktop\Queue managment\smart-queue-backend\node_modules\express\lib\router\index.js:328:13)
    at C:\Users\Muhammad Aurangzaib\Desktop\Queue managment\smart-queue-backend\node_modules\express\lib\router\index.js:286:9
    at Function.process_params (C:\Users\Muhammad Aurangzaib\Desktop\Queue managment\smart-queue-backend\node_modules\express\lib\router\index.js:346:12)
    at next (C:\Users\Muhammad Aurangzaib\Desktop\Queue managment\smart-queue-backend\node_modules\express\lib\router\index.js:280:10)
    at internalNext (C:\Users\Muhammad Aurangzaib\Desktop\Queue managment\smart-queue-backend\node_modules\helmet\index.cjs:537:6)
2026-04-23 01:47:20 [error]: Error: CORS: Origin http://192.168.56.1:3000 not allowed
    at origin (C:\Users\Muhammad Aurangzaib\Desktop\Queue managment\smart-queue-backend\server.js:82:18)
    at C:\Users\Muhammad Aurangzaib\Desktop\Queue managment\smart-queue-backend\node_modules\cors\lib\index.js:219:13
    at optionsCallback (C:\Users\Muhammad Aurangzaib\Desktop\Queue managment\smart-queue-backend\node_modules\cors\lib\index.js:199:9)
    at corsMiddleware (C:\Users\Muhammad Aurangzaib\Desktop\Queue managment\smart-queue-backend\node_modules\cors\lib\index.js:204:7)
    at Layer.handle [as handle_request] (C:\Users\Muhammad Aurangzaib\Desktop\Queue managment\smart-queue-backend\node_modules\express\lib\router\layer.js:95:5)
    at trim_prefix (C:\Users\Muhammad Aurangzaib\Desktop\Queue managment\smart-queue-backend\node_modules\express\lib\router\index.js:328:13)
    at C:\Users\Muhammad Aurangzaib\Desktop\Queue managment\smart-queue-backend\node_modules\express\lib\router\index.js:286:9
    at Function.process_params (C:\Users\Muhammad Aurangzaib\Desktop\Queue managment\smart-queue-backend\node_modules\express\lib\router\index.js:346:12)
    at next (C:\Users\Muhammad Aurangzaib\Desktop\Queue managment\smart-queue-backend\node_modules\express\lib\router\index.js:280:10)
    at internalNext (C:\Users\Muhammad Aurangzaib\Desktop\Queue managment\smart-queue-backend\node_modules\helmet\index.cjs:537:6)
2026-04-23 01:47:41 [info]: ✅ Socket.io initialized
2026-04-23 01:47:41 [info]: ✅ MongoDB connected: localhost
2026-04-23 01:47:41 [info]: 
╔══════════════════════════════════════════╗
║   Smart Queue API — Server Started       ║
║   Port    : 5000                           ║
║   Mode    : development                  ║
║   WS      : Socket.io enabled            ║
╚══════════════════════════════════════════╝
    
2026-04-23 01:48:41 [error]: Error: CORS: Origin http://192.168.56.1:3000 not allowed
    at origin (C:\Users\Muhammad Aurangzaib\Desktop\Queue managment\smart-queue-backend\server.js:82:18)
    at C:\Users\Muhammad Aurangzaib\Desktop\Queue managment\smart-queue-backend\node_modules\cors\lib\index.js:219:13
    at optionsCallback (C:\Users\Muhammad Aurangzaib\Desktop\Queue managment\smart-queue-backend\node_modules\cors\lib\index.js:199:9)
    at corsMiddleware (C:\Users\Muhammad Aurangzaib\Desktop\Queue managment\smart-queue-backend\node_modules\cors\lib\index.js:204:7)
    at Layer.handle [as handle_request] (C:\Users\Muhammad Aurangzaib\Desktop\Queue managment\smart-queue-backend\node_modules\express\lib\router\layer.js:95:5)
    at trim_prefix (C:\Users\Muhammad Aurangzaib\Desktop\Queue managment\smart-queue-backend\node_modules\express\lib\router\index.js:328:13)
    at C:\Users\Muhammad Aurangzaib\Desktop\Queue managment\smart-queue-backend\node_modules\express\lib\router\index.js:286:9
    at Function.process_params (C:\Users\Muhammad Aurangzaib\Desktop\Queue managment\smart-queue-backend\node_modules\express\lib\router\index.js:346:12)
    at next (C:\Users\Muhammad Aurangzaib\Desktop\Queue managment\smart-queue-backend\node_modules\express\lib\router\index.js:280:10)
    at internalNext (C:\Users\Muhammad Aurangzaib\Desktop\Queue managment\smart-queue-backend\node_modules\helmet\index.cjs:537:6)
2026-04-23 01:49:08 [error]: Error: CORS: Origin http://192.168.56.1:3000 not allowed
    at origin (C:\Users\Muhammad Aurangzaib\Desktop\Queue managment\smart-queue-backend\server.js:82:18)
    at C:\Users\Muhammad Aurangzaib\Desktop\Queue managment\smart-queue-backend\node_modules\cors\lib\index.js:219:13
    at optionsCallback (C:\Users\Muhammad Aurangzaib\Desktop\Queue managment\smart-queue-backend\node_modules\cors\lib\index.js:199:9)
    at corsMiddleware (C:\Users\Muhammad Aurangzaib\Desktop\Queue managment\smart-queue-backend\node_modules\cors\lib\index.js:204:7)
    at Layer.handle [as handle_request] (C:\Users\Muhammad Aurangzaib\Desktop\Queue managment\smart-queue-backend\node_modules\express\lib\router\layer.js:95:5)
    at trim_prefix (C:\Users\Muhammad Aurangzaib\Desktop\Queue managment\smart-queue-backend\node_modules\express\lib\router\index.js:328:13)
    at C:\Users\Muhammad Aurangzaib\Desktop\Queue managment\smart-queue-backend\node_modules\express\lib\router\index.js:286:9
    at Function.process_params (C:\Users\Muhammad Aurangzaib\Desktop\Queue managment\smart-queue-backend\node_modules\express\lib\router\index.js:346:12)
    at next (C:\Users\Muhammad Aurangzaib\Desktop\Queue managment\smart-queue-backend\node_modules\express\lib\router\index.js:280:10)
    at internalNext (C:\Users\Muhammad Aurangzaib\Desktop\Queue managment\smart-queue-backend\node_modules\helmet\index.cjs:537:6)
2026-04-23 01:49:12 [error]: Error: CORS: Origin http://192.168.56.1:3000 not allowed
    at origin (C:\Users\Muhammad Aurangzaib\Desktop\Queue managment\smart-queue-backend\server.js:82:18)
    at C:\Users\Muhammad Aurangzaib\Desktop\Queue managment\smart-queue-backend\node_modules\cors\lib\index.js:219:13
    at optionsCallback (C:\Users\Muhammad Aurangzaib\Desktop\Queue managment\smart-queue-backend\node_modules\cors\lib\index.js:199:9)
    at corsMiddleware (C:\Users\Muhammad Aurangzaib\Desktop\Queue managment\smart-queue-backend\node_modules\cors\lib\index.js:204:7)
    at Layer.handle [as handle_request] (C:\Users\Muhammad Aurangzaib\Desktop\Queue managment\smart-queue-backend\node_modules\express\lib\router\layer.js:95:5)
    at trim_prefix (C:\Users\Muhammad Aurangzaib\Desktop\Queue managment\smart-queue-backend\node_modules\express\lib\router\index.js:328:13)
    at C:\Users\Muhammad Aurangzaib\Desktop\Queue managment\smart-queue-backend\node_modules\express\lib\router\index.js:286:9
    at Function.process_params (C:\Users\Muhammad Aurangzaib\Desktop\Queue managment\smart-queue-backend\node_modules\express\lib\router\index.js:346:12)
    at next (C:\Users\Muhammad Aurangzaib\Desktop\Queue managment\smart-queue-backend\node_modules\express\lib\router\index.js:280:10)
    at internalNext (C:\Users\Muhammad Aurangzaib\Desktop\Queue managment\smart-queue-backend\node_modules\helmet\index.cjs:537:6)
2026-04-23 01:50:41 [info]: ✅ Socket.io initialized
2026-04-23 01:50:41 [info]: ✅ MongoDB connected: localhost
2026-04-23 01:50:41 [info]: 
╔══════════════════════════════════════════╗
║   Smart Queue API — Server Started       ║
║   Port    : 5000                           ║
║   Mode    : development                  ║
║   WS      : Socket.io enabled            ║
╚══════════════════════════════════════════╝
    
2026-04-23 01:50:44 [error]: Error: CORS: Origin http://192.168.56.1:3000 not allowed
    at origin (C:\Users\Muhammad Aurangzaib\Desktop\Queue managment\smart-queue-backend\server.js:82:18)
    at C:\Users\Muhammad Aurangzaib\Desktop\Queue managment\smart-queue-backend\node_modules\cors\lib\index.js:219:13
    at optionsCallback (C:\Users\Muhammad Aurangzaib\Desktop\Queue managment\smart-queue-backend\node_modules\cors\lib\index.js:199:9)
    at corsMiddleware (C:\Users\Muhammad Aurangzaib\Desktop\Queue managment\smart-queue-backend\node_modules\cors\lib\index.js:204:7)
    at Layer.handle [as handle_request] (C:\Users\Muhammad Aurangzaib\Desktop\Queue managment\smart-queue-backend\node_modules\express\lib\router\layer.js:95:5)
    at trim_prefix (C:\Users\Muhammad Aurangzaib\Desktop\Queue managment\smart-queue-backend\node_modules\express\lib\router\index.js:328:13)
    at C:\Users\Muhammad Aurangzaib\Desktop\Queue managment\smart-queue-backend\node_modules\express\lib\router\index.js:286:9
    at Function.process_params (C:\Users\Muhammad Aurangzaib\Desktop\Queue managment\smart-queue-backend\node_modules\express\lib\router\index.js:346:12)
    at next (C:\Users\Muhammad Aurangzaib\Desktop\Queue managment\smart-queue-backend\node_modules\express\lib\router\index.js:280:10)
    at internalNext (C:\Users\Muhammad Aurangzaib\Desktop\Queue managment\smart-queue-backend\node_modules\helmet\index.cjs:537:6)
2026-04-23 01:50:45 [error]: Error: CORS: Origin http://192.168.56.1:3000 not allowed
    at origin (C:\Users\Muhammad Aurangzaib\Desktop\Queue managment\smart-queue-backend\server.js:82:18)
    at C:\Users\Muhammad Aurangzaib\Desktop\Queue managment\smart-queue-backend\node_modules\cors\lib\index.js:219:13
    at optionsCallback (C:\Users\Muhammad Aurangzaib\Desktop\Queue managment\smart-queue-backend\node_modules\cors\lib\index.js:199:9)
    at corsMiddleware (C:\Users\Muhammad Aurangzaib\Desktop\Queue managment\smart-queue-backend\node_modules\cors\lib\index.js:204:7)
    at Layer.handle [as handle_request] (C:\Users\Muhammad Aurangzaib\Desktop\Queue managment\smart-queue-backend\node_modules\express\lib\router\layer.js:95:5)
    at trim_prefix (C:\Users\Muhammad Aurangzaib\Desktop\Queue managment\smart-queue-backend\node_modules\express\lib\router\index.js:328:13)
    at C:\Users\Muhammad Aurangzaib\Desktop\Queue managment\smart-queue-backend\node_modules\express\lib\router\index.js:286:9
    at Function.process_params (C:\Users\Muhammad Aurangzaib\Desktop\Queue managment\smart-queue-backend\node_modules\express\lib\router\index.js:346:12)
    at next (C:\Users\Muhammad Aurangzaib\Desktop\Queue managment\smart-queue-backend\node_modules\express\lib\router\index.js:280:10)
    at internalNext (C:\Users\Muhammad Aurangzaib\Desktop\Queue managment\smart-queue-backend\node_modules\helmet\index.cjs:537:6)
2026-04-23 01:50:45 [error]: Error: CORS: Origin http://192.168.56.1:3000 not allowed
    at origin (C:\Users\Muhammad Aurangzaib\Desktop\Queue managment\smart-queue-backend\server.js:82:18)
    at C:\Users\Muhammad Aurangzaib\Desktop\Queue managment\smart-queue-backend\node_modules\cors\lib\index.js:219:13
    at optionsCallback (C:\Users\Muhammad Aurangzaib\Desktop\Queue managment\smart-queue-backend\node_modules\cors\lib\index.js:199:9)
    at corsMiddleware (C:\Users\Muhammad Aurangzaib\Desktop\Queue managment\smart-queue-backend\node_modules\cors\lib\index.js:204:7)
    at Layer.handle [as handle_request] (C:\Users\Muhammad Aurangzaib\Desktop\Queue managment\smart-queue-backend\node_modules\express\lib\router\layer.js:95:5)
    at trim_prefix (C:\Users\Muhammad Aurangzaib\Desktop\Queue managment\smart-queue-backend\node_modules\express\lib\router\index.js:328:13)
    at C:\Users\Muhammad Aurangzaib\Desktop\Queue managment\smart-queue-backend\node_modules\express\lib\router\index.js:286:9
    at Function.process_params (C:\Users\Muhammad Aurangzaib\Desktop\Queue managment\smart-queue-backend\node_modules\express\lib\router\index.js:346:12)
    at next (C:\Users\Muhammad Aurangzaib\Desktop\Queue managment\smart-queue-backend\node_modules\express\lib\router\index.js:280:10)
    at internalNext (C:\Users\Muhammad Aurangzaib\Desktop\Queue managment\smart-queue-backend\node_modules\helmet\index.cjs:537:6)
2026-04-23 01:50:45 [error]: Error: CORS: Origin http://192.168.56.1:3000 not allowed
    at origin (C:\Users\Muhammad Aurangzaib\Desktop\Queue managment\smart-queue-backend\server.js:82:18)
    at C:\Users\Muhammad Aurangzaib\Desktop\Queue managment\smart-queue-backend\node_modules\cors\lib\index.js:219:13
    at optionsCallback (C:\Users\Muhammad Aurangzaib\Desktop\Queue managment\smart-queue-backend\node_modules\cors\lib\index.js:199:9)
    at corsMiddleware (C:\Users\Muhammad Aurangzaib\Desktop\Queue managment\smart-queue-backend\node_modules\cors\lib\index.js:204:7)
    at Layer.handle [as handle_request] (C:\Users\Muhammad Aurangzaib\Desktop\Queue managment\smart-queue-backend\node_modules\express\lib\router\layer.js:95:5)
    at trim_prefix (C:\Users\Muhammad Aurangzaib\Desktop\Queue managment\smart-queue-backend\node_modules\express\lib\router\index.js:328:13)
    at C:\Users\Muhammad Aurangzaib\Desktop\Queue managment\smart-queue-backend\node_modules\express\lib\router\index.js:286:9
    at Function.process_params (C:\Users\Muhammad Aurangzaib\Desktop\Queue managment\smart-queue-backend\node_modules\express\lib\router\index.js:346:12)
    at next (C:\Users\Muhammad Aurangzaib\Desktop\Queue managment\smart-queue-backend\node_modules\express\lib\router\index.js:280:10)
    at internalNext (C:\Users\Muhammad Aurangzaib\Desktop\Queue managment\smart-queue-backend\node_modules\helmet\index.cjs:537:6)
2026-04-23 01:51:34 [error]: Error: CORS: Origin http://192.168.56.1:3000 not allowed
    at origin (C:\Users\Muhammad Aurangzaib\Desktop\Queue managment\smart-queue-backend\server.js:82:18)
    at C:\Users\Muhammad Aurangzaib\Desktop\Queue managment\smart-queue-backend\node_modules\cors\lib\index.js:219:13
    at optionsCallback (C:\Users\Muhammad Aurangzaib\Desktop\Queue managment\smart-queue-backend\node_modules\cors\lib\index.js:199:9)
    at corsMiddleware (C:\Users\Muhammad Aurangzaib\Desktop\Queue managment\smart-queue-backend\node_modules\cors\lib\index.js:204:7)
    at Layer.handle [as handle_request] (C:\Users\Muhammad Aurangzaib\Desktop\Queue managment\smart-queue-backend\node_modules\express\lib\router\layer.js:95:5)
    at trim_prefix (C:\Users\Muhammad Aurangzaib\Desktop\Queue managment\smart-queue-backend\node_modules\express\lib\router\index.js:328:13)
    at C:\Users\Muhammad Aurangzaib\Desktop\Queue managment\smart-queue-backend\node_modules\express\lib\router\index.js:286:9
    at Function.process_params (C:\Users\Muhammad Aurangzaib\Desktop\Queue managment\smart-queue-backend\node_modules\express\lib\router\index.js:346:12)
    at next (C:\Users\Muhammad Aurangzaib\Desktop\Queue managment\smart-queue-backend\node_modules\express\lib\router\index.js:280:10)
    at internalNext (C:\Users\Muhammad Aurangzaib\Desktop\Queue managment\smart-queue-backend\node_modules\helmet\index.cjs:537:6)
2026-04-23 01:51:38 [error]: Error: CORS: Origin http://192.168.56.1:3000 not allowed
    at origin (C:\Users\Muhammad Aurangzaib\Desktop\Queue managment\smart-queue-backend\server.js:82:18)
    at C:\Users\Muhammad Aurangzaib\Desktop\Queue managment\smart-queue-backend\node_modules\cors\lib\index.js:219:13
    at optionsCallback (C:\Users\Muhammad Aurangzaib\Desktop\Queue managment\smart-queue-backend\node_modules\cors\lib\index.js:199:9)
    at corsMiddleware (C:\Users\Muhammad Aurangzaib\Desktop\Queue managment\smart-queue-backend\node_modules\cors\lib\index.js:204:7)
    at Layer.handle [as handle_request] (C:\Users\Muhammad Aurangzaib\Desktop\Queue managment\smart-queue-backend\node_modules\express\lib\router\layer.js:95:5)
    at trim_prefix (C:\Users\Muhammad Aurangzaib\Desktop\Queue managment\smart-queue-backend\node_modules\express\lib\router\index.js:328:13)
    at C:\Users\Muhammad Aurangzaib\Desktop\Queue managment\smart-queue-backend\node_modules\express\lib\router\index.js:286:9
    at Function.process_params (C:\Users\Muhammad Aurangzaib\Desktop\Queue managment\smart-queue-backend\node_modules\express\lib\router\index.js:346:12)
    at next (C:\Users\Muhammad Aurangzaib\Desktop\Queue managment\smart-queue-backend\node_modules\express\lib\router\index.js:280:10)
    at internalNext (C:\Users\Muhammad Aurangzaib\Desktop\Queue managment\smart-queue-backend\node_modules\helmet\index.cjs:537:6)
2026-04-23 01:51:40 [error]: Error: CORS: Origin http://192.168.56.1:3000 not allowed
    at origin (C:\Users\Muhammad Aurangzaib\Desktop\Queue managment\smart-queue-backend\server.js:82:18)
    at C:\Users\Muhammad Aurangzaib\Desktop\Queue managment\smart-queue-backend\node_modules\cors\lib\index.js:219:13
    at optionsCallback (C:\Users\Muhammad Aurangzaib\Desktop\Queue managment\smart-queue-backend\node_modules\cors\lib\index.js:199:9)
    at corsMiddleware (C:\Users\Muhammad Aurangzaib\Desktop\Queue managment\smart-queue-backend\node_modules\cors\lib\index.js:204:7)
    at Layer.handle [as handle_request] (C:\Users\Muhammad Aurangzaib\Desktop\Queue managment\smart-queue-backend\node_modules\express\lib\router\layer.js:95:5)
    at trim_prefix (C:\Users\Muhammad Aurangzaib\Desktop\Queue managment\smart-queue-backend\node_modules\express\lib\router\index.js:328:13)
    at C:\Users\Muhammad Aurangzaib\Desktop\Queue managment\smart-queue-backend\node_modules\express\lib\router\index.js:286:9
    at Function.process_params (C:\Users\Muhammad Aurangzaib\Desktop\Queue managment\smart-queue-backend\node_modules\express\lib\router\index.js:346:12)
    at next (C:\Users\Muhammad Aurangzaib\Desktop\Queue managment\smart-queue-backend\node_modules\express\lib\router\index.js:280:10)
    at internalNext (C:\Users\Muhammad Aurangzaib\Desktop\Queue managment\smart-queue-backend\node_modules\helmet\index.cjs:537:6)
2026-04-23 01:51:41 [error]: Error: CORS: Origin http://192.168.56.1:3000 not allowed
    at origin (C:\Users\Muhammad Aurangzaib\Desktop\Queue managment\smart-queue-backend\server.js:82:18)
    at C:\Users\Muhammad Aurangzaib\Desktop\Queue managment\smart-queue-backend\node_modules\cors\lib\index.js:219:13
    at optionsCallback (C:\Users\Muhammad Aurangzaib\Desktop\Queue managment\smart-queue-backend\node_modules\cors\lib\index.js:199:9)
    at corsMiddleware (C:\Users\Muhammad Aurangzaib\Desktop\Queue managment\smart-queue-backend\node_modules\cors\lib\index.js:204:7)
    at Layer.handle [as handle_request] (C:\Users\Muhammad Aurangzaib\Desktop\Queue managment\smart-queue-backend\node_modules\express\lib\router\layer.js:95:5)
    at trim_prefix (C:\Users\Muhammad Aurangzaib\Desktop\Queue managment\smart-queue-backend\node_modules\express\lib\router\index.js:328:13)
    at C:\Users\Muhammad Aurangzaib\Desktop\Queue managment\smart-queue-backend\node_modules\express\lib\router\index.js:286:9
    at Function.process_params (C:\Users\Muhammad Aurangzaib\Desktop\Queue managment\smart-queue-backend\node_modules\express\lib\router\index.js:346:12)
    at next (C:\Users\Muhammad Aurangzaib\Desktop\Queue managment\smart-queue-backend\node_modules\express\lib\router\index.js:280:10)
    at internalNext (C:\Users\Muhammad Aurangzaib\Desktop\Queue managment\smart-queue-backend\node_modules\helmet\index.cjs:537:6)
2026-04-23 01:51:44 [error]: Error: CORS: Origin http://192.168.56.1:3000 not allowed
    at origin (C:\Users\Muhammad Aurangzaib\Desktop\Queue managment\smart-queue-backend\server.js:82:18)
    at C:\Users\Muhammad Aurangzaib\Desktop\Queue managment\smart-queue-backend\node_modules\cors\lib\index.js:219:13
    at optionsCallback (C:\Users\Muhammad Aurangzaib\Desktop\Queue managment\smart-queue-backend\node_modules\cors\lib\index.js:199:9)
    at corsMiddleware (C:\Users\Muhammad Aurangzaib\Desktop\Queue managment\smart-queue-backend\node_modules\cors\lib\index.js:204:7)
    at Layer.handle [as handle_request] (C:\Users\Muhammad Aurangzaib\Desktop\Queue managment\smart-queue-backend\node_modules\express\lib\router\layer.js:95:5)
    at trim_prefix (C:\Users\Muhammad Aurangzaib\Desktop\Queue managment\smart-queue-backend\node_modules\express\lib\router\index.js:328:13)
    at C:\Users\Muhammad Aurangzaib\Desktop\Queue managment\smart-queue-backend\node_modules\express\lib\router\index.js:286:9
    at Function.process_params (C:\Users\Muhammad Aurangzaib\Desktop\Queue managment\smart-queue-backend\node_modules\express\lib\router\index.js:346:12)
    at next (C:\Users\Muhammad Aurangzaib\Desktop\Queue managment\smart-queue-backend\node_modules\express\lib\router\index.js:280:10)
    at internalNext (C:\Users\Muhammad Aurangzaib\Desktop\Queue managment\smart-queue-backend\node_modules\helmet\index.cjs:537:6)
2026-04-23 01:51:44 [error]: Error: CORS: Origin http://192.168.56.1:3000 not allowed
    at origin (C:\Users\Muhammad Aurangzaib\Desktop\Queue managment\smart-queue-backend\server.js:82:18)
    at C:\Users\Muhammad Aurangzaib\Desktop\Queue managment\smart-queue-backend\node_modules\cors\lib\index.js:219:13
    at optionsCallback (C:\Users\Muhammad Aurangzaib\Desktop\Queue managment\smart-queue-backend\node_modules\cors\lib\index.js:199:9)
    at corsMiddleware (C:\Users\Muhammad Aurangzaib\Desktop\Queue managment\smart-queue-backend\node_modules\cors\lib\index.js:204:7)
    at Layer.handle [as handle_request] (C:\Users\Muhammad Aurangzaib\Desktop\Queue managment\smart-queue-backend\node_modules\express\lib\router\layer.js:95:5)
    at trim_prefix (C:\Users\Muhammad Aurangzaib\Desktop\Queue managment\smart-queue-backend\node_modules\express\lib\router\index.js:328:13)
    at C:\Users\Muhammad Aurangzaib\Desktop\Queue managment\smart-queue-backend\node_modules\express\lib\router\index.js:286:9
    at Function.process_params (C:\Users\Muhammad Aurangzaib\Desktop\Queue managment\smart-queue-backend\node_modules\express\lib\router\index.js:346:12)
    at next (C:\Users\Muhammad Aurangzaib\Desktop\Queue managment\smart-queue-backend\node_modules\express\lib\router\index.js:280:10)
    at internalNext (C:\Users\Muhammad Aurangzaib\Desktop\Queue managment\smart-queue-backend\node_modules\helmet\index.cjs:537:6)
2026-04-23 01:51:54 [info]: ✅ Socket.io initialized
2026-04-23 01:51:54 [info]: ✅ MongoDB connected: localhost
2026-04-23 01:52:45 [info]: ✅ Socket.io initialized
2026-04-23 01:52:45 [info]: ✅ MongoDB connected: localhost
2026-04-23 01:52:45 [info]: 
╔══════════════════════════════════════════╗
║   Smart Queue API — Server Started       ║
║   Port    : 5000                           ║
║   Mode    : development                  ║
║   WS      : Socket.io enabled            ║
╚══════════════════════════════════════════╝
    
2026-04-23 01:53:15 [error]: Error: CORS: Origin http://192.168.56.1:3000 not allowed
    at origin (C:\Users\Muhammad Aurangzaib\Desktop\Queue managment\smart-queue-backend\server.js:82:18)
    at C:\Users\Muhammad Aurangzaib\Desktop\Queue managment\smart-queue-backend\node_modules\cors\lib\index.js:219:13
    at optionsCallback (C:\Users\Muhammad Aurangzaib\Desktop\Queue managment\smart-queue-backend\node_modules\cors\lib\index.js:199:9)
    at corsMiddleware (C:\Users\Muhammad Aurangzaib\Desktop\Queue managment\smart-queue-backend\node_modules\cors\lib\index.js:204:7)
    at Layer.handle [as handle_request] (C:\Users\Muhammad Aurangzaib\Desktop\Queue managment\smart-queue-backend\node_modules\express\lib\router\layer.js:95:5)
    at trim_prefix (C:\Users\Muhammad Aurangzaib\Desktop\Queue managment\smart-queue-backend\node_modules\express\lib\router\index.js:328:13)
    at C:\Users\Muhammad Aurangzaib\Desktop\Queue managment\smart-queue-backend\node_modules\express\lib\router\index.js:286:9
    at Function.process_params (C:\Users\Muhammad Aurangzaib\Desktop\Queue managment\smart-queue-backend\node_modules\express\lib\router\index.js:346:12)
    at next (C:\Users\Muhammad Aurangzaib\Desktop\Queue managment\smart-queue-backend\node_modules\express\lib\router\index.js:280:10)
    at internalNext (C:\Users\Muhammad Aurangzaib\Desktop\Queue managment\smart-queue-backend\node_modules\helmet\index.cjs:537:6)
2026-04-23 01:53:56 [http]: ::1 - - [22/Apr/2026:20:53:56 +0000] "GET /favicon.ico HTTP/1.1" 404 63 "http://localhost:3001/" "Mozilla/5.0 (Windows NT 10.0; Win64; x64) AppleWebKit/537.36 (KHTML, like Gecko) Chrome/147.0.0.0 Safari/537.36"
2026-04-23 01:54:19 [error]: Error: CORS: Origin http://localhost:3001 not allowed
    at origin (C:\Users\Muhammad Aurangzaib\Desktop\Queue managment\smart-queue-backend\server.js:82:18)
    at C:\Users\Muhammad Aurangzaib\Desktop\Queue managment\smart-queue-backend\node_modules\cors\lib\index.js:219:13
    at optionsCallback (C:\Users\Muhammad Aurangzaib\Desktop\Queue managment\smart-queue-backend\node_modules\cors\lib\index.js:199:9)
    at corsMiddleware (C:\Users\Muhammad Aurangzaib\Desktop\Queue managment\smart-queue-backend\node_modules\cors\lib\index.js:204:7)
    at Layer.handle [as handle_request] (C:\Users\Muhammad Aurangzaib\Desktop\Queue managment\smart-queue-backend\node_modules\express\lib\router\layer.js:95:5)
    at trim_prefix (C:\Users\Muhammad Aurangzaib\Desktop\Queue managment\smart-queue-backend\node_modules\express\lib\router\index.js:328:13)
    at C:\Users\Muhammad Aurangzaib\Desktop\Queue managment\smart-queue-backend\node_modules\express\lib\router\index.js:286:9
    at Function.process_params (C:\Users\Muhammad Aurangzaib\Desktop\Queue managment\smart-queue-backend\node_modules\express\lib\router\index.js:346:12)
    at next (C:\Users\Muhammad Aurangzaib\Desktop\Queue managment\smart-queue-backend\node_modules\express\lib\router\index.js:280:10)
    at internalNext (C:\Users\Muhammad Aurangzaib\Desktop\Queue managment\smart-queue-backend\node_modules\helmet\index.cjs:537:6)
2026-04-23 01:56:57 [info]: ✅ Socket.io initialized
2026-04-23 01:56:57 [info]: ✅ Socket.io initialized
2026-04-23 01:56:57 [info]: ✅ MongoDB connected: localhost
2026-04-23 01:56:57 [info]: ✅ MongoDB connected: localhost
2026-04-23 02:04:01 [info]: ✅ Socket.io initialized
2026-04-23 02:04:01 [info]: ✅ MongoDB connected: localhost
2026-04-23 02:04:01 [info]: 
╔══════════════════════════════════════════╗
║   Smart Queue API — Server Started       ║
║   Port    : 5000                           ║
║   Mode    : development                  ║
║   WS      : Socket.io enabled            ║
╚══════════════════════════════════════════╝
    
2026-04-23 02:04:31 [info]: New user registered: test1776891870952@example.com (user)
2026-04-23 02:04:31 [http]: ::1 - - [22/Apr/2026:21:04:31 +0000] "POST /api/auth/register HTTP/1.1" 201 497 "-" "-"
2026-04-23 02:04:32 [info]: User logged in: test1776891870952@example.com
2026-04-23 02:04:32 [http]: ::1 - - [22/Apr/2026:21:04:32 +0000] "POST /api/auth/login HTTP/1.1" 200 524 "-" "-"
2026-04-23 02:04:32 [info]: User logged in: test1776891870952@example.com
2026-04-23 02:04:32 [http]: ::1 - - [22/Apr/2026:21:04:32 +0000] "POST /api/auth/login HTTP/1.1" 200 524 "-" "-"
2026-04-23 02:07:28 [http]: ::1 - - [22/Apr/2026:21:07:28 +0000] "POST /api/auth/login HTTP/1.1" 401 56 "-" "-"
2026-04-23 02:08:21 [info]: ✅ Socket.io initialized
2026-04-23 02:08:21 [info]: ✅ Socket.io initialized
2026-04-23 02:08:21 [info]: ✅ MongoDB connected: localhost
2026-04-23 02:08:21 [info]: ✅ MongoDB connected: localhost
2026-04-23 02:08:21 [info]: 
╔══════════════════════════════════════════╗
║   Smart Queue API — Server Started       ║
║   Port    : 5000                           ║
║   Mode    : development                  ║
║   WS      : Socket.io enabled            ║
╚══════════════════════════════════════════╝
    
2026-04-23 02:08:21 [info]: ✅ Socket.io initialized
2026-04-23 02:08:21 [info]: ✅ MongoDB connected: localhost
2026-04-23 02:13:39 [info]: ✅ Socket.io initialized
2026-04-23 02:13:39 [info]: ✅ MongoDB connected: localhost
2026-04-23 02:25:44 [http]: ::1 - - [22/Apr/2026:21:25:44 +0000] "GET /favicon.ico HTTP/1.1" 404 63 "http://192.168.56.1:3001/" "Mozilla/5.0 (Windows NT 10.0; Win64; x64) AppleWebKit/537.36 (KHTML, like Gecko) Chrome/147.0.0.0 Safari/537.36"
2026-04-23 02:26:17 [error]: Error: CORS: Origin http://192.168.56.1:3001 not allowed
    at origin (C:\Users\Muhammad Aurangzaib\Desktop\Queue managment\smart-queue-backend\server.js:82:18)
    at C:\Users\Muhammad Aurangzaib\Desktop\Queue managment\smart-queue-backend\node_modules\cors\lib\index.js:219:13
    at optionsCallback (C:\Users\Muhammad Aurangzaib\Desktop\Queue managment\smart-queue-backend\node_modules\cors\lib\index.js:199:9)
    at corsMiddleware (C:\Users\Muhammad Aurangzaib\Desktop\Queue managment\smart-queue-backend\node_modules\cors\lib\index.js:204:7)
    at Layer.handle [as handle_request] (C:\Users\Muhammad Aurangzaib\Desktop\Queue managment\smart-queue-backend\node_modules\express\lib\router\layer.js:95:5)
    at trim_prefix (C:\Users\Muhammad Aurangzaib\Desktop\Queue managment\smart-queue-backend\node_modules\express\lib\router\index.js:328:13)
    at C:\Users\Muhammad Aurangzaib\Desktop\Queue managment\smart-queue-backend\node_modules\express\lib\router\index.js:286:9
    at Function.process_params (C:\Users\Muhammad Aurangzaib\Desktop\Queue managment\smart-queue-backend\node_modules\express\lib\router\index.js:346:12)
    at next (C:\Users\Muhammad Aurangzaib\Desktop\Queue managment\smart-queue-backend\node_modules\express\lib\router\index.js:280:10)
    at internalNext (C:\Users\Muhammad Aurangzaib\Desktop\Queue managment\smart-queue-backend\node_modules\helmet\index.cjs:537:6)
2026-04-23 02:27:10 [info]: ✅ Socket.io initialized
2026-04-23 02:27:10 [info]: ✅ MongoDB connected: localhost
2026-04-23 02:42:53 [info]: ✅ Socket.io initialized
2026-04-23 02:42:53 [info]: ✅ Socket.io initialized
2026-04-23 02:42:53 [info]: ✅ MongoDB connected: localhost
2026-04-23 02:42:53 [info]: ✅ MongoDB connected: localhost
2026-04-23 02:42:53 [info]: 
╔══════════════════════════════════════════╗
║   Smart Queue API — Server Started       ║
║   Port    : 5000                           ║
║   Mode    : development                  ║
║   WS      : Socket.io enabled            ║
╚══════════════════════════════════════════╝
    
2026-04-27 06:39:03 [info]: ✅ Socket.io initialized
2026-04-27 06:39:04 [info]: ✅ MongoDB connected: localhost
2026-04-27 06:39:04 [info]: 
╔══════════════════════════════════════════╗
║   Smart Queue API — Server Started       ║
║   Port    : 5000                           ║
║   Mode    : development                  ║
║   WS      : Socket.io enabled            ║
╚══════════════════════════════════════════╝
    
2026-04-27 06:41:22 [http]: ::1 - - [27/Apr/2026:01:41:22 +0000] "GET / HTTP/1.1" 404 52 "-" "Mozilla/5.0 (Windows NT 10.0; Win64; x64) AppleWebKit/537.36 (KHTML, like Gecko) Chrome/147.0.0.0 Safari/537.36"
2026-04-27 06:41:22 [http]: ::1 - - [27/Apr/2026:01:41:22 +0000] "GET /favicon.ico HTTP/1.1" 404 63 "-" "Mozilla/5.0 (Windows NT 10.0; Win64; x64) AppleWebKit/537.36 (KHTML, like Gecko) Chrome/147.0.0.0 Safari/537.36"
2026-04-27 06:44:05 [info]: ✅ Socket.io initialized
2026-04-27 06:44:05 [info]: ✅ MongoDB connected: 127.0.0.1
2026-04-27 06:44:05 [info]: 
╔══════════════════════════════════════════╗
║   Smart Queue API — Server Started       ║
║   Port    : 5000                           ║
║   Mode    : development                  ║
║   WS      : Socket.io enabled            ║
╚══════════════════════════════════════════╝
    
2026-04-27 07:28:48 [error]: Error: CORS: Origin http://[::1]:3000 not allowed
    at origin (C:\Users\Muhammad Aurangzaib\Desktop\Queue managment\smart-queue-backend\server.js:82:18)
    at C:\Users\Muhammad Aurangzaib\Desktop\Queue managment\smart-queue-backend\node_modules\cors\lib\index.js:219:13
    at optionsCallback (C:\Users\Muhammad Aurangzaib\Desktop\Queue managment\smart-queue-backend\node_modules\cors\lib\index.js:199:9)
    at corsMiddleware (C:\Users\Muhammad Aurangzaib\Desktop\Queue managment\smart-queue-backend\node_modules\cors\lib\index.js:204:7)
    at Layer.handle [as handle_request] (C:\Users\Muhammad Aurangzaib\Desktop\Queue managment\smart-queue-backend\node_modules\express\lib\router\layer.js:95:5)
    at trim_prefix (C:\Users\Muhammad Aurangzaib\Desktop\Queue managment\smart-queue-backend\node_modules\express\lib\router\index.js:328:13)
    at C:\Users\Muhammad Aurangzaib\Desktop\Queue managment\smart-queue-backend\node_modules\express\lib\router\index.js:286:9
    at Function.process_params (C:\Users\Muhammad Aurangzaib\Desktop\Queue managment\smart-queue-backend\node_modules\express\lib\router\index.js:346:12)
    at next (C:\Users\Muhammad Aurangzaib\Desktop\Queue managment\smart-queue-backend\node_modules\express\lib\router\index.js:280:10)
    at internalNext (C:\Users\Muhammad Aurangzaib\Desktop\Queue managment\smart-queue-backend\node_modules\helmet\index.cjs:537:6)
2026-04-27 07:30:01 [info]: New user registered: test2@example.com (user)
2026-04-27 07:30:11 [http]: ::1 - - [27/Apr/2026:02:30:11 +0000] "POST /api/auth/register HTTP/1.1" 201 487 "http://localhost:3000/" "Mozilla/5.0 (Windows NT 10.0; Win64; x64) AppleWebKit/537.36 (KHTML, like Gecko) Chrome/147.0.0.0 Safari/537.36"
2026-04-27 07:30:25 [http]: ::1 - - [27/Apr/2026:02:30:25 +0000] "GET /api/queue/list HTTP/1.1" 200 1287 "http://localhost:3000/" "Mozilla/5.0 (Windows NT 10.0; Win64; x64) AppleWebKit/537.36 (KHTML, like Gecko) Chrome/147.0.0.0 Safari/537.36"
2026-04-27 07:30:26 [http]: ::1 - - [27/Apr/2026:02:30:26 +0000] "GET /api/queue/69c20d10451b499bca2e692b HTTP/1.1" 200 1890 "http://localhost:3000/" "Mozilla/5.0 (Windows NT 10.0; Win64; x64) AppleWebKit/537.36 (KHTML, like Gecko) Chrome/147.0.0.0 Safari/537.36"
2026-04-27 07:30:27 [debug]: Socket connected: Rx8WcfOUI9_tzXAIAAAB (user: 69eeca102d037e4ced834a8e)
2026-04-27 07:30:27 [debug]: Socket Rx8WcfOUI9_tzXAIAAAB joined queue room: 69c20d10451b499bca2e692b
2026-04-27 07:46:32 [debug]: Socket disconnected: Rx8WcfOUI9_tzXAIAAAB (transport close)
2026-06-14 15:45:12 [info]: ✅ Socket.io initialized
2026-06-14 15:45:12 [info]: ✅ MongoDB connected: 127.0.0.1
2026-06-14 15:45:12 [info]: 
╔══════════════════════════════════════════╗
║   Smart Queue API — Server Started       ║
║   Port    : 5000                           ║
║   Mode    : development                  ║
║   WS      : Socket.io enabled            ║
╚══════════════════════════════════════════╝
    
2026-06-14 15:47:00 [http]: ::1 - - [14/Jun/2026:10:47:00 +0000] "GET /health HTTP/1.1" 200 132 "-" "curl/8.19.0"
2026-06-14 15:50:36 [http]: ::1 - - [14/Jun/2026:10:50:36 +0000] "POST /api/auth/login HTTP/1.1" 401 56 "http://localhost:3000/" "Mozilla/5.0 (Windows NT 10.0; Win64; x64) AppleWebKit/537.36 (KHTML, like Gecko) Chrome/148.0.0.0 Safari/537.36"
2026-06-14 15:50:39 [http]: ::1 - - [14/Jun/2026:10:50:39 +0000] "POST /api/auth/login HTTP/1.1" 401 56 "http://localhost:3000/" "Mozilla/5.0 (Windows NT 10.0; Win64; x64) AppleWebKit/537.36 (KHTML, like Gecko) Chrome/148.0.0.0 Safari/537.36"
2026-06-14 15:50:40 [http]: ::1 - - [14/Jun/2026:10:50:40 +0000] "POST /api/auth/login HTTP/1.1" 401 56 "http://localhost:3000/" "Mozilla/5.0 (Windows NT 10.0; Win64; x64) AppleWebKit/537.36 (KHTML, like Gecko) Chrome/148.0.0.0 Safari/537.36"
2026-06-14 15:50:40 [http]: ::1 - - [14/Jun/2026:10:50:40 +0000] "POST /api/auth/login HTTP/1.1" 401 56 "http://localhost:3000/" "Mozilla/5.0 (Windows NT 10.0; Win64; x64) AppleWebKit/537.36 (KHTML, like Gecko) Chrome/148.0.0.0 Safari/537.36"
2026-06-14 15:50:57 [warn]: [POST /api/auth/register] 409 — Email already exists.
2026-06-14 15:50:57 [http]: ::1 - - [14/Jun/2026:10:50:57 +0000] "POST /api/auth/register HTTP/1.1" 409 51 "http://localhost:3000/" "Mozilla/5.0 (Windows NT 10.0; Win64; x64) AppleWebKit/537.36 (KHTML, like Gecko) Chrome/148.0.0.0 Safari/537.36"
2026-06-14 15:51:05 [info]: New user registered: aurangzaibsial5150987@gmail.com (admin)
2026-06-14 15:51:05 [http]: ::1 - - [14/Jun/2026:10:51:05 +0000] "POST /api/auth/register HTTP/1.1" 201 501 "http://localhost:3000/" "Mozilla/5.0 (Windows NT 10.0; Win64; x64) AppleWebKit/537.36 (KHTML, like Gecko) Chrome/148.0.0.0 Safari/537.36"
2026-06-14 15:51:05 [http]: ::1 - - [14/Jun/2026:10:51:05 +0000] "GET /api/queue/list HTTP/1.1" 200 1287 "http://localhost:3000/" "Mozilla/5.0 (Windows NT 10.0; Win64; x64) AppleWebKit/537.36 (KHTML, like Gecko) Chrome/148.0.0.0 Safari/537.36"
2026-06-14 15:51:05 [http]: ::1 - - [14/Jun/2026:10:51:05 +0000] "GET /api/queue/69c20d10451b499bca2e692b HTTP/1.1" 200 1890 "http://localhost:3000/" "Mozilla/5.0 (Windows NT 10.0; Win64; x64) AppleWebKit/537.36 (KHTML, like Gecko) Chrome/148.0.0.0 Safari/537.36"
2026-06-14 15:51:05 [http]: ::1 - - [14/Jun/2026:10:51:05 +0000] "GET /api/admin/analytics HTTP/1.1" 200 1873 "http://localhost:3000/" "Mozilla/5.0 (Windows NT 10.0; Win64; x64) AppleWebKit/537.36 (KHTML, like Gecko) Chrome/148.0.0.0 Safari/537.36"
2026-06-14 15:51:05 [debug]: Socket connected: o-7Bocz9P4zeZHw6AAAB (user: 6a2e879829480cfe0d020a7d)
2026-06-14 15:51:05 [debug]: Socket o-7Bocz9P4zeZHw6AAAB joined queue room: 69c20d10451b499bca2e692b
2026-06-14 15:54:39 [info]: Token booked: G-010 for aurangzaibsial5150987@gmail.com in queue General Enquiry Queue
2026-06-14 15:54:39 [http]: ::1 - - [14/Jun/2026:10:54:39 +0000] "POST /api/token/book HTTP/1.1" 201 848 "http://localhost:3000/" "Mozilla/5.0 (Windows NT 10.0; Win64; x64) AppleWebKit/537.36 (KHTML, like Gecko) Chrome/148.0.0.0 Safari/537.36"
2026-06-14 15:54:40 [http]: ::1 - - [14/Jun/2026:10:54:40 +0000] "GET /api/queue/69c20d10451b499bca2e692b HTTP/1.1" 200 2477 "http://localhost:3000/" "Mozilla/5.0 (Windows NT 10.0; Win64; x64) AppleWebKit/537.36 (KHTML, like Gecko) Chrome/148.0.0.0 Safari/537.36"
2026-06-14 15:56:20 [http]: ::1 - - [14/Jun/2026:10:56:20 +0000] "POST /api/token/book HTTP/1.1" 409 85 "http://localhost:3000/" "Mozilla/5.0 (Windows NT 10.0; Win64; x64) AppleWebKit/537.36 (KHTML, like Gecko) Chrome/148.0.0.0 Safari/537.36"
2026-06-14 15:56:31 [http]: ::1 - - [14/Jun/2026:10:56:31 +0000] "POST /api/token/book HTTP/1.1" 409 85 "http://localhost:3000/" "Mozilla/5.0 (Windows NT 10.0; Win64; x64) AppleWebKit/537.36 (KHTML, like Gecko) Chrome/148.0.0.0 Safari/537.36"
2026-06-14 15:56:36 [http]: ::1 - - [14/Jun/2026:10:56:36 +0000] "POST /api/token/book HTTP/1.1" 409 85 "http://localhost:3000/" "Mozilla/5.0 (Windows NT 10.0; Win64; x64) AppleWebKit/537.36 (KHTML, like Gecko) Chrome/148.0.0.0 Safari/537.36"
2026-06-14 15:59:21 [http]: ::1 - - [14/Jun/2026:10:59:21 +0000] "POST /api/token/book HTTP/1.1" 409 85 "http://localhost:3000/" "Mozilla/5.0 (Windows NT 10.0; Win64; x64) AppleWebKit/537.36 (KHTML, like Gecko) Chrome/148.0.0.0 Safari/537.36"
2026-06-14 16:01:25 [info]: ✅ Socket.io initialized
2026-06-14 16:01:25 [info]: ✅ MongoDB connected: 127.0.0.1
2026-06-14 16:01:34 [debug]: Socket disconnected: o-7Bocz9P4zeZHw6AAAB (transport close)
2026-06-14 16:01:54 [http]: ::1 - - [14/Jun/2026:11:01:54 +0000] "POST /api/auth/login HTTP/1.1" 401 56 "http://localhost:3000/" "Mozilla/5.0 (Windows NT 10.0; Win64; x64) AppleWebKit/537.36 (KHTML, like Gecko) Chrome/148.0.0.0 Safari/537.36"
2026-06-14 16:02:26 [http]: ::1 - - [14/Jun/2026:11:02:26 +0000] "POST /api/auth/login HTTP/1.1" 401 56 "http://localhost:3000/" "Mozilla/5.0 (Windows NT 10.0; Win64; x64) AppleWebKit/537.36 (KHTML, like Gecko) Chrome/148.0.0.0 Safari/537.36"
2026-06-14 16:02:26 [http]: ::1 - - [14/Jun/2026:11:02:26 +0000] "POST /api/auth/login HTTP/1.1" 401 56 "http://localhost:3000/" "Mozilla/5.0 (Windows NT 10.0; Win64; x64) AppleWebKit/537.36 (KHTML, like Gecko) Chrome/148.0.0.0 Safari/537.36"
2026-06-14 16:02:27 [http]: ::1 - - [14/Jun/2026:11:02:27 +0000] "POST /api/auth/login HTTP/1.1" 401 56 "http://localhost:3000/" "Mozilla/5.0 (Windows NT 10.0; Win64; x64) AppleWebKit/537.36 (KHTML, like Gecko) Chrome/148.0.0.0 Safari/537.36"
2026-06-14 16:02:27 [http]: ::1 - - [14/Jun/2026:11:02:27 +0000] "POST /api/auth/login HTTP/1.1" 429 78 "http://localhost:3000/" "Mozilla/5.0 (Windows NT 10.0; Win64; x64) AppleWebKit/537.36 (KHTML, like Gecko) Chrome/148.0.0.0 Safari/537.36"
2026-06-14 16:02:34 [http]: ::1 - - [14/Jun/2026:11:02:34 +0000] "POST /api/auth/register HTTP/1.1" 429 78 "http://localhost:3000/" "Mozilla/5.0 (Windows NT 10.0; Win64; x64) AppleWebKit/537.36 (KHTML, like Gecko) Chrome/148.0.0.0 Safari/537.36"
2026-06-14 16:02:41 [http]: ::1 - - [14/Jun/2026:11:02:41 +0000] "POST /api/auth/register HTTP/1.1" 429 78 "http://localhost:3000/" "Mozilla/5.0 (Windows NT 10.0; Win64; x64) AppleWebKit/537.36 (KHTML, like Gecko) Chrome/148.0.0.0 Safari/537.36"
2026-06-14 16:02:42 [http]: ::1 - - [14/Jun/2026:11:02:42 +0000] "POST /api/auth/register HTTP/1.1" 429 78 "http://localhost:3000/" "Mozilla/5.0 (Windows NT 10.0; Win64; x64) AppleWebKit/537.36 (KHTML, like Gecko) Chrome/148.0.0.0 Safari/537.36"
2026-06-14 16:10:16 [info]: New user registered: aurangzaibsial51500@gmail.com (admin)
2026-06-14 16:10:16 [http]: ::1 - - [14/Jun/2026:11:10:16 +0000] "POST /api/auth/register HTTP/1.1" 201 494 "http://localhost:3000/" "Mozilla/5.0 (Windows NT 10.0; Win64; x64) AppleWebKit/537.36 (KHTML, like Gecko) Chrome/148.0.0.0 Safari/537.36"
2026-06-14 16:10:16 [http]: ::1 - - [14/Jun/2026:11:10:16 +0000] "GET /api/queue/list HTTP/1.1" 200 1287 "http://localhost:3000/" "Mozilla/5.0 (Windows NT 10.0; Win64; x64) AppleWebKit/537.36 (KHTML, like Gecko) Chrome/148.0.0.0 Safari/537.36"
2026-06-14 16:10:16 [debug]: Socket connected: ZyGYCpeSLSrXm777AAAD (user: 6a2e8c1729480cfe0d020ac1)
2026-06-14 16:10:16 [debug]: Socket ZyGYCpeSLSrXm777AAAD joined queue room: 69c20d10451b499bca2e692b
2026-06-14 16:10:16 [debug]: Socket ZyGYCpeSLSrXm777AAAD joined queue room: 69c20d10451b499bca2e692b
2026-06-14 16:10:16 [http]: ::1 - - [14/Jun/2026:11:10:16 +0000] "GET /api/queue/69c20d10451b499bca2e692b HTTP/1.1" 304 - "http://localhost:3000/" "Mozilla/5.0 (Windows NT 10.0; Win64; x64) AppleWebKit/537.36 (KHTML, like Gecko) Chrome/148.0.0.0 Safari/537.36"
2026-06-14 16:10:16 [http]: ::1 - - [14/Jun/2026:11:10:16 +0000] "GET /api/admin/analytics HTTP/1.1" 200 2007 "http://localhost:3000/" "Mozilla/5.0 (Windows NT 10.0; Win64; x64) AppleWebKit/537.36 (KHTML, like Gecko) Chrome/148.0.0.0 Safari/537.36"
2026-06-14 16:13:29 [info]: Token booked: G-011 for aurangzaibsial51500@gmail.com in queue General Enquiry Queue
2026-06-14 16:13:29 [http]: ::1 - - [14/Jun/2026:11:13:29 +0000] "POST /api/token/book HTTP/1.1" 201 820 "http://localhost:3000/" "Mozilla/5.0 (Windows NT 10.0; Win64; x64) AppleWebKit/537.36 (KHTML, like Gecko) Chrome/148.0.0.0 Safari/537.36"
2026-06-14 16:13:29 [http]: ::1 - - [14/Jun/2026:11:13:29 +0000] "GET /api/queue/69c20d10451b499bca2e692b HTTP/1.1" 200 3038 "http://localhost:3000/" "Mozilla/5.0 (Windows NT 10.0; Win64; x64) AppleWebKit/537.36 (KHTML, like Gecko) Chrome/148.0.0.0 Safari/537.36"
2026-06-14 16:13:53 [http]: ::1 - - [14/Jun/2026:11:13:53 +0000] "GET /api/admin/analytics HTTP/1.1" 200 2037 "http://localhost:3000/" "Mozilla/5.0 (Windows NT 10.0; Win64; x64) AppleWebKit/537.36 (KHTML, like Gecko) Chrome/148.0.0.0 Safari/537.36"
2026-06-14 16:14:00 [debug]: Socket disconnected: ZyGYCpeSLSrXm777AAAD (transport close)
2026-06-15 18:36:33 [info]: ✅ Socket.io initialized
2026-06-15 18:36:33 [error]: ❌ MongoDB connection error (attempt 1): The `uri` parameter to `openUri()` must be a string, got "undefined". Make sure the first parameter to `mongoose.connect()` or `mongoose.createConnection()` is a string.
2026-06-15 18:36:33 [info]: ⏳ Retrying in 5s...
2026-06-15 18:36:33 [error]: MongoDB error: The `uri` parameter to `openUri()` must be a string, got "undefined". Make sure the first parameter to `mongoose.connect()` or `mongoose.createConnection()` is a string.
2026-06-15 18:36:33 [info]: 
╔══════════════════════════════════════════╗
║   Smart Queue API — Server Started       ║
║   Port    : 5000                           ║
║   Mode    : development                  ║
║   WS      : Socket.io enabled            ║
╚══════════════════════════════════════════╝
    
2026-06-15 18:36:38 [error]: ❌ MongoDB connection error (attempt 2): The `uri` parameter to `openUri()` must be a string, got "undefined". Make sure the first parameter to `mongoose.connect()` or `mongoose.createConnection()` is a string.
2026-06-15 18:36:38 [info]: ⏳ Retrying in 5s...
2026-06-15 18:36:38 [error]: MongoDB error: The `uri` parameter to `openUri()` must be a string, got "undefined". Make sure the first parameter to `mongoose.connect()` or `mongoose.createConnection()` is a string.
2026-06-15 18:36:43 [error]: ❌ MongoDB connection error (attempt 3): The `uri` parameter to `openUri()` must be a string, got "undefined". Make sure the first parameter to `mongoose.connect()` or `mongoose.createConnection()` is a string.
2026-06-15 18:36:43 [info]: ⏳ Retrying in 5s...
2026-06-15 18:36:43 [error]: MongoDB error: The `uri` parameter to `openUri()` must be a string, got "undefined". Make sure the first parameter to `mongoose.connect()` or `mongoose.createConnection()` is a string.
2026-06-15 18:36:48 [error]: ❌ MongoDB connection error (attempt 4): The `uri` parameter to `openUri()` must be a string, got "undefined". Make sure the first parameter to `mongoose.connect()` or `mongoose.createConnection()` is a string.
2026-06-15 18:36:48 [info]: ⏳ Retrying in 5s...
2026-06-15 18:36:48 [error]: MongoDB error: The `uri` parameter to `openUri()` must be a string, got "undefined". Make sure the first parameter to `mongoose.connect()` or `mongoose.createConnection()` is a string.
2026-06-15 18:36:53 [error]: ❌ MongoDB connection error (attempt 5): The `uri` parameter to `openUri()` must be a string, got "undefined". Make sure the first parameter to `mongoose.connect()` or `mongoose.createConnection()` is a string.
2026-06-15 18:39:06 [info]: ✅ Socket.io initialized
2026-06-15 18:39:06 [error]: ❌ MongoDB connection error (attempt 1): The `uri` parameter to `openUri()` must be a string, got "undefined". Make sure the first parameter to `mongoose.connect()` or `mongoose.createConnection()` is a string.
2026-06-15 18:39:06 [info]: ⏳ Retrying in 5s...
2026-06-15 18:39:06 [error]: MongoDB error: The `uri` parameter to `openUri()` must be a string, got "undefined". Make sure the first parameter to `mongoose.connect()` or `mongoose.createConnection()` is a string.
2026-06-15 18:39:06 [info]: 
╔══════════════════════════════════════════╗
║   Smart Queue API — Server Started       ║
║   Port    : 5000                           ║
║   Mode    : development                  ║
║   WS      : Socket.io enabled            ║
╚══════════════════════════════════════════╝
    
2026-06-15 18:39:11 [error]: ❌ MongoDB connection error (attempt 2): The `uri` parameter to `openUri()` must be a string, got "undefined". Make sure the first parameter to `mongoose.connect()` or `mongoose.createConnection()` is a string.
2026-06-15 18:39:11 [info]: ⏳ Retrying in 5s...
2026-06-15 18:39:11 [error]: MongoDB error: The `uri` parameter to `openUri()` must be a string, got "undefined". Make sure the first parameter to `mongoose.connect()` or `mongoose.createConnection()` is a string.
2026-06-15 18:39:16 [error]: ❌ MongoDB connection error (attempt 3): The `uri` parameter to `openUri()` must be a string, got "undefined". Make sure the first parameter to `mongoose.connect()` or `mongoose.createConnection()` is a string.
2026-06-15 18:39:16 [info]: ⏳ Retrying in 5s...
2026-06-15 18:39:16 [error]: MongoDB error: The `uri` parameter to `openUri()` must be a string, got "undefined". Make sure the first parameter to `mongoose.connect()` or `mongoose.createConnection()` is a string.
2026-06-15 18:39:21 [error]: ❌ MongoDB connection error (attempt 4): The `uri` parameter to `openUri()` must be a string, got "undefined". Make sure the first parameter to `mongoose.connect()` or `mongoose.createConnection()` is a string.
2026-06-15 18:39:21 [info]: ⏳ Retrying in 5s...
2026-06-15 18:39:21 [error]: MongoDB error: The `uri` parameter to `openUri()` must be a string, got "undefined". Make sure the first parameter to `mongoose.connect()` or `mongoose.createConnection()` is a string.
2026-06-15 18:39:26 [error]: ❌ MongoDB connection error (attempt 5): The `uri` parameter to `openUri()` must be a string, got "undefined". Make sure the first parameter to `mongoose.connect()` or `mongoose.createConnection()` is a string.
2026-06-15 19:00:45 [info]: ✅ Socket.io initialized
2026-06-15 19:00:45 [error]: ❌ MongoDB connection error (attempt 1): The `uri` parameter to `openUri()` must be a string, got "undefined". Make sure the first parameter to `mongoose.connect()` or `mongoose.createConnection()` is a string.
2026-06-15 19:00:45 [info]: ⏳ Retrying in 5s...
2026-06-15 19:00:45 [error]: MongoDB error: The `uri` parameter to `openUri()` must be a string, got "undefined". Make sure the first parameter to `mongoose.connect()` or `mongoose.createConnection()` is a string.
2026-06-15 19:00:45 [info]: 
╔══════════════════════════════════════════╗
║   Smart Queue API — Server Started       ║
║   Port    : 5000                           ║
║   Mode    : development                  ║
║   WS      : Socket.io enabled            ║
╚══════════════════════════════════════════╝
    
2026-06-16 16:59:56 [info]: ✅ Socket.io initialized
2026-06-16 16:59:56 [info]: ✅ MongoDB connected: localhost
2026-06-16 16:59:56 [info]: 
╔══════════════════════════════════════════╗
║   Smart Queue API — Server Started       ║
║   Port    : 5000                           ║
║   Mode    : development                  ║
║   WS      : Socket.io enabled            ║
╚══════════════════════════════════════════╝
    
2026-06-16 17:01:29 [warn]: [POST /api/auth/register] 409 — Email already exists.
2026-06-16 17:01:29 [http]: ::1 - - [16/Jun/2026:12:01:29 +0000] "POST /api/auth/register HTTP/1.1" 409 51 "http://localhost:3000/" "Mozilla/5.0 (Windows NT 10.0; Win64; x64) AppleWebKit/537.36 (KHTML, like Gecko) Chrome/148.0.0.0 Safari/537.36"
2026-06-16 17:02:07 [info]: User logged in: aurangzaibsial51500@gmail.com
2026-06-16 17:02:07 [http]: ::1 - - [16/Jun/2026:12:02:07 +0000] "POST /api/auth/login HTTP/1.1" 200 521 "http://localhost:3000/" "Mozilla/5.0 (Windows NT 10.0; Win64; x64) AppleWebKit/537.36 (KHTML, like Gecko) Chrome/148.0.0.0 Safari/537.36"
2026-06-16 17:02:07 [http]: ::1 - - [16/Jun/2026:12:02:07 +0000] "GET /api/queue/list HTTP/1.1" 200 1287 "http://localhost:3000/" "Mozilla/5.0 (Windows NT 10.0; Win64; x64) AppleWebKit/537.36 (KHTML, like Gecko) Chrome/148.0.0.0 Safari/537.36"
2026-06-16 17:02:07 [http]: ::1 - - [16/Jun/2026:12:02:07 +0000] "GET /api/queue/69c20d10451b499bca2e692b HTTP/1.1" 200 3038 "http://localhost:3000/" "Mozilla/5.0 (Windows NT 10.0; Win64; x64) AppleWebKit/537.36 (KHTML, like Gecko) Chrome/148.0.0.0 Safari/537.36"
2026-06-16 17:02:07 [http]: ::1 - - [16/Jun/2026:12:02:07 +0000] "GET /api/admin/analytics HTTP/1.1" 200 2037 "http://localhost:3000/" "Mozilla/5.0 (Windows NT 10.0; Win64; x64) AppleWebKit/537.36 (KHTML, like Gecko) Chrome/148.0.0.0 Safari/537.36"
2026-06-16 17:02:07 [debug]: Socket connected: CTpuiHuRr45wSyfLAAAB (user: 6a2e8c1729480cfe0d020ac1)
2026-06-16 17:02:07 [debug]: Socket CTpuiHuRr45wSyfLAAAB joined queue room: 69c20d10451b499bca2e692b
2026-06-16 17:02:23 [http]: ::1 - - [16/Jun/2026:12:02:23 +0000] "GET /api/admin/analytics HTTP/1.1" 304 - "http://localhost:3000/" "Mozilla/5.0 (Windows NT 10.0; Win64; x64) AppleWebKit/537.36 (KHTML, like Gecko) Chrome/148.0.0.0 Safari/537.36"
2026-06-16 17:03:02 [http]: ::1 - - [16/Jun/2026:12:03:02 +0000] "POST /api/token/book HTTP/1.1" 409 85 "http://localhost:3000/" "Mozilla/5.0 (Windows NT 10.0; Win64; x64) AppleWebKit/537.36 (KHTML, like Gecko) Chrome/148.0.0.0 Safari/537.36"
2026-06-16 17:03:18 [http]: ::1 - - [16/Jun/2026:12:03:18 +0000] "POST /api/token/book HTTP/1.1" 409 85 "http://localhost:3000/" "Mozilla/5.0 (Windows NT 10.0; Win64; x64) AppleWebKit/537.36 (KHTML, like Gecko) Chrome/148.0.0.0 Safari/537.36"
2026-06-16 17:03:31 [http]: ::1 - - [16/Jun/2026:12:03:31 +0000] "GET /api/admin/analytics HTTP/1.1" 304 - "http://localhost:3000/" "Mozilla/5.0 (Windows NT 10.0; Win64; x64) AppleWebKit/537.36 (KHTML, like Gecko) Chrome/148.0.0.0 Safari/537.36"
2026-06-16 17:05:44 [http]: ::1 - - [16/Jun/2026:12:05:44 +0000] "GET /api/admin/analytics HTTP/1.1" 304 - "http://localhost:3000/" "Mozilla/5.0 (Windows NT 10.0; Win64; x64) AppleWebKit/537.36 (KHTML, like Gecko) Chrome/148.0.0.0 Safari/537.36"
2026-06-16 17:07:06 [debug]: Socket disconnected: CTpuiHuRr45wSyfLAAAB (client namespace disconnect)
2026-06-16 17:28:33 [info]: ✅ Socket.io initialized
2026-06-16 17:28:33 [info]: ✅ MongoDB connected: localhost
2026-06-16 17:28:33 [info]: 
╔══════════════════════════════════════════╗
║   Smart Queue API — Server Started       ║
║   Port    : 5000                           ║
║   Mode    : development                  ║
║   WS      : Socket.io enabled            ║
╚══════════════════════════════════════════╝
    
2026-06-16 17:28:53 [info]: ✅ Socket.io initialized
2026-06-16 17:28:53 [info]: ✅ MongoDB connected: localhost
2026-06-16 17:28:53 [info]: 
╔══════════════════════════════════════════╗
║   Smart Queue API — Server Started       ║
║   Port    : 5000                           ║
║   Mode    : development                  ║
║   WS      : Socket.io enabled            ║
╚══════════════════════════════════════════╝
    
2026-06-16 17:29:04 [info]: ✅ Socket.io initialized
2026-06-16 17:29:04 [info]: ✅ MongoDB connected: localhost
2026-06-16 17:29:04 [info]: 
╔══════════════════════════════════════════╗
║   Smart Queue API — Server Started       ║
║   Port    : 5000                           ║
║   Mode    : development                  ║
║   WS      : Socket.io enabled            ║
╚══════════════════════════════════════════╝
    
2026-06-16 17:29:06 [info]: ✅ Socket.io initialized
2026-06-16 17:29:06 [info]: ✅ MongoDB connected: localhost
2026-06-16 17:29:06 [info]: 
╔══════════════════════════════════════════╗
║   Smart Queue API — Server Started       ║
║   Port    : 5000                           ║
║   Mode    : development                  ║
║   WS      : Socket.io enabled            ║
╚══════════════════════════════════════════╝
    
2026-06-16 17:29:08 [info]: ✅ Socket.io initialized
2026-06-16 17:29:08 [info]: ✅ MongoDB connected: localhost
2026-06-16 17:29:08 [info]: 
╔══════════════════════════════════════════╗
║   Smart Queue API — Server Started       ║
║   Port    : 5000                           ║
║   Mode    : development                  ║
║   WS      : Socket.io enabled            ║
╚══════════════════════════════════════════╝
    
2026-06-16 17:29:10 [info]: ✅ Socket.io initialized
2026-06-16 17:29:10 [info]: ✅ MongoDB connected: localhost
2026-06-16 17:29:10 [info]: 
╔══════════════════════════════════════════╗
║   Smart Queue API — Server Started       ║
║   Port    : 5000                           ║
║   Mode    : development                  ║
║   WS      : Socket.io enabled            ║
╚══════════════════════════════════════════╝
    
2026-06-16 17:29:12 [info]: ✅ Socket.io initialized
2026-06-16 17:29:12 [info]: ✅ MongoDB connected: localhost
2026-06-16 17:29:12 [info]: 
╔══════════════════════════════════════════╗
║   Smart Queue API — Server Started       ║
║   Port    : 5000                           ║
║   Mode    : development                  ║
║   WS      : Socket.io enabled            ║
╚══════════════════════════════════════════╝
    
2026-06-16 17:29:14 [info]: ✅ Socket.io initialized
2026-06-16 17:29:14 [info]: ✅ MongoDB connected: localhost
2026-06-16 17:29:14 [info]: 
╔══════════════════════════════════════════╗
║   Smart Queue API — Server Started       ║
║   Port    : 5000                           ║
║   Mode    : development                  ║
║   WS      : Socket.io enabled            ║
╚══════════════════════════════════════════╝
    
2026-06-16 17:29:39 [info]: ✅ Socket.io initialized
2026-06-16 17:29:39 [info]: ✅ MongoDB connected: localhost
2026-06-16 17:29:39 [info]: 
╔══════════════════════════════════════════╗
║   Smart Queue API — Server Started       ║
║   Port    : 5000                           ║
║   Mode    : development                  ║
║   WS      : Socket.io enabled            ║
╚══════════════════════════════════════════╝
    
2026-06-16 17:29:41 [info]: ✅ Socket.io initialized
2026-06-16 17:29:41 [info]: ✅ MongoDB connected: localhost
2026-06-16 17:29:41 [info]: 
╔══════════════════════════════════════════╗
║   Smart Queue API — Server Started       ║
║   Port    : 5000                           ║
║   Mode    : development                  ║
║   WS      : Socket.io enabled            ║
╚══════════════════════════════════════════╝
    
2026-06-16 17:30:00 [info]: ✅ Socket.io initialized
2026-06-16 17:30:00 [info]: ✅ MongoDB connected: localhost
2026-06-16 17:30:00 [info]: 
╔══════════════════════════════════════════╗
║   Smart Queue API — Server Started       ║
║   Port    : 5000                           ║
║   Mode    : development                  ║
║   WS      : Socket.io enabled            ║
╚══════════════════════════════════════════╝
    
2026-06-16 17:30:02 [info]: ✅ Socket.io initialized
2026-06-16 17:30:02 [info]: ✅ MongoDB connected: localhost
2026-06-16 17:30:02 [info]: 
╔══════════════════════════════════════════╗
║   Smart Queue API — Server Started       ║
║   Port    : 5000                           ║
║   Mode    : development                  ║
║   WS      : Socket.io enabled            ║
╚══════════════════════════════════════════╝
    
2026-06-16 17:30:08 [info]: ✅ Socket.io initialized
2026-06-16 17:30:08 [info]: ✅ MongoDB connected: localhost
2026-06-16 17:30:08 [info]: 
╔══════════════════════════════════════════╗
║   Smart Queue API — Server Started       ║
║   Port    : 5000                           ║
║   Mode    : development                  ║
║   WS      : Socket.io enabled            ║
╚══════════════════════════════════════════╝
    
2026-06-16 17:30:14 [info]: ✅ Socket.io initialized
2026-06-16 17:30:14 [info]: ✅ MongoDB connected: localhost
2026-06-16 17:30:14 [info]: 
╔══════════════════════════════════════════╗
║   Smart Queue API — Server Started       ║
║   Port    : 5000                           ║
║   Mode    : development                  ║
║   WS      : Socket.io enabled            ║
╚══════════════════════════════════════════╝
    
2026-06-16 17:30:20 [info]: ✅ Socket.io initialized
2026-06-16 17:30:20 [info]: ✅ MongoDB connected: localhost
2026-06-16 17:30:20 [info]: 
╔══════════════════════════════════════════╗
║   Smart Queue API — Server Started       ║
║   Port    : 5000                           ║
║   Mode    : development                  ║
║   WS      : Socket.io enabled            ║
╚══════════════════════════════════════════╝
    
2026-06-16 17:30:25 [info]: ✅ Socket.io initialized
2026-06-16 17:30:25 [info]: ✅ MongoDB connected: localhost
2026-06-16 17:30:25 [info]: 
╔══════════════════════════════════════════╗
║   Smart Queue API — Server Started       ║
║   Port    : 5000                           ║
║   Mode    : development                  ║
║   WS      : Socket.io enabled            ║
╚══════════════════════════════════════════╝
    
2026-06-16 17:30:29 [info]: ✅ Socket.io initialized
2026-06-16 17:30:29 [info]: ✅ MongoDB connected: localhost
2026-06-16 17:30:29 [info]: 
╔══════════════════════════════════════════╗
║   Smart Queue API — Server Started       ║
║   Port    : 5000                           ║
║   Mode    : development                  ║
║   WS      : Socket.io enabled            ║
╚══════════════════════════════════════════╝
    
2026-06-16 17:35:56 [info]: ✅ Socket.io initialized
2026-06-16 17:35:56 [info]: ✅ MongoDB connected: localhost
2026-06-16 17:35:56 [info]: 
╔══════════════════════════════════════════╗
║   Smart Queue API — Server Started       ║
║   Port    : 5000                           ║
║   Mode    : development                  ║
║   WS      : Socket.io enabled            ║
╚══════════════════════════════════════════╝
    
2026-06-16 17:38:20 [info]: ✅ Socket.io initialized
2026-06-16 17:38:20 [info]: ✅ MongoDB connected: localhost
2026-06-16 17:40:31 [info]: User logged in: aurangzaibsial51500@gmail.com
2026-06-16 17:40:31 [http]: ::1 - - [16/Jun/2026:12:40:31 +0000] "POST /api/auth/login HTTP/1.1" 200 539 "http://localhost:3000/" "Mozilla/5.0 (Windows NT 10.0; Win64; x64) AppleWebKit/537.36 (KHTML, like Gecko) Chrome/148.0.0.0 Safari/537.36"
2026-06-16 17:40:31 [http]: ::1 - - [16/Jun/2026:12:40:31 +0000] "GET /api/queue/list HTTP/1.1" 400 56 "http://localhost:3000/" "Mozilla/5.0 (Windows NT 10.0; Win64; x64) AppleWebKit/537.36 (KHTML, like Gecko) Chrome/148.0.0.0 Safari/537.36"
2026-06-16 17:40:31 [debug]: Socket connected: S14Y11vgAcjow74_AAAB (user: 6a2e8c1729480cfe0d020ac1)
2026-06-16 17:40:38 [http]: ::1 - - [16/Jun/2026:12:40:38 +0000] "GET /api/admin/analytics HTTP/1.1" 304 - "http://localhost:3000/" "Mozilla/5.0 (Windows NT 10.0; Win64; x64) AppleWebKit/537.36 (KHTML, like Gecko) Chrome/148.0.0.0 Safari/537.36"
2026-06-16 17:41:21 [http]: ::1 - - [16/Jun/2026:12:41:21 +0000] "GET /api/admin/analytics HTTP/1.1" 304 - "http://localhost:3000/" "Mozilla/5.0 (Windows NT 10.0; Win64; x64) AppleWebKit/537.36 (KHTML, like Gecko) Chrome/148.0.0.0 Safari/537.36"
2026-06-16 17:41:25 [http]: ::1 - - [16/Jun/2026:12:41:25 +0000] "GET /api/admin/analytics HTTP/1.1" 304 - "http://localhost:3000/" "Mozilla/5.0 (Windows NT 10.0; Win64; x64) AppleWebKit/537.36 (KHTML, like Gecko) Chrome/148.0.0.0 Safari/537.36"
2026-06-16 17:41:26 [http]: ::1 - - [16/Jun/2026:12:41:26 +0000] "GET /api/admin/analytics HTTP/1.1" 304 - "http://localhost:3000/" "Mozilla/5.0 (Windows NT 10.0; Win64; x64) AppleWebKit/537.36 (KHTML, like Gecko) Chrome/148.0.0.0 Safari/537.36"
2026-06-16 17:41:48 [debug]: Socket disconnected: S14Y11vgAcjow74_AAAB (transport close)
2026-06-16 17:46:36 [info]: ✅ Socket.io initialized
2026-06-16 17:46:36 [info]: ✅ Socket.io initialized
2026-06-16 17:46:37 [info]: ✅ MongoDB connected: localhost
2026-06-16 17:46:37 [info]: ✅ MongoDB connected: localhost
2026-06-16 17:46:37 [info]: 
╔══════════════════════════════════════════╗
║   Smart Queue API — Server Started       ║
║   Port    : 5000                           ║
║   Mode    : development                  ║
║   WS      : Socket.io enabled            ║
╚══════════════════════════════════════════╝
    
2026-06-16 17:47:04 [info]: ✅ Socket.io initialized
2026-06-16 17:47:04 [info]: ✅ Socket.io initialized
2026-06-16 17:47:04 [info]: ✅ MongoDB connected: localhost
2026-06-16 17:47:04 [info]: 
╔══════════════════════════════════════════╗
║   Smart Queue API — Server Started       ║
║   Port    : 5000                           ║
║   Mode    : development                  ║
║   WS      : Socket.io enabled            ║
╚══════════════════════════════════════════╝
    
2026-06-16 17:47:04 [info]: ✅ MongoDB connected: localhost
2026-06-16 17:47:20 [info]: ✅ Socket.io initialized
2026-06-16 17:47:20 [info]: ✅ MongoDB connected: localhost
2026-06-16 17:47:20 [info]: 
╔══════════════════════════════════════════╗
║   Smart Queue API — Server Started       ║
║   Port    : 5000                           ║
║   Mode    : development                  ║
║   WS      : Socket.io enabled            ║
╚══════════════════════════════════════════╝
    
2026-06-16 17:47:20 [info]: ✅ Socket.io initialized
2026-06-16 17:47:20 [info]: ✅ MongoDB connected: localhost
2026-06-16 17:47:46 [info]: ✅ Socket.io initialized
2026-06-16 17:47:46 [info]: ✅ Socket.io initialized
2026-06-16 17:47:46 [info]: ✅ MongoDB connected: localhost
2026-06-16 17:47:46 [info]: ✅ MongoDB connected: localhost
2026-06-16 17:47:46 [info]: 
╔══════════════════════════════════════════╗
║   Smart Queue API — Server Started       ║
║   Port    : 5000                           ║
║   Mode    : development                  ║
║   WS      : Socket.io enabled            ║
╚══════════════════════════════════════════╝
    
2026-06-16 17:48:07 [info]: ✅ Socket.io initialized
2026-06-16 17:48:07 [info]: ✅ MongoDB connected: localhost
2026-06-16 17:48:07 [info]: 
╔══════════════════════════════════════════╗
║   Smart Queue API — Server Started       ║
║   Port    : 5000                           ║
║   Mode    : development                  ║
║   WS      : Socket.io enabled            ║
╚══════════════════════════════════════════╝
    
2026-06-16 17:48:07 [info]: ✅ Socket.io initialized
2026-06-16 17:48:07 [info]: ✅ MongoDB connected: localhost
2026-06-16 17:48:45 [info]: ✅ Socket.io initialized
2026-06-16 17:48:45 [info]: ✅ MongoDB connected: localhost
2026-06-16 17:49:46 [info]: User logged in: aurangzaibsial51500@gmail.com
2026-06-16 17:49:46 [http]: ::1 - - [16/Jun/2026:12:49:46 +0000] "POST /api/auth/login HTTP/1.1" 200 539 "http://localhost:3000/" "Mozilla/5.0 (Windows NT 10.0; Win64; x64) AppleWebKit/537.36 (KHTML, like Gecko) Chrome/148.0.0.0 Safari/537.36"
2026-06-16 17:49:46 [http]: ::1 - - [16/Jun/2026:12:49:46 +0000] "GET /api/queue/list HTTP/1.1" 400 56 "http://localhost:3000/" "Mozilla/5.0 (Windows NT 10.0; Win64; x64) AppleWebKit/537.36 (KHTML, like Gecko) Chrome/148.0.0.0 Safari/537.36"
2026-06-16 17:49:46 [debug]: Socket connected: fOUIplZeKdSH9GNsAAAB (user: 6a2e8c1729480cfe0d020ac1)
2026-06-16 17:50:17 [debug]: Socket disconnected: fOUIplZeKdSH9GNsAAAB (transport close)
2026-06-16 17:57:12 [info]: ✅ Socket.io initialized
2026-06-16 17:57:12 [info]: ✅ Socket.io initialized
2026-06-16 17:57:12 [info]: ✅ MongoDB connected: localhost
2026-06-16 17:57:12 [info]: ✅ MongoDB connected: localhost
2026-06-16 17:57:12 [info]: 
╔══════════════════════════════════════════╗
║   Smart Queue API — Server Started       ║
║   Port    : 5000                           ║
║   Mode    : development                  ║
║   WS      : Socket.io enabled            ║
╚══════════════════════════════════════════╝
    
2026-06-16 17:58:06 [info]: ✅ Socket.io initialized
2026-06-16 17:58:06 [info]: ✅ MongoDB connected: localhost
2026-06-16 17:58:06 [info]: 
╔══════════════════════════════════════════╗
║   Smart Queue API — Server Started       ║
║   Port    : 5000                           ║
║   Mode    : development                  ║
║   WS      : Socket.io enabled            ║
╚══════════════════════════════════════════╝
    
2026-06-16 17:58:07 [info]: ✅ Socket.io initialized
2026-06-16 17:58:07 [info]: ✅ MongoDB connected: localhost
2026-06-16 17:59:36 [http]: ::1 - - [16/Jun/2026:12:59:36 +0000] "POST /api/auth/login HTTP/1.1" 401 56 "http://localhost:3000/" "Mozilla/5.0 (Windows NT 10.0; Win64; x64) AppleWebKit/537.36 (KHTML, like Gecko) Chrome/148.0.0.0 Safari/537.36"
2026-06-16 17:59:50 [info]: ✅ Socket.io initialized
2026-06-16 17:59:50 [info]: ✅ MongoDB connected: localhost
2026-06-16 17:59:59 [http]: ::1 - - [16/Jun/2026:12:59:59 +0000] "POST /api/auth/login HTTP/1.1" 401 56 "http://localhost:3000/" "Mozilla/5.0 (Windows NT 10.0; Win64; x64) AppleWebKit/537.36 (KHTML, like Gecko) Chrome/148.0.0.0 Safari/537.36"
2026-06-16 18:00:36 [http]: ::1 - - [16/Jun/2026:13:00:36 +0000] "POST /api/auth/login HTTP/1.1" 401 56 "http://localhost:3000/" "Mozilla/5.0 (Windows NT 10.0; Win64; x64) AppleWebKit/537.36 (KHTML, like Gecko) Chrome/148.0.0.0 Safari/537.36"
2026-06-16 18:00:43 [info]: User logged in: aurangzaibsial51500@gmail.com
2026-06-16 18:00:43 [http]: ::1 - - [16/Jun/2026:13:00:43 +0000] "POST /api/auth/login HTTP/1.1" 200 539 "http://localhost:3000/" "Mozilla/5.0 (Windows NT 10.0; Win64; x64) AppleWebKit/537.36 (KHTML, like Gecko) Chrome/148.0.0.0 Safari/537.36"
2026-06-16 18:00:44 [http]: ::1 - - [16/Jun/2026:13:00:44 +0000] "GET /api/queue/list HTTP/1.1" 200 115 "http://localhost:3000/" "Mozilla/5.0 (Windows NT 10.0; Win64; x64) AppleWebKit/537.36 (KHTML, like Gecko) Chrome/148.0.0.0 Safari/537.36"
2026-06-16 18:00:44 [http]: ::1 - - [16/Jun/2026:13:00:44 +0000] "POST /api/queue/create HTTP/1.1" 422 124 "http://localhost:3000/" "Mozilla/5.0 (Windows NT 10.0; Win64; x64) AppleWebKit/537.36 (KHTML, like Gecko) Chrome/148.0.0.0 Safari/537.36"
2026-06-16 18:00:44 [debug]: Socket connected: HJGb6dVsVbo2iYtnAAAB (user: 6a2e8c1729480cfe0d020ac1)
2026-06-16 18:01:00 [http]: ::1 - - [16/Jun/2026:13:01:00 +0000] "GET /api/admin/analytics HTTP/1.1" 200 1420 "http://localhost:3000/" "Mozilla/5.0 (Windows NT 10.0; Win64; x64) AppleWebKit/537.36 (KHTML, like Gecko) Chrome/148.0.0.0 Safari/537.36"
2026-06-16 18:01:01 [debug]: Socket disconnected: HJGb6dVsVbo2iYtnAAAB (client namespace disconnect)
2026-06-16 18:02:04 [http]: ::1 - - [16/Jun/2026:13:02:04 +0000] "GET /api/queue/list HTTP/1.1" 200 115 "-" "Mozilla/5.0 (Windows NT; Windows NT 10.0; en-US) WindowsPowerShell/5.1.26100.8655"
2026-06-16 18:02:34 [http]: ::1 - - [16/Jun/2026:13:02:34 +0000] "POST /api/auth/login HTTP/1.1" 401 56 "http://localhost:3000/" "Mozilla/5.0 (Windows NT 10.0; Win64; x64) AppleWebKit/537.36 (KHTML, like Gecko) Chrome/148.0.0.0 Safari/537.36"
2026-06-16 18:03:08 [http]: ::1 - - [16/Jun/2026:13:03:08 +0000] "GET /api/queue/list HTTP/1.1" 200 115 "-" "Mozilla/5.0 (Windows NT; Windows NT 10.0; en-US) WindowsPowerShell/5.1.26100.8655"
2026-06-16 18:04:15 [info]: ✅ Socket.io initialized
2026-06-16 18:04:15 [info]: ✅ Socket.io initialized
2026-06-16 18:04:15 [info]: ✅ MongoDB connected: localhost
2026-06-16 18:04:15 [info]: ✅ MongoDB connected: localhost
2026-06-16 18:04:15 [info]: 
╔══════════════════════════════════════════╗
║   Smart Queue API — Server Started       ║
║   Port    : 5000                           ║
║   Mode    : development                  ║
║   WS      : Socket.io enabled            ║
╚══════════════════════════════════════════╝
    
2026-06-16 18:04:51 [http]: ::1 - - [16/Jun/2026:13:04:51 +0000] "GET /api/queue/list HTTP/1.1" 200 1367 "-" "Mozilla/5.0 (Windows NT; Windows NT 10.0; en-US) WindowsPowerShell/5.1.26100.8655"
2026-06-16 18:05:50 [http]: ::1 - - [16/Jun/2026:13:05:50 +0000] "POST /api/auth/login HTTP/1.1" 401 56 "http://localhost:3000/" "Mozilla/5.0 (Windows NT 10.0; Win64; x64) AppleWebKit/537.36 (KHTML, like Gecko) Chrome/148.0.0.0 Safari/537.36"
2026-06-16 18:06:02 [info]: User logged in: aurangzaibsial51500@gmail.com
2026-06-16 18:06:02 [http]: ::1 - - [16/Jun/2026:13:06:02 +0000] "POST /api/auth/login HTTP/1.1" 200 561 "http://localhost:3000/" "Mozilla/5.0 (Windows NT 10.0; Win64; x64) AppleWebKit/537.36 (KHTML, like Gecko) Chrome/148.0.0.0 Safari/537.36"
2026-06-16 18:06:02 [http]: ::1 - - [16/Jun/2026:13:06:02 +0000] "GET /api/queue/list HTTP/1.1" 200 1367 "http://localhost:3000/" "Mozilla/5.0 (Windows NT 10.0; Win64; x64) AppleWebKit/537.36 (KHTML, like Gecko) Chrome/148.0.0.0 Safari/537.36"
2026-06-16 18:06:02 [debug]: Socket connected: o1PQWasoUl8SVTqfAAAB (user: 6a2e8c1729480cfe0d020ac1)
2026-06-16 18:06:02 [debug]: Socket o1PQWasoUl8SVTqfAAAB joined queue room: 69c20d10451b499bca2e692b
2026-06-16 18:06:02 [error]: Error sending queue snapshot: Queue is not defined
2026-06-16 18:06:02 [http]: ::1 - - [16/Jun/2026:13:06:02 +0000] "GET /api/queue/69c20d10451b499bca2e692b HTTP/1.1" 200 3238 "http://localhost:3000/" "Mozilla/5.0 (Windows NT 10.0; Win64; x64) AppleWebKit/537.36 (KHTML, like Gecko) Chrome/148.0.0.0 Safari/537.36"
2026-06-16 18:06:02 [http]: ::1 - - [16/Jun/2026:13:06:02 +0000] "GET /api/admin/analytics HTTP/1.1" 200 2037 "http://localhost:3000/" "Mozilla/5.0 (Windows NT 10.0; Win64; x64) AppleWebKit/537.36 (KHTML, like Gecko) Chrome/148.0.0.0 Safari/537.36"
2026-06-16 18:06:17 [http]: ::1 - - [16/Jun/2026:13:06:17 +0000] "POST /api/token/book HTTP/1.1" 409 85 "http://localhost:3000/" "Mozilla/5.0 (Windows NT 10.0; Win64; x64) AppleWebKit/537.36 (KHTML, like Gecko) Chrome/148.0.0.0 Safari/537.36"
2026-06-16 18:06:22 [http]: ::1 - - [16/Jun/2026:13:06:22 +0000] "POST /api/token/book HTTP/1.1" 409 85 "http://localhost:3000/" "Mozilla/5.0 (Windows NT 10.0; Win64; x64) AppleWebKit/537.36 (KHTML, like Gecko) Chrome/148.0.0.0 Safari/537.36"
2026-06-16 18:06:31 [http]: ::1 - - [16/Jun/2026:13:06:31 +0000] "POST /api/token/book HTTP/1.1" 409 85 "http://localhost:3000/" "Mozilla/5.0 (Windows NT 10.0; Win64; x64) AppleWebKit/537.36 (KHTML, like Gecko) Chrome/148.0.0.0 Safari/537.36"
2026-06-16 18:06:34 [http]: ::1 - - [16/Jun/2026:13:06:34 +0000] "POST /api/token/book HTTP/1.1" 409 85 "http://localhost:3000/" "Mozilla/5.0 (Windows NT 10.0; Win64; x64) AppleWebKit/537.36 (KHTML, like Gecko) Chrome/148.0.0.0 Safari/537.36"
2026-06-16 18:06:40 [debug]: Socket disconnected: o1PQWasoUl8SVTqfAAAB (client namespace disconnect)
2026-06-16 18:06:46 [http]: ::1 - - [16/Jun/2026:13:06:46 +0000] "POST /api/auth/login HTTP/1.1" 401 56 "http://localhost:3000/" "Mozilla/5.0 (Windows NT 10.0; Win64; x64) AppleWebKit/537.36 (KHTML, like Gecko) Chrome/148.0.0.0 Safari/537.36"
2026-06-16 18:06:59 [http]: ::1 - - [16/Jun/2026:13:06:59 +0000] "POST /api/auth/login HTTP/1.1" 401 56 "http://localhost:3000/" "Mozilla/5.0 (Windows NT 10.0; Win64; x64) AppleWebKit/537.36 (KHTML, like Gecko) Chrome/148.0.0.0 Safari/537.36"
2026-06-16 18:07:01 [http]: ::1 - - [16/Jun/2026:13:07:01 +0000] "POST /api/auth/login HTTP/1.1" 401 56 "http://localhost:3000/" "Mozilla/5.0 (Windows NT 10.0; Win64; x64) AppleWebKit/537.36 (KHTML, like Gecko) Chrome/148.0.0.0 Safari/537.36"
2026-06-29 15:28:35 [info]: ✅ Socket.io initialized
2026-06-29 15:28:35 [info]: ✅ MongoDB connected: localhost
2026-06-29 15:28:35 [info]: 
╔══════════════════════════════════════════╗
║   Smart Queue API — Server Started       ║
║   Port    : 5000                           ║
║   Mode    : development                  ║
║   WS      : Socket.io enabled            ║
╚══════════════════════════════════════════╝
    
2026-06-29 15:33:15 [info]: ✅ Socket.io initialized
2026-06-29 15:33:15 [info]: ✅ MongoDB connected: localhost
2026-06-29 15:41:55 [error]: Error: CORS: Origin http://[::1]:3001 not allowed
    at origin (C:\Users\Muhammad Aurangzaib\Desktop\Queuemanagment2\Queue-mangment\smart-queue-backend\server.js:83:18)
    at C:\Users\Muhammad Aurangzaib\Desktop\Queuemanagment2\Queue-mangment\smart-queue-backend\node_modules\cors\lib\index.js:219:13
    at optionsCallback (C:\Users\Muhammad Aurangzaib\Desktop\Queuemanagment2\Queue-mangment\smart-queue-backend\node_modules\cors\lib\index.js:199:9)
    at corsMiddleware (C:\Users\Muhammad Aurangzaib\Desktop\Queuemanagment2\Queue-mangment\smart-queue-backend\node_modules\cors\lib\index.js:204:7)
    at Layer.handle [as handle_request] (C:\Users\Muhammad Aurangzaib\Desktop\Queuemanagment2\Queue-mangment\smart-queue-backend\node_modules\express\lib\router\layer.js:95:5)
    at trim_prefix (C:\Users\Muhammad Aurangzaib\Desktop\Queuemanagment2\Queue-mangment\smart-queue-backend\node_modules\express\lib\router\index.js:328:13)
    at C:\Users\Muhammad Aurangzaib\Desktop\Queuemanagment2\Queue-mangment\smart-queue-backend\node_modules\express\lib\router\index.js:286:9
    at Function.process_params (C:\Users\Muhammad Aurangzaib\Desktop\Queuemanagment2\Queue-mangment\smart-queue-backend\node_modules\express\lib\router\index.js:346:12)
    at next (C:\Users\Muhammad Aurangzaib\Desktop\Queuemanagment2\Queue-mangment\smart-queue-backend\node_modules\express\lib\router\index.js:280:10)
    at internalNext (C:\Users\Muhammad Aurangzaib\Desktop\Queuemanagment2\Queue-mangment\smart-queue-backend\node_modules\helmet\index.cjs:537:6)
2026-06-29 15:42:06 [error]: Error: CORS: Origin http://[::1]:3001 not allowed
    at origin (C:\Users\Muhammad Aurangzaib\Desktop\Queuemanagment2\Queue-mangment\smart-queue-backend\server.js:83:18)
    at C:\Users\Muhammad Aurangzaib\Desktop\Queuemanagment2\Queue-mangment\smart-queue-backend\node_modules\cors\lib\index.js:219:13
    at optionsCallback (C:\Users\Muhammad Aurangzaib\Desktop\Queuemanagment2\Queue-mangment\smart-queue-backend\node_modules\cors\lib\index.js:199:9)
    at corsMiddleware (C:\Users\Muhammad Aurangzaib\Desktop\Queuemanagment2\Queue-mangment\smart-queue-backend\node_modules\cors\lib\index.js:204:7)
    at Layer.handle [as handle_request] (C:\Users\Muhammad Aurangzaib\Desktop\Queuemanagment2\Queue-mangment\smart-queue-backend\node_modules\express\lib\router\layer.js:95:5)
    at trim_prefix (C:\Users\Muhammad Aurangzaib\Desktop\Queuemanagment2\Queue-mangment\smart-queue-backend\node_modules\express\lib\router\index.js:328:13)
    at C:\Users\Muhammad Aurangzaib\Desktop\Queuemanagment2\Queue-mangment\smart-queue-backend\node_modules\express\lib\router\index.js:286:9
    at Function.process_params (C:\Users\Muhammad Aurangzaib\Desktop\Queuemanagment2\Queue-mangment\smart-queue-backend\node_modules\express\lib\router\index.js:346:12)
    at next (C:\Users\Muhammad Aurangzaib\Desktop\Queuemanagment2\Queue-mangment\smart-queue-backend\node_modules\express\lib\router\index.js:280:10)
    at internalNext (C:\Users\Muhammad Aurangzaib\Desktop\Queuemanagment2\Queue-mangment\smart-queue-backend\node_modules\helmet\index.cjs:537:6)
2026-06-29 15:43:19 [info]: ✅ Socket.io initialized
2026-06-29 15:43:19 [info]: ✅ MongoDB connected: localhost
2026-06-29 15:45:14 [error]: Error: CORS: Origin http://[::1]:3001 not allowed
    at origin (C:\Users\Muhammad Aurangzaib\Desktop\Queuemanagment2\Queue-mangment\smart-queue-backend\server.js:83:18)
    at C:\Users\Muhammad Aurangzaib\Desktop\Queuemanagment2\Queue-mangment\smart-queue-backend\node_modules\cors\lib\index.js:219:13
    at optionsCallback (C:\Users\Muhammad Aurangzaib\Desktop\Queuemanagment2\Queue-mangment\smart-queue-backend\node_modules\cors\lib\index.js:199:9)
    at corsMiddleware (C:\Users\Muhammad Aurangzaib\Desktop\Queuemanagment2\Queue-mangment\smart-queue-backend\node_modules\cors\lib\index.js:204:7)
    at Layer.handle [as handle_request] (C:\Users\Muhammad Aurangzaib\Desktop\Queuemanagment2\Queue-mangment\smart-queue-backend\node_modules\express\lib\router\layer.js:95:5)
    at trim_prefix (C:\Users\Muhammad Aurangzaib\Desktop\Queuemanagment2\Queue-mangment\smart-queue-backend\node_modules\express\lib\router\index.js:328:13)
    at C:\Users\Muhammad Aurangzaib\Desktop\Queuemanagment2\Queue-mangment\smart-queue-backend\node_modules\express\lib\router\index.js:286:9
    at Function.process_params (C:\Users\Muhammad Aurangzaib\Desktop\Queuemanagment2\Queue-mangment\smart-queue-backend\node_modules\express\lib\router\index.js:346:12)
    at next (C:\Users\Muhammad Aurangzaib\Desktop\Queuemanagment2\Queue-mangment\smart-queue-backend\node_modules\express\lib\router\index.js:280:10)
    at internalNext (C:\Users\Muhammad Aurangzaib\Desktop\Queuemanagment2\Queue-mangment\smart-queue-backend\node_modules\helmet\index.cjs:537:6)
2026-06-29 15:45:25 [error]: Error: CORS: Origin http://[::1]:3001 not allowed
    at origin (C:\Users\Muhammad Aurangzaib\Desktop\Queuemanagment2\Queue-mangment\smart-queue-backend\server.js:83:18)
    at C:\Users\Muhammad Aurangzaib\Desktop\Queuemanagment2\Queue-mangment\smart-queue-backend\node_modules\cors\lib\index.js:219:13
    at optionsCallback (C:\Users\Muhammad Aurangzaib\Desktop\Queuemanagment2\Queue-mangment\smart-queue-backend\node_modules\cors\lib\index.js:199:9)
    at corsMiddleware (C:\Users\Muhammad Aurangzaib\Desktop\Queuemanagment2\Queue-mangment\smart-queue-backend\node_modules\cors\lib\index.js:204:7)
    at Layer.handle [as handle_request] (C:\Users\Muhammad Aurangzaib\Desktop\Queuemanagment2\Queue-mangment\smart-queue-backend\node_modules\express\lib\router\layer.js:95:5)
    at trim_prefix (C:\Users\Muhammad Aurangzaib\Desktop\Queuemanagment2\Queue-mangment\smart-queue-backend\node_modules\express\lib\router\index.js:328:13)
    at C:\Users\Muhammad Aurangzaib\Desktop\Queuemanagment2\Queue-mangment\smart-queue-backend\node_modules\express\lib\router\index.js:286:9
    at Function.process_params (C:\Users\Muhammad Aurangzaib\Desktop\Queuemanagment2\Queue-mangment\smart-queue-backend\node_modules\express\lib\router\index.js:346:12)
    at next (C:\Users\Muhammad Aurangzaib\Desktop\Queuemanagment2\Queue-mangment\smart-queue-backend\node_modules\express\lib\router\index.js:280:10)
    at internalNext (C:\Users\Muhammad Aurangzaib\Desktop\Queuemanagment2\Queue-mangment\smart-queue-backend\node_modules\helmet\index.cjs:537:6)
2026-06-29 15:45:27 [error]: Error: CORS: Origin http://[::1]:3001 not allowed
    at origin (C:\Users\Muhammad Aurangzaib\Desktop\Queuemanagment2\Queue-mangment\smart-queue-backend\server.js:83:18)
    at C:\Users\Muhammad Aurangzaib\Desktop\Queuemanagment2\Queue-mangment\smart-queue-backend\node_modules\cors\lib\index.js:219:13
    at optionsCallback (C:\Users\Muhammad Aurangzaib\Desktop\Queuemanagment2\Queue-mangment\smart-queue-backend\node_modules\cors\lib\index.js:199:9)
    at corsMiddleware (C:\Users\Muhammad Aurangzaib\Desktop\Queuemanagment2\Queue-mangment\smart-queue-backend\node_modules\cors\lib\index.js:204:7)
    at Layer.handle [as handle_request] (C:\Users\Muhammad Aurangzaib\Desktop\Queuemanagment2\Queue-mangment\smart-queue-backend\node_modules\express\lib\router\layer.js:95:5)
    at trim_prefix (C:\Users\Muhammad Aurangzaib\Desktop\Queuemanagment2\Queue-mangment\smart-queue-backend\node_modules\express\lib\router\index.js:328:13)
    at C:\Users\Muhammad Aurangzaib\Desktop\Queuemanagment2\Queue-mangment\smart-queue-backend\node_modules\express\lib\router\index.js:286:9
    at Function.process_params (C:\Users\Muhammad Aurangzaib\Desktop\Queuemanagment2\Queue-mangment\smart-queue-backend\node_modules\express\lib\router\index.js:346:12)
    at next (C:\Users\Muhammad Aurangzaib\Desktop\Queuemanagment2\Queue-mangment\smart-queue-backend\node_modules\express\lib\router\index.js:280:10)
    at internalNext (C:\Users\Muhammad Aurangzaib\Desktop\Queuemanagment2\Queue-mangment\smart-queue-backend\node_modules\helmet\index.cjs:537:6)
2026-06-29 15:45:37 [error]: Error: CORS: Origin http://[::1]:3001 not allowed
    at origin (C:\Users\Muhammad Aurangzaib\Desktop\Queuemanagment2\Queue-mangment\smart-queue-backend\server.js:83:18)
    at C:\Users\Muhammad Aurangzaib\Desktop\Queuemanagment2\Queue-mangment\smart-queue-backend\node_modules\cors\lib\index.js:219:13
    at optionsCallback (C:\Users\Muhammad Aurangzaib\Desktop\Queuemanagment2\Queue-mangment\smart-queue-backend\node_modules\cors\lib\index.js:199:9)
    at corsMiddleware (C:\Users\Muhammad Aurangzaib\Desktop\Queuemanagment2\Queue-mangment\smart-queue-backend\node_modules\cors\lib\index.js:204:7)
    at Layer.handle [as handle_request] (C:\Users\Muhammad Aurangzaib\Desktop\Queuemanagment2\Queue-mangment\smart-queue-backend\node_modules\express\lib\router\layer.js:95:5)
    at trim_prefix (C:\Users\Muhammad Aurangzaib\Desktop\Queuemanagment2\Queue-mangment\smart-queue-backend\node_modules\express\lib\router\index.js:328:13)
    at C:\Users\Muhammad Aurangzaib\Desktop\Queuemanagment2\Queue-mangment\smart-queue-backend\node_modules\express\lib\router\index.js:286:9
    at Function.process_params (C:\Users\Muhammad Aurangzaib\Desktop\Queuemanagment2\Queue-mangment\smart-queue-backend\node_modules\express\lib\router\index.js:346:12)
    at next (C:\Users\Muhammad Aurangzaib\Desktop\Queuemanagment2\Queue-mangment\smart-queue-backend\node_modules\express\lib\router\index.js:280:10)
    at internalNext (C:\Users\Muhammad Aurangzaib\Desktop\Queuemanagment2\Queue-mangment\smart-queue-backend\node_modules\helmet\index.cjs:537:6)
2026-06-29 15:57:05 [info]: ✅ Socket.io initialized
2026-06-29 15:57:06 [info]: ✅ MongoDB connected: localhost
2026-06-29 15:57:06 [info]: 
╔══════════════════════════════════════════╗
║   Smart Queue API — Server Started       ║
║   Port    : 5000                           ║
║   Mode    : development                  ║
║   WS      : Socket.io enabled            ║
╚══════════════════════════════════════════╝
    
2026-06-29 15:57:57 [info]: ✅ Socket.io initialized
2026-06-29 15:57:57 [info]: ✅ MongoDB connected: localhost
2026-06-29 15:57:57 [info]: 
╔══════════════════════════════════════════╗
║   Smart Queue API — Server Started       ║
║   Port    : 5000                           ║
║   Mode    : development                  ║
║   WS      : Socket.io enabled            ║
╚══════════════════════════════════════════╝
    
2026-06-29 15:59:56 [info]: ✅ Socket.io initialized
2026-06-29 15:59:56 [info]: ✅ Socket.io initialized
2026-06-29 15:59:56 [info]: ✅ MongoDB connected: localhost
2026-06-29 15:59:56 [info]: ✅ MongoDB connected: localhost
2026-06-29 15:59:56 [info]: 
╔══════════════════════════════════════════╗
║   Smart Queue API — Server Started       ║
║   Port    : 5000                           ║
║   Mode    : development                  ║
║   WS      : Socket.io enabled            ║
╚══════════════════════════════════════════╝
    
2026-06-29 15:59:56 [warn]: Port 5000 is already in use. Retrying on port 5001...
2026-06-29 15:59:56 [info]: 
╔══════════════════════════════════════════╗
║   Smart Queue API — Server Started       ║
║   Port    : 5001                           ║
║   Mode    : development                  ║
║   WS      : Socket.io enabled            ║
╚══════════════════════════════════════════╝
    
2026-06-29 16:00:49 [http]: ::1 - - [29/Jun/2026:11:00:49 +0000] "GET /health HTTP/1.1" 200 131 "-" "node"
2026-06-29 16:00:49 [http]: ::1 - - [29/Jun/2026:11:00:49 +0000] "GET /health HTTP/1.1" 200 132 "-" "node"
2026-06-29 16:01:53 [http]: ::1 - - [29/Jun/2026:11:01:53 +0000] "GET /health HTTP/1.1" 200 133 "http://[::1]:3001/" "Mozilla/5.0 (Windows NT 10.0; Win64; x64) AppleWebKit/537.36 (KHTML, like Gecko) Chrome/149.0.0.0 Safari/537.36"
2026-06-29 16:02:53 [info]: ✅ Socket.io initialized
2026-06-29 16:02:54 [info]: ✅ MongoDB connected: localhost
2026-06-29 16:02:54 [warn]: Port 5000 is already in use. Retrying on port 5001...
2026-06-29 16:02:54 [warn]: Port 5001 is already in use. Retrying on port 5002...
2026-06-29 16:02:54 [info]: 
╔══════════════════════════════════════════╗
║   Smart Queue API — Server Started       ║
║   Port    : 5002                           ║
║   Mode    : development                  ║
║   WS      : Socket.io enabled            ║
╚══════════════════════════════════════════╝
    
2026-06-29 16:02:59 [http]: ::1 - - [29/Jun/2026:11:02:59 +0000] "GET /health HTTP/1.1" 200 133 "http://[::1]:3001/" "Mozilla/5.0 (Windows NT 10.0; Win64; x64) AppleWebKit/537.36 (KHTML, like Gecko) Chrome/149.0.0.0 Safari/537.36"
2026-06-29 16:03:12 [info]: User logged in: aurangzaibsial51500@gmail.com
2026-06-29 16:03:12 [http]: ::1 - - [29/Jun/2026:11:03:12 +0000] "POST /api/auth/login HTTP/1.1" 200 561 "http://[::1]:3001/" "Mozilla/5.0 (Windows NT 10.0; Win64; x64) AppleWebKit/537.36 (KHTML, like Gecko) Chrome/149.0.0.0 Safari/537.36"
2026-06-29 16:03:13 [debug]: Socket connected: n51Dns38lmgWcxiTAAAB (user: 6a2e8c1729480cfe0d020ac1)
2026-06-29 16:04:21 [http]: ::1 - - [29/Jun/2026:11:04:21 +0000] "POST /api/business/register HTTP/1.1" 404 74 "http://[::1]:3001/" "Mozilla/5.0 (Windows NT 10.0; Win64; x64) AppleWebKit/537.36 (KHTML, like Gecko) Chrome/149.0.0.0 Safari/537.36"
2026-06-29 16:04:49 [http]: ::1 - - [29/Jun/2026:11:04:49 +0000] "POST /api/business/register HTTP/1.1" 404 74 "http://[::1]:3001/" "Mozilla/5.0 (Windows NT 10.0; Win64; x64) AppleWebKit/537.36 (KHTML, like Gecko) Chrome/149.0.0.0 Safari/537.36"
2026-06-29 16:08:51 [info]: ✅ Socket.io initialized
2026-06-29 16:08:51 [info]: ✅ Socket.io initialized
2026-06-29 16:08:51 [info]: ✅ Socket.io initialized
2026-06-29 16:08:51 [info]: ✅ MongoDB connected: localhost
2026-06-29 16:08:51 [info]: ✅ MongoDB connected: localhost
2026-06-29 16:08:51 [info]: ✅ MongoDB connected: localhost
2026-06-29 16:08:51 [info]: 
╔══════════════════════════════════════════╗
║   Smart Queue API — Server Started       ║
║   Port    : 5000                           ║
║   Mode    : development                  ║
║   WS      : Socket.io enabled            ║
╚══════════════════════════════════════════╝
    
2026-06-29 16:08:51 [warn]: Port 5000 is already in use. Retrying on port 5001...
2026-06-29 16:08:51 [info]: 
╔══════════════════════════════════════════╗
║   Smart Queue API — Server Started       ║
║   Port    : 5001                           ║
║   Mode    : development                  ║
║   WS      : Socket.io enabled            ║
╚══════════════════════════════════════════╝
    
2026-06-29 16:08:51 [warn]: Port 5000 is already in use. Retrying on port 5001...
2026-06-29 16:08:51 [warn]: Port 5001 is already in use. Retrying on port 5002...
2026-06-29 16:08:51 [info]: 
╔══════════════════════════════════════════╗
║   Smart Queue API — Server Started       ║
║   Port    : 5002                           ║
║   Mode    : development                  ║
║   WS      : Socket.io enabled            ║
╚══════════════════════════════════════════╝
    
2026-06-29 16:08:52 [debug]: Socket connected: BOkwnDJ_-THmD22_AAAB (user: 6a2e8c1729480cfe0d020ac1)
2026-06-29 16:11:07 [debug]: Socket disconnected: BOkwnDJ_-THmD22_AAAB (transport close)
2026-06-29 16:11:09 [http]: ::1 - - [29/Jun/2026:11:11:09 +0000] "GET /health HTTP/1.1" 200 133 "http://[::1]:3001/" "Mozilla/5.0 (Windows NT 10.0; Win64; x64) AppleWebKit/537.36 (KHTML, like Gecko) Chrome/149.0.0.0 Safari/537.36"
2026-06-29 16:11:11 [debug]: Socket connected: 3KphR4OVa_MHQg_9AAAF (user: 6a2e8c1729480cfe0d020ac1)
2026-06-29 16:11:11 [debug]: Socket connected: BOr4jVRDaT0NRXy8AAAE (user: 6a2e8c1729480cfe0d020ac1)
2026-06-29 16:15:02 [info]: ✅ Socket.io initialized
2026-06-29 16:15:02 [info]: ✅ Socket.io initialized
2026-06-29 16:15:02 [info]: ✅ Socket.io initialized
2026-06-29 16:15:02 [info]: ✅ MongoDB connected: localhost
2026-06-29 16:15:02 [info]: ✅ MongoDB connected: localhost
2026-06-29 16:15:02 [info]: ✅ MongoDB connected: localhost
2026-06-29 16:15:02 [info]: 
╔══════════════════════════════════════════╗
║   Smart Queue API — Server Started       ║
║   Port    : 5000                           ║
║   Mode    : development                  ║
║   WS      : Socket.io enabled            ║
╚══════════════════════════════════════════╝
    
2026-06-29 16:15:02 [warn]: Port 5000 is already in use. Retrying on port 5001...
2026-06-29 16:15:02 [info]: 
╔══════════════════════════════════════════╗
║   Smart Queue API — Server Started       ║
║   Port    : 5001                           ║
║   Mode    : development                  ║
║   WS      : Socket.io enabled            ║
╚══════════════════════════════════════════╝
    
2026-06-29 16:15:02 [warn]: Port 5000 is already in use. Retrying on port 5001...
2026-06-29 16:15:02 [warn]: Port 5001 is already in use. Retrying on port 5002...
2026-06-29 16:15:02 [info]: 
╔══════════════════════════════════════════╗
║   Smart Queue API — Server Started       ║
║   Port    : 5002                           ║
║   Mode    : development                  ║
║   WS      : Socket.io enabled            ║
╚══════════════════════════════════════════╝
    
2026-06-29 16:15:03 [debug]: Socket connected: F1yp-Ufvyw5iEEpGAAAB (user: 6a2e8c1729480cfe0d020ac1)
2026-06-29 16:15:04 [debug]: Socket connected: aMNJKBMXhrZD0N_tAAAD (user: 6a2e8c1729480cfe0d020ac1)
2026-06-29 16:15:17 [debug]: Socket disconnected: F1yp-Ufvyw5iEEpGAAAB (transport close)
2026-06-29 16:15:17 [debug]: Socket disconnected: aMNJKBMXhrZD0N_tAAAD (transport close)
2026-06-29 16:15:18 [http]: ::1 - - [29/Jun/2026:11:15:18 +0000] "GET /health HTTP/1.1" 200 132 "http://[::1]:3001/" "Mozilla/5.0 (Windows NT 10.0; Win64; x64) AppleWebKit/537.36 (KHTML, like Gecko) Chrome/149.0.0.0 Safari/537.36"
2026-06-29 16:15:19 [debug]: Socket connected: s3pPYTGOnikfXVVpAAAG (user: 6a2e8c1729480cfe0d020ac1)
2026-06-29 16:15:19 [debug]: Socket connected: I1e6yzWdjD3eNOM3AAAH (user: 6a2e8c1729480cfe0d020ac1)
2026-06-29 16:15:58 [http]: ::1 - - [29/Jun/2026:11:15:58 +0000] "POST /api/business/register HTTP/1.1" 400 68 "http://[::1]:3001/" "Mozilla/5.0 (Windows NT 10.0; Win64; x64) AppleWebKit/537.36 (KHTML, like Gecko) Chrome/149.0.0.0 Safari/537.36"
2026-06-29 16:16:16 [http]: ::1 - - [29/Jun/2026:11:16:16 +0000] "POST /api/business/register HTTP/1.1" 400 68 "http://[::1]:3001/" "Mozilla/5.0 (Windows NT 10.0; Win64; x64) AppleWebKit/537.36 (KHTML, like Gecko) Chrome/149.0.0.0 Safari/537.36"
2026-06-29 16:16:25 [http]: ::1 - - [29/Jun/2026:11:16:25 +0000] "POST /api/business/register HTTP/1.1" 400 68 "http://[::1]:3001/" "Mozilla/5.0 (Windows NT 10.0; Win64; x64) AppleWebKit/537.36 (KHTML, like Gecko) Chrome/149.0.0.0 Safari/537.36"
2026-06-29 16:16:27 [http]: ::1 - - [29/Jun/2026:11:16:27 +0000] "POST /api/business/register HTTP/1.1" 400 68 "http://[::1]:3001/" "Mozilla/5.0 (Windows NT 10.0; Win64; x64) AppleWebKit/537.36 (KHTML, like Gecko) Chrome/149.0.0.0 Safari/537.36"
2026-06-29 16:16:44 [http]: ::1 - - [29/Jun/2026:11:16:44 +0000] "POST /api/business/register HTTP/1.1" 400 68 "http://[::1]:3001/" "Mozilla/5.0 (Windows NT 10.0; Win64; x64) AppleWebKit/537.36 (KHTML, like Gecko) Chrome/149.0.0.0 Safari/537.36"
2026-06-29 16:16:45 [http]: ::1 - - [29/Jun/2026:11:16:45 +0000] "POST /api/business/register HTTP/1.1" 400 68 "http://[::1]:3001/" "Mozilla/5.0 (Windows NT 10.0; Win64; x64) AppleWebKit/537.36 (KHTML, like Gecko) Chrome/149.0.0.0 Safari/537.36"
2026-06-29 16:17:32 [http]: ::1 - - [29/Jun/2026:11:17:32 +0000] "POST /api/business/register HTTP/1.1" 400 68 "http://[::1]:3001/" "Mozilla/5.0 (Windows NT 10.0; Win64; x64) AppleWebKit/537.36 (KHTML, like Gecko) Chrome/149.0.0.0 Safari/537.36"
2026-06-29 16:17:44 [debug]: Socket disconnected: s3pPYTGOnikfXVVpAAAG (transport close)
2026-06-29 16:17:44 [debug]: Socket disconnected: I1e6yzWdjD3eNOM3AAAH (transport close)
2026-06-29 16:17:45 [http]: ::1 - - [29/Jun/2026:11:17:45 +0000] "GET /health HTTP/1.1" 200 133 "http://[::1]:3001/" "Mozilla/5.0 (Windows NT 10.0; Win64; x64) AppleWebKit/537.36 (KHTML, like Gecko) Chrome/149.0.0.0 Safari/537.36"
2026-06-29 16:17:45 [debug]: Socket connected: ez_QtropgjVSV9EbAAAK (user: 6a2e8c1729480cfe0d020ac1)
2026-06-29 16:17:45 [debug]: Socket connected: rCQdGLTmqv3C9abzAAAL (user: 6a2e8c1729480cfe0d020ac1)
2026-06-29 16:19:03 [info]: New user registered: owner_264938@example.com (user)
2026-06-29 16:19:03 [http]: ::1 - - [29/Jun/2026:11:19:03 +0000] "POST /api/auth/register HTTP/1.1" 201 518 "-" "node"
2026-06-29 16:19:03 [http]: ::1 - - [29/Jun/2026:11:19:03 +0000] "POST /api/business/register HTTP/1.1" 201 1844 "-" "node"
2026-06-29 16:21:04 [http]: ::1 - - [29/Jun/2026:11:21:04 +0000] "POST /api/business/register HTTP/1.1" 400 68 "http://[::1]:3001/" "Mozilla/5.0 (Windows NT 10.0; Win64; x64) AppleWebKit/537.36 (KHTML, like Gecko) Chrome/149.0.0.0 Safari/537.36"
2026-06-29 16:21:23 [http]: ::1 - - [29/Jun/2026:11:21:23 +0000] "POST /api/business/register HTTP/1.1" 400 68 "http://[::1]:3001/" "Mozilla/5.0 (Windows NT 10.0; Win64; x64) AppleWebKit/537.36 (KHTML, like Gecko) Chrome/149.0.0.0 Safari/537.36"
2026-06-29 16:21:25 [http]: ::1 - - [29/Jun/2026:11:21:25 +0000] "POST /api/business/register HTTP/1.1" 400 68 "http://[::1]:3001/" "Mozilla/5.0 (Windows NT 10.0; Win64; x64) AppleWebKit/537.36 (KHTML, like Gecko) Chrome/149.0.0.0 Safari/537.36"
2026-06-29 16:21:56 [http]: ::1 - - [29/Jun/2026:11:21:56 +0000] "POST /api/business/register HTTP/1.1" 400 68 "http://[::1]:3001/" "Mozilla/5.0 (Windows NT 10.0; Win64; x64) AppleWebKit/537.36 (KHTML, like Gecko) Chrome/149.0.0.0 Safari/537.36"
2026-06-29 16:22:54 [info]: ✅ Socket.io initialized
2026-06-29 16:22:54 [info]: ✅ Socket.io initialized
2026-06-29 16:22:54 [info]: ✅ Socket.io initialized
2026-06-29 16:22:54 [info]: ✅ MongoDB connected: localhost
2026-06-29 16:22:54 [info]: ✅ MongoDB connected: localhost
2026-06-29 16:22:54 [info]: ✅ MongoDB connected: localhost
2026-06-29 16:22:54 [info]: 
╔══════════════════════════════════════════╗
║   Smart Queue API — Server Started       ║
║   Port    : 5000                           ║
║   Mode    : development                  ║
║   WS      : Socket.io enabled            ║
╚══════════════════════════════════════════╝
    
2026-06-29 16:22:54 [warn]: Port 5000 is already in use. Retrying on port 5001...
2026-06-29 16:22:54 [info]: 
╔══════════════════════════════════════════╗
║   Smart Queue API — Server Started       ║
║   Port    : 5001                           ║
║   Mode    : development                  ║
║   WS      : Socket.io enabled            ║
╚══════════════════════════════════════════╝
    
2026-06-29 16:22:54 [warn]: Port 5000 is already in use. Retrying on port 5001...
2026-06-29 16:22:54 [warn]: Port 5001 is already in use. Retrying on port 5002...
2026-06-29 16:22:54 [info]: 
╔══════════════════════════════════════════╗
║   Smart Queue API — Server Started       ║
║   Port    : 5002                           ║
║   Mode    : development                  ║
║   WS      : Socket.io enabled            ║
╚══════════════════════════════════════════╝
    
2026-06-29 16:22:55 [debug]: Socket connected: Ky8X-ZDuV9gfdpIqAAAC (user: 6a2e8c1729480cfe0d020ac1)
2026-06-29 16:22:55 [debug]: Socket connected: 96nENKgf4JHiFcPTAAAD (user: 6a2e8c1729480cfe0d020ac1)
2026-06-29 16:23:05 [info]: New user registered: owner_64550@example.com (user)
2026-06-29 16:23:05 [http]: ::1 - - [29/Jun/2026:11:23:05 +0000] "POST /api/auth/register HTTP/1.1" 201 516 "-" "node"
2026-06-29 16:23:05 [http]: ::1 - - [29/Jun/2026:11:23:05 +0000] "POST /api/business/register HTTP/1.1" 201 1839 "-" "node"
2026-06-29 16:23:26 [debug]: Socket disconnected: Ky8X-ZDuV9gfdpIqAAAC (transport close)
2026-06-29 16:23:26 [debug]: Socket disconnected: 96nENKgf4JHiFcPTAAAD (transport close)
2026-06-29 16:23:26 [http]: ::1 - - [29/Jun/2026:11:23:26 +0000] "GET /health HTTP/1.1" 200 131 "http://[::1]:3001/" "Mozilla/5.0 (Windows NT 10.0; Win64; x64) AppleWebKit/537.36 (KHTML, like Gecko) Chrome/149.0.0.0 Safari/537.36"
2026-06-29 16:23:27 [debug]: Socket connected: HIVq5FyyLXLiBYwlAAAF (user: 6a2e8c1729480cfe0d020ac1)
2026-06-29 16:23:27 [debug]: Socket connected: W9_HkBzqMbtl0_ogAAAH (user: 6a2e8c1729480cfe0d020ac1)
2026-06-29 16:23:45 [http]: ::1 - - [29/Jun/2026:11:23:45 +0000] "POST /api/business/register HTTP/1.1" 201 1591 "http://[::1]:3001/" "Mozilla/5.0 (Windows NT 10.0; Win64; x64) AppleWebKit/537.36 (KHTML, like Gecko) Chrome/149.0.0.0 Safari/537.36"
2026-06-29 16:23:46 [http]: ::1 - - [29/Jun/2026:11:23:46 +0000] "GET /api/queues/list?slug=undefined HTTP/1.1" 404 82 "http://[::1]:3001/" "Mozilla/5.0 (Windows NT 10.0; Win64; x64) AppleWebKit/537.36 (KHTML, like Gecko) Chrome/149.0.0.0 Safari/537.36"
2026-06-29 16:23:46 [http]: ::1 - - [29/Jun/2026:11:23:46 +0000] "GET /api/business/me HTTP/1.1" 200 1421 "http://[::1]:3001/" "Mozilla/5.0 (Windows NT 10.0; Win64; x64) AppleWebKit/537.36 (KHTML, like Gecko) Chrome/149.0.0.0 Safari/537.36"
2026-06-29 16:23:46 [http]: ::1 - - [29/Jun/2026:11:23:46 +0000] "GET /api/admin/analytics?days=1 HTTP/1.1" 200 1420 "http://[::1]:3001/" "Mozilla/5.0 (Windows NT 10.0; Win64; x64) AppleWebKit/537.36 (KHTML, like Gecko) Chrome/149.0.0.0 Safari/537.36"
2026-06-29 16:23:51 [http]: ::1 - - [29/Jun/2026:11:23:51 +0000] "GET /api/queues/list?slug= HTTP/1.1" 404 73 "http://[::1]:3001/" "Mozilla/5.0 (Windows NT 10.0; Win64; x64) AppleWebKit/537.36 (KHTML, like Gecko) Chrome/149.0.0.0 Safari/537.36"
2026-06-29 16:23:51 [http]: ::1 - - [29/Jun/2026:11:23:51 +0000] "GET /api/queues/list?slug= HTTP/1.1" 404 73 "http://[::1]:3001/" "Mozilla/5.0 (Windows NT 10.0; Win64; x64) AppleWebKit/537.36 (KHTML, like Gecko) Chrome/149.0.0.0 Safari/537.36"
2026-06-29 16:23:51 [http]: ::1 - - [29/Jun/2026:11:23:51 +0000] "GET /api/admin/analytics?days=7 HTTP/1.1" 200 1420 "http://[::1]:3001/" "Mozilla/5.0 (Windows NT 10.0; Win64; x64) AppleWebKit/537.36 (KHTML, like Gecko) Chrome/149.0.0.0 Safari/537.36"
2026-06-29 16:23:52 [http]: ::1 - - [29/Jun/2026:11:23:52 +0000] "GET /api/admin/analytics?days=7 HTTP/1.1" 304 - "http://[::1]:3001/" "Mozilla/5.0 (Windows NT 10.0; Win64; x64) AppleWebKit/537.36 (KHTML, like Gecko) Chrome/149.0.0.0 Safari/537.36"
2026-06-29 16:23:57 [http]: ::1 - - [29/Jun/2026:11:23:57 +0000] "GET /api/queues/list?slug=undefined HTTP/1.1" 404 82 "http://[::1]:3001/" "Mozilla/5.0 (Windows NT 10.0; Win64; x64) AppleWebKit/537.36 (KHTML, like Gecko) Chrome/149.0.0.0 Safari/537.36"
2026-06-29 16:23:57 [http]: ::1 - - [29/Jun/2026:11:23:57 +0000] "GET /api/queues/list?slug=undefined HTTP/1.1" 404 82 "http://[::1]:3001/" "Mozilla/5.0 (Windows NT 10.0; Win64; x64) AppleWebKit/537.36 (KHTML, like Gecko) Chrome/149.0.0.0 Safari/537.36"
2026-06-29 16:23:57 [http]: ::1 - - [29/Jun/2026:11:23:57 +0000] "GET /api/business/me HTTP/1.1" 304 - "http://[::1]:3001/" "Mozilla/5.0 (Windows NT 10.0; Win64; x64) AppleWebKit/537.36 (KHTML, like Gecko) Chrome/149.0.0.0 Safari/537.36"
2026-06-29 16:23:57 [http]: ::1 - - [29/Jun/2026:11:23:57 +0000] "GET /api/admin/analytics?days=1 HTTP/1.1" 304 - "http://[::1]:3001/" "Mozilla/5.0 (Windows NT 10.0; Win64; x64) AppleWebKit/537.36 (KHTML, like Gecko) Chrome/149.0.0.0 Safari/537.36"
2026-06-29 16:23:57 [http]: ::1 - - [29/Jun/2026:11:23:57 +0000] "GET /api/business/me HTTP/1.1" 304 - "http://[::1]:3001/" "Mozilla/5.0 (Windows NT 10.0; Win64; x64) AppleWebKit/537.36 (KHTML, like Gecko) Chrome/149.0.0.0 Safari/537.36"
2026-06-29 16:23:57 [http]: ::1 - - [29/Jun/2026:11:23:57 +0000] "GET /api/admin/analytics?days=1 HTTP/1.1" 304 - "http://[::1]:3001/" "Mozilla/5.0 (Windows NT 10.0; Win64; x64) AppleWebKit/537.36 (KHTML, like Gecko) Chrome/149.0.0.0 Safari/537.36"
2026-06-29 16:24:05 [http]: ::1 - - [29/Jun/2026:11:24:05 +0000] "GET /api/queues/list?slug= HTTP/1.1" 404 73 "http://[::1]:3001/" "Mozilla/5.0 (Windows NT 10.0; Win64; x64) AppleWebKit/537.36 (KHTML, like Gecko) Chrome/149.0.0.0 Safari/537.36"
2026-06-29 16:24:05 [http]: ::1 - - [29/Jun/2026:11:24:05 +0000] "GET /api/queues/list?slug= HTTP/1.1" 404 73 "http://[::1]:3001/" "Mozilla/5.0 (Windows NT 10.0; Win64; x64) AppleWebKit/537.36 (KHTML, like Gecko) Chrome/149.0.0.0 Safari/537.36"
2026-06-29 16:24:05 [http]: ::1 - - [29/Jun/2026:11:24:05 +0000] "GET /api/admin/analytics?days=7 HTTP/1.1" 304 - "http://[::1]:3001/" "Mozilla/5.0 (Windows NT 10.0; Win64; x64) AppleWebKit/537.36 (KHTML, like Gecko) Chrome/149.0.0.0 Safari/537.36"
2026-06-29 16:24:05 [http]: ::1 - - [29/Jun/2026:11:24:05 +0000] "GET /api/admin/analytics?days=7 HTTP/1.1" 304 - "http://[::1]:3001/" "Mozilla/5.0 (Windows NT 10.0; Win64; x64) AppleWebKit/537.36 (KHTML, like Gecko) Chrome/149.0.0.0 Safari/537.36"
2026-06-29 16:28:37 [http]: ::1 - - [29/Jun/2026:11:28:37 +0000] "GET /api/queues/list?slug=undefined HTTP/1.1" 404 82 "http://[::1]:3001/" "Mozilla/5.0 (Windows NT 10.0; Win64; x64) AppleWebKit/537.36 (KHTML, like Gecko) Chrome/149.0.0.0 Safari/537.36"
2026-06-29 16:28:37 [http]: ::1 - - [29/Jun/2026:11:28:37 +0000] "GET /api/queues/list?slug=undefined HTTP/1.1" 404 82 "http://[::1]:3001/" "Mozilla/5.0 (Windows NT 10.0; Win64; x64) AppleWebKit/537.36 (KHTML, like Gecko) Chrome/149.0.0.0 Safari/537.36"
2026-06-29 16:28:37 [http]: ::1 - - [29/Jun/2026:11:28:37 +0000] "GET /api/business/me HTTP/1.1" 304 - "http://[::1]:3001/" "Mozilla/5.0 (Windows NT 10.0; Win64; x64) AppleWebKit/537.36 (KHTML, like Gecko) Chrome/149.0.0.0 Safari/537.36"
2026-06-29 16:28:37 [http]: ::1 - - [29/Jun/2026:11:28:37 +0000] "GET /api/business/me HTTP/1.1" 304 - "http://[::1]:3001/" "Mozilla/5.0 (Windows NT 10.0; Win64; x64) AppleWebKit/537.36 (KHTML, like Gecko) Chrome/149.0.0.0 Safari/537.36"
2026-06-29 16:28:37 [http]: ::1 - - [29/Jun/2026:11:28:37 +0000] "GET /api/admin/analytics?days=1 HTTP/1.1" 304 - "http://[::1]:3001/" "Mozilla/5.0 (Windows NT 10.0; Win64; x64) AppleWebKit/537.36 (KHTML, like Gecko) Chrome/149.0.0.0 Safari/537.36"
2026-06-29 16:28:37 [http]: ::1 - - [29/Jun/2026:11:28:37 +0000] "GET /api/admin/analytics?days=1 HTTP/1.1" 304 - "http://[::1]:3001/" "Mozilla/5.0 (Windows NT 10.0; Win64; x64) AppleWebKit/537.36 (KHTML, like Gecko) Chrome/149.0.0.0 Safari/537.36"
2026-06-29 16:28:38 [http]: ::1 - - [29/Jun/2026:11:28:38 +0000] "GET /api/queues/list?slug= HTTP/1.1" 404 73 "http://[::1]:3001/" "Mozilla/5.0 (Windows NT 10.0; Win64; x64) AppleWebKit/537.36 (KHTML, like Gecko) Chrome/149.0.0.0 Safari/537.36"
2026-06-29 16:28:38 [http]: ::1 - - [29/Jun/2026:11:28:38 +0000] "GET /api/queues/list?slug= HTTP/1.1" 404 73 "http://[::1]:3001/" "Mozilla/5.0 (Windows NT 10.0; Win64; x64) AppleWebKit/537.36 (KHTML, like Gecko) Chrome/149.0.0.0 Safari/537.36"
2026-06-29 16:28:38 [http]: ::1 - - [29/Jun/2026:11:28:38 +0000] "GET /api/admin/analytics?days=7 HTTP/1.1" 304 - "http://[::1]:3001/" "Mozilla/5.0 (Windows NT 10.0; Win64; x64) AppleWebKit/537.36 (KHTML, like Gecko) Chrome/149.0.0.0 Safari/537.36"
2026-06-29 16:28:38 [http]: ::1 - - [29/Jun/2026:11:28:38 +0000] "GET /api/admin/analytics?days=7 HTTP/1.1" 304 - "http://[::1]:3001/" "Mozilla/5.0 (Windows NT 10.0; Win64; x64) AppleWebKit/537.36 (KHTML, like Gecko) Chrome/149.0.0.0 Safari/537.36"
2026-06-29 16:48:38 [http]: ::1 - - [29/Jun/2026:11:48:38 +0000] "GET /api/queues/list?slug=undefined HTTP/1.1" 404 82 "http://[::1]:3001/" "Mozilla/5.0 (Windows NT 10.0; Win64; x64) AppleWebKit/537.36 (KHTML, like Gecko) Chrome/149.0.0.0 Safari/537.36"
2026-06-29 16:48:38 [http]: ::1 - - [29/Jun/2026:11:48:38 +0000] "GET /api/queues/list?slug=undefined HTTP/1.1" 404 82 "http://[::1]:3001/" "Mozilla/5.0 (Windows NT 10.0; Win64; x64) AppleWebKit/537.36 (KHTML, like Gecko) Chrome/149.0.0.0 Safari/537.36"
2026-06-29 16:48:38 [http]: ::1 - - [29/Jun/2026:11:48:38 +0000] "GET /api/business/me HTTP/1.1" 304 - "http://[::1]:3001/" "Mozilla/5.0 (Windows NT 10.0; Win64; x64) AppleWebKit/537.36 (KHTML, like Gecko) Chrome/149.0.0.0 Safari/537.36"
2026-06-29 16:48:38 [http]: ::1 - - [29/Jun/2026:11:48:38 +0000] "GET /api/business/me HTTP/1.1" 304 - "http://[::1]:3001/" "Mozilla/5.0 (Windows NT 10.0; Win64; x64) AppleWebKit/537.36 (KHTML, like Gecko) Chrome/149.0.0.0 Safari/537.36"
2026-06-29 16:48:38 [http]: ::1 - - [29/Jun/2026:11:48:38 +0000] "GET /api/admin/analytics?days=1 HTTP/1.1" 304 - "http://[::1]:3001/" "Mozilla/5.0 (Windows NT 10.0; Win64; x64) AppleWebKit/537.36 (KHTML, like Gecko) Chrome/149.0.0.0 Safari/537.36"
2026-06-29 16:48:38 [http]: ::1 - - [29/Jun/2026:11:48:38 +0000] "GET /api/admin/analytics?days=1 HTTP/1.1" 304 - "http://[::1]:3001/" "Mozilla/5.0 (Windows NT 10.0; Win64; x64) AppleWebKit/537.36 (KHTML, like Gecko) Chrome/149.0.0.0 Safari/537.36"
2026-06-29 16:48:59 [http]: ::1 - - [29/Jun/2026:11:48:59 +0000] "POST /api/queues/create HTTP/1.1" 404 70 "http://[::1]:3001/" "Mozilla/5.0 (Windows NT 10.0; Win64; x64) AppleWebKit/537.36 (KHTML, like Gecko) Chrome/149.0.0.0 Safari/537.36"
2026-06-29 16:49:17 [info]: ✅ Socket.io initialized
2026-06-29 16:49:17 [info]: ✅ MongoDB connected: localhost
2026-06-29 16:49:17 [warn]: Port 5000 is already in use. Retrying on port 5001...
2026-06-29 16:49:17 [warn]: Port 5001 is already in use. Retrying on port 5002...
2026-06-29 16:49:17 [info]: 
╔══════════════════════════════════════════╗
║   Smart Queue API — Server Started       ║
║   Port    : 5002                           ║
║   Mode    : development                  ║
║   WS      : Socket.io enabled            ║
╚══════════════════════════════════════════╝
    
2026-06-29 16:49:19 [debug]: Socket disconnected: HIVq5FyyLXLiBYwlAAAF (transport close)
2026-06-29 16:49:19 [debug]: Socket disconnected: W9_HkBzqMbtl0_ogAAAH (transport close)
2026-06-29 16:49:20 [http]: ::1 - - [29/Jun/2026:11:49:20 +0000] "GET /health HTTP/1.1" 200 134 "http://[::1]:3001/" "Mozilla/5.0 (Windows NT 10.0; Win64; x64) AppleWebKit/537.36 (KHTML, like Gecko) Chrome/149.0.0.0 Safari/537.36"
2026-06-29 16:49:20 [http]: ::1 - - [29/Jun/2026:11:49:20 +0000] "GET /api/queues/list?slug=undefined HTTP/1.1" 404 82 "http://[::1]:3001/" "Mozilla/5.0 (Windows NT 10.0; Win64; x64) AppleWebKit/537.36 (KHTML, like Gecko) Chrome/149.0.0.0 Safari/537.36"
2026-06-29 16:49:20 [http]: ::1 - - [29/Jun/2026:11:49:20 +0000] "GET /api/queues/list?slug=undefined HTTP/1.1" 404 82 "http://[::1]:3001/" "Mozilla/5.0 (Windows NT 10.0; Win64; x64) AppleWebKit/537.36 (KHTML, like Gecko) Chrome/149.0.0.0 Safari/537.36"
2026-06-29 16:49:20 [http]: ::1 - - [29/Jun/2026:11:49:20 +0000] "GET /api/business/me HTTP/1.1" 304 - "http://[::1]:3001/" "Mozilla/5.0 (Windows NT 10.0; Win64; x64) AppleWebKit/537.36 (KHTML, like Gecko) Chrome/149.0.0.0 Safari/537.36"
2026-06-29 16:49:20 [http]: ::1 - - [29/Jun/2026:11:49:20 +0000] "GET /api/admin/analytics?days=1 HTTP/1.1" 304 - "http://[::1]:3001/" "Mozilla/5.0 (Windows NT 10.0; Win64; x64) AppleWebKit/537.36 (KHTML, like Gecko) Chrome/149.0.0.0 Safari/537.36"
2026-06-29 16:49:20 [http]: ::1 - - [29/Jun/2026:11:49:20 +0000] "GET /api/business/me HTTP/1.1" 304 - "http://[::1]:3001/" "Mozilla/5.0 (Windows NT 10.0; Win64; x64) AppleWebKit/537.36 (KHTML, like Gecko) Chrome/149.0.0.0 Safari/537.36"
2026-06-29 16:49:20 [http]: ::1 - - [29/Jun/2026:11:49:20 +0000] "GET /api/admin/analytics?days=1 HTTP/1.1" 304 - "http://[::1]:3001/" "Mozilla/5.0 (Windows NT 10.0; Win64; x64) AppleWebKit/537.36 (KHTML, like Gecko) Chrome/149.0.0.0 Safari/537.36"
2026-06-29 16:49:20 [debug]: Socket connected: JawcoTdfWrlSNk-AAAAK (user: 6a2e8c1729480cfe0d020ac1)
2026-06-29 16:49:20 [debug]: Socket connected: oxyiJUVg7kFwG_WdAAAL (user: 6a2e8c1729480cfe0d020ac1)
2026-06-29 16:49:29 [http]: ::1 - - [29/Jun/2026:11:49:29 +0000] "POST /api/queues/create HTTP/1.1" 404 70 "http://[::1]:3001/" "Mozilla/5.0 (Windows NT 10.0; Win64; x64) AppleWebKit/537.36 (KHTML, like Gecko) Chrome/149.0.0.0 Safari/537.36"
2026-07-02 16:56:04 [info]: ✅ Socket.io initialized
2026-07-02 16:56:04 [error]: ❌ MongoDB connection error (attempt 1): The `uri` parameter to `openUri()` must be a string, got "undefined". Make sure the first parameter to `mongoose.connect()` or `mongoose.createConnection()` is a string.
2026-07-02 16:56:04 [info]: ⏳ Retrying in 5s...
2026-07-02 16:56:04 [error]: MongoDB error: The `uri` parameter to `openUri()` must be a string, got "undefined". Make sure the first parameter to `mongoose.connect()` or `mongoose.createConnection()` is a string.
2026-07-02 16:56:04 [info]: 
╔══════════════════════════════════════════╗
║   Smart Queue API — Server Started       ║
║   Port    : 5000                           ║
║   Mode    : development                  ║
║   WS      : Socket.io enabled            ║
╚══════════════════════════════════════════╝
    
2026-07-02 16:56:09 [error]: ❌ MongoDB connection error (attempt 2): The `uri` parameter to `openUri()` must be a string, got "undefined". Make sure the first parameter to `mongoose.connect()` or `mongoose.createConnection()` is a string.
2026-07-02 16:56:09 [info]: ⏳ Retrying in 5s...
2026-07-02 16:56:09 [error]: MongoDB error: The `uri` parameter to `openUri()` must be a string, got "undefined". Make sure the first parameter to `mongoose.connect()` or `mongoose.createConnection()` is a string.
2026-07-02 16:56:14 [error]: ❌ MongoDB connection error (attempt 3): The `uri` parameter to `openUri()` must be a string, got "undefined". Make sure the first parameter to `mongoose.connect()` or `mongoose.createConnection()` is a string.
2026-07-02 16:56:14 [info]: ⏳ Retrying in 5s...
2026-07-02 16:56:14 [error]: MongoDB error: The `uri` parameter to `openUri()` must be a string, got "undefined". Make sure the first parameter to `mongoose.connect()` or `mongoose.createConnection()` is a string.
2026-07-02 16:56:19 [error]: ❌ MongoDB connection error (attempt 4): The `uri` parameter to `openUri()` must be a string, got "undefined". Make sure the first parameter to `mongoose.connect()` or `mongoose.createConnection()` is a string.
2026-07-02 16:56:19 [info]: ⏳ Retrying in 5s...
2026-07-02 16:56:19 [error]: MongoDB error: The `uri` parameter to `openUri()` must be a string, got "undefined". Make sure the first parameter to `mongoose.connect()` or `mongoose.createConnection()` is a string.
2026-07-02 16:56:24 [error]: ❌ MongoDB connection error (attempt 5): The `uri` parameter to `openUri()` must be a string, got "undefined". Make sure the first parameter to `mongoose.connect()` or `mongoose.createConnection()` is a string.
2026-07-02 17:14:29 [info]: ✅ Socket.io initialized
2026-07-02 17:14:31 [info]: ✅ MongoDB connected: ac-tki9cin-shard-00-00.wbopcac.mongodb.net
2026-07-02 17:14:31 [info]: 
╔══════════════════════════════════════════╗
║   Smart Queue API — Server Started       ║
║   Port    : 5000                           ║
║   Mode    : development                  ║
║   WS      : Socket.io enabled            ║
╚══════════════════════════════════════════╝
    
2026-07-02 17:16:30 [info]: ✅ Socket.io initialized
2026-07-02 17:16:30 [info]: ✅ Socket.io initialized
2026-07-02 17:16:31 [info]: ✅ MongoDB connected: ac-tki9cin-shard-00-01.wbopcac.mongodb.net
2026-07-02 17:16:31 [info]: 
╔══════════════════════════════════════════╗
║   Smart Queue API — Server Started       ║
║   Port    : 5000                           ║
║   Mode    : development                  ║
║   WS      : Socket.io enabled            ║
╚══════════════════════════════════════════╝
    
2026-07-02 17:16:31 [info]: ✅ MongoDB connected: ac-tki9cin-shard-00-02.wbopcac.mongodb.net
2026-07-02 17:16:31 [warn]: Port 5000 is already in use. Retrying on port 5001...
2026-07-02 17:16:32 [info]: 
╔══════════════════════════════════════════╗
║   Smart Queue API — Server Started       ║
║   Port    : 5001                           ║
║   Mode    : development                  ║
║   WS      : Socket.io enabled            ║
╚══════════════════════════════════════════╝
    
2026-07-02 17:16:35 [info]: ✅ Socket.io initialized
2026-07-02 17:16:35 [info]: ✅ Socket.io initialized
2026-07-02 17:16:37 [info]: ✅ MongoDB connected: ac-tki9cin-shard-00-02.wbopcac.mongodb.net
2026-07-02 17:16:37 [info]: ✅ MongoDB connected: ac-tki9cin-shard-00-00.wbopcac.mongodb.net
2026-07-02 17:16:37 [info]: 
╔══════════════════════════════════════════╗
║   Smart Queue API — Server Started       ║
║   Port    : 5000                           ║
║   Mode    : development                  ║
║   WS      : Socket.io enabled            ║
╚══════════════════════════════════════════╝
    
2026-07-02 17:16:37 [warn]: Port 5000 is already in use. Retrying on port 5001...
2026-07-02 17:16:37 [info]: 
╔══════════════════════════════════════════╗
║   Smart Queue API — Server Started       ║
║   Port    : 5001                           ║
║   Mode    : development                  ║
║   WS      : Socket.io enabled            ║
╚══════════════════════════════════════════╝
    
2026-07-02 17:18:25 [http]: ::1 - - [02/Jul/2026:12:18:25 +0000] "GET /health HTTP/1.1" 200 133 "http://[::1]:3000/" "Mozilla/5.0 (Windows NT 10.0; Win64; x64) AppleWebKit/537.36 (KHTML, like Gecko) Chrome/149.0.0.0 Safari/537.36"
2026-07-02 17:19:10 [info]: New user registered: aurangzaibsial515@gmail.com (admin)
2026-07-02 17:19:10 [http]: ::1 - - [02/Jul/2026:12:19:10 +0000] "POST /api/auth/register HTTP/1.1" 201 523 "http://[::1]:3000/" "Mozilla/5.0 (Windows NT 10.0; Win64; x64) AppleWebKit/537.36 (KHTML, like Gecko) Chrome/149.0.0.0 Safari/537.36"
2026-07-02 17:19:11 [debug]: Socket connected: SWi11iXSlkV9_wfyAAAB (user: 6a46573dec7b0c88dc002b62)
2026-07-02 17:19:52 [http]: ::1 - - [02/Jul/2026:12:19:52 +0000] "POST /api/business/register HTTP/1.1" 201 1677 "http://[::1]:3000/" "Mozilla/5.0 (Windows NT 10.0; Win64; x64) AppleWebKit/537.36 (KHTML, like Gecko) Chrome/149.0.0.0 Safari/537.36"
2026-07-02 17:19:52 [http]: ::1 - - [02/Jul/2026:12:19:52 +0000] "GET /api/queues/list?slug=undefined HTTP/1.1" 404 82 "http://[::1]:3000/" "Mozilla/5.0 (Windows NT 10.0; Win64; x64) AppleWebKit/537.36 (KHTML, like Gecko) Chrome/149.0.0.0 Safari/537.36"
2026-07-02 17:19:53 [http]: ::1 - - [02/Jul/2026:12:19:53 +0000] "GET /api/business/me HTTP/1.1" 200 1496 "http://[::1]:3000/" "Mozilla/5.0 (Windows NT 10.0; Win64; x64) AppleWebKit/537.36 (KHTML, like Gecko) Chrome/149.0.0.0 Safari/537.36"
2026-07-02 17:19:54 [http]: ::1 - - [02/Jul/2026:12:19:54 +0000] "GET /api/admin/analytics?days=1 HTTP/1.1" 304 - "http://[::1]:3000/" "Mozilla/5.0 (Windows NT 10.0; Win64; x64) AppleWebKit/537.36 (KHTML, like Gecko) Chrome/149.0.0.0 Safari/537.36"
2026-07-02 17:19:59 [http]: ::1 - - [02/Jul/2026:12:19:59 +0000] "GET /api/queues/list?slug= HTTP/1.1" 404 73 "http://[::1]:3000/" "Mozilla/5.0 (Windows NT 10.0; Win64; x64) AppleWebKit/537.36 (KHTML, like Gecko) Chrome/149.0.0.0 Safari/537.36"
2026-07-02 17:19:59 [http]: ::1 - - [02/Jul/2026:12:19:59 +0000] "GET /api/queues/list?slug= HTTP/1.1" 404 73 "http://[::1]:3000/" "Mozilla/5.0 (Windows NT 10.0; Win64; x64) AppleWebKit/537.36 (KHTML, like Gecko) Chrome/149.0.0.0 Safari/537.36"
2026-07-02 17:20:00 [http]: ::1 - - [02/Jul/2026:12:20:00 +0000] "GET /api/admin/analytics?days=7 HTTP/1.1" 304 - "http://[::1]:3000/" "Mozilla/5.0 (Windows NT 10.0; Win64; x64) AppleWebKit/537.36 (KHTML, like Gecko) Chrome/149.0.0.0 Safari/537.36"
2026-07-02 17:20:00 [http]: ::1 - - [02/Jul/2026:12:20:00 +0000] "GET /api/admin/analytics?days=7 HTTP/1.1" 304 - "http://[::1]:3000/" "Mozilla/5.0 (Windows NT 10.0; Win64; x64) AppleWebKit/537.36 (KHTML, like Gecko) Chrome/149.0.0.0 Safari/537.36"
2026-07-02 17:20:13 [http]: ::1 - - [02/Jul/2026:12:20:13 +0000] "GET /api/queues/list?slug=undefined HTTP/1.1" 404 82 "http://[::1]:3000/" "Mozilla/5.0 (Windows NT 10.0; Win64; x64) AppleWebKit/537.36 (KHTML, like Gecko) Chrome/149.0.0.0 Safari/537.36"
2026-07-02 17:20:13 [http]: ::1 - - [02/Jul/2026:12:20:13 +0000] "GET /api/queues/list?slug=undefined HTTP/1.1" 404 82 "http://[::1]:3000/" "Mozilla/5.0 (Windows NT 10.0; Win64; x64) AppleWebKit/537.36 (KHTML, like Gecko) Chrome/149.0.0.0 Safari/537.36"
2026-07-02 17:20:13 [http]: ::1 - - [02/Jul/2026:12:20:13 +0000] "GET /api/business/me HTTP/1.1" 304 - "http://[::1]:3000/" "Mozilla/5.0 (Windows NT 10.0; Win64; x64) AppleWebKit/537.36 (KHTML, like Gecko) Chrome/149.0.0.0 Safari/537.36"
2026-07-02 17:20:14 [http]: ::1 - - [02/Jul/2026:12:20:14 +0000] "GET /api/admin/analytics?days=1 HTTP/1.1" 304 - "http://[::1]:3000/" "Mozilla/5.0 (Windows NT 10.0; Win64; x64) AppleWebKit/537.36 (KHTML, like Gecko) Chrome/149.0.0.0 Safari/537.36"
2026-07-02 17:20:14 [http]: ::1 - - [02/Jul/2026:12:20:14 +0000] "GET /api/business/me HTTP/1.1" 304 - "http://[::1]:3000/" "Mozilla/5.0 (Windows NT 10.0; Win64; x64) AppleWebKit/537.36 (KHTML, like Gecko) Chrome/149.0.0.0 Safari/537.36"
2026-07-02 17:20:14 [http]: ::1 - - [02/Jul/2026:12:20:14 +0000] "GET /api/admin/analytics?days=1 HTTP/1.1" 304 - "http://[::1]:3000/" "Mozilla/5.0 (Windows NT 10.0; Win64; x64) AppleWebKit/537.36 (KHTML, like Gecko) Chrome/149.0.0.0 Safari/537.36"
2026-07-02 17:21:19 [debug]: Socket disconnected: SWi11iXSlkV9_wfyAAAB (client namespace disconnect)
2026-07-02 17:21:47 [info]: User logged in: aurangzaibsial515@gmail.com
2026-07-02 17:21:47 [http]: ::1 - - [02/Jul/2026:12:21:47 +0000] "POST /api/auth/login HTTP/1.1" 200 572 "http://[::1]:3000/" "Mozilla/5.0 (Windows NT 10.0; Win64; x64) AppleWebKit/537.36 (KHTML, like Gecko) Chrome/149.0.0.0 Safari/537.36"
2026-07-02 17:21:47 [debug]: Socket connected: bPmsNJTIb2BjoHljAAAD (user: 6a46573dec7b0c88dc002b62)
2026-07-02 17:25:38 [debug]: Socket disconnected: bPmsNJTIb2BjoHljAAAD (client namespace disconnect)
2026-07-02 18:00:49 [info]: ✅ Socket.io initialized
2026-07-02 18:00:50 [info]: ✅ MongoDB connected: ac-tki9cin-shard-00-02.wbopcac.mongodb.net
2026-07-02 18:00:50 [info]: 
╔══════════════════════════════════════════╗
║   Smart Queue API — Server Started       ║
║   Port    : 5000                           ║
║   Mode    : development                  ║
║   WS      : Socket.io enabled            ║
╚══════════════════════════════════════════╝
    
2026-07-02 18:01:21 [http]: ::1 - - [02/Jul/2026:13:01:21 +0000] "GET /health HTTP/1.1" 200 132 "http://[::1]:3000/" "Mozilla/5.0 (Windows NT 10.0; Win64; x64) AppleWebKit/537.36 (KHTML, like Gecko) Chrome/149.0.0.0 Safari/537.36"
2026-07-02 18:02:30 [info]: New user registered: qasim@gmail.com (admin)
2026-07-02 18:02:30 [http]: ::1 - - [02/Jul/2026:13:02:30 +0000] "POST /api/auth/register HTTP/1.1" 201 514 "http://[::1]:3000/" "Mozilla/5.0 (Windows NT 10.0; Win64; x64) AppleWebKit/537.36 (KHTML, like Gecko) Chrome/149.0.0.0 Safari/537.36"
2026-07-02 18:02:30 [debug]: Socket connected: cThfyqA9z1gUzIDtAAAB (user: 6a466165b23422b3d0bb174e)
2026-07-02 18:03:09 [warn]: ⚠️  MongoDB disconnected. Attempting reconnect...
2026-07-02 18:03:14 [warn]: Auth middleware JWT error: connection <monitor> to 159.41.207.243:27017 closed
2026-07-02 18:03:14 [http]: ::1 - - [02/Jul/2026:13:03:14 +0000] "POST /api/business/register HTTP/1.1" 401 52 "http://[::1]:3000/" "Mozilla/5.0 (Windows NT 10.0; Win64; x64) AppleWebKit/537.36 (KHTML, like Gecko) Chrome/149.0.0.0 Safari/537.36"
2026-07-02 18:03:14 [debug]: Socket disconnected: cThfyqA9z1gUzIDtAAAB (client namespace disconnect)
2026-07-02 18:03:14 [warn]: ⚠️  MongoDB disconnected. Attempting reconnect...
2026-07-02 18:03:14 [error]: ❌ MongoDB connection error (attempt 1): Could not connect to any servers in your MongoDB Atlas cluster. One common reason is that you're trying to access the database from an IP that isn't whitelisted. Make sure your current IP address is on your Atlas cluster's IP whitelist: https://www.mongodb.com/docs/atlas/security-whitelist/
2026-07-02 18:03:14 [info]: ⏳ Retrying in 5s...
2026-07-02 18:03:14 [error]: MongoDB error: Server selection timed out after 5000 ms
2026-07-02 18:03:19 [info]: ✅ MongoDB connected: ac-tki9cin-shard-00-02.wbopcac.mongodb.net
2026-07-02 18:03:19 [warn]: ⚠️  MongoDB disconnected. Attempting reconnect...
2026-07-02 18:03:19 [error]: ❌ MongoDB connection error (attempt 1): Could not connect to any servers in your MongoDB Atlas cluster. One common reason is that you're trying to access the database from an IP that isn't whitelisted. Make sure your current IP address is on your Atlas cluster's IP whitelist: https://www.mongodb.com/docs/atlas/security-whitelist/
2026-07-02 18:03:19 [info]: ⏳ Retrying in 5s...
2026-07-02 18:03:19 [error]: MongoDB error: Server selection timed out after 5000 ms
2026-07-02 18:03:24 [info]: ✅ MongoDB connected: ac-tki9cin-shard-00-02.wbopcac.mongodb.net
2026-07-02 18:03:24 [warn]: ⚠️  MongoDB disconnected. Attempting reconnect...
2026-07-02 18:03:24 [error]: ❌ MongoDB connection error (attempt 1): Could not connect to any servers in your MongoDB Atlas cluster. One common reason is that you're trying to access the database from an IP that isn't whitelisted. Make sure your current IP address is on your Atlas cluster's IP whitelist: https://www.mongodb.com/docs/atlas/security-whitelist/
2026-07-02 18:03:24 [info]: ⏳ Retrying in 5s...
2026-07-02 18:03:24 [error]: MongoDB error: Server selection timed out after 5000 ms
2026-07-02 18:03:29 [info]: ✅ MongoDB connected: ac-tki9cin-shard-00-02.wbopcac.mongodb.net
2026-07-02 18:03:29 [warn]: ⚠️  MongoDB disconnected. Attempting reconnect...
2026-07-02 18:03:29 [error]: ❌ MongoDB connection error (attempt 1): Could not connect to any servers in your MongoDB Atlas cluster. One common reason is that you're trying to access the database from an IP that isn't whitelisted. Make sure your current IP address is on your Atlas cluster's IP whitelist: https://www.mongodb.com/docs/atlas/security-whitelist/
2026-07-02 18:03:29 [info]: ⏳ Retrying in 5s...
2026-07-02 18:03:29 [error]: MongoDB error: Server selection timed out after 5000 ms
2026-07-02 18:03:34 [info]: ✅ MongoDB connected: ac-tki9cin-shard-00-02.wbopcac.mongodb.net
2026-07-02 18:03:34 [warn]: ⚠️  MongoDB disconnected. Attempting reconnect...
2026-07-02 18:03:34 [error]: ❌ MongoDB connection error (attempt 1): Could not connect to any servers in your MongoDB Atlas cluster. One common reason is that you're trying to access the database from an IP that isn't whitelisted. Make sure your current IP address is on your Atlas cluster's IP whitelist: https://www.mongodb.com/docs/atlas/security-whitelist/
2026-07-02 18:03:34 [info]: ⏳ Retrying in 5s...
2026-07-02 18:03:34 [error]: MongoDB error: Server selection timed out after 5000 ms
2026-07-02 18:03:39 [info]: ✅ MongoDB connected: ac-tki9cin-shard-00-02.wbopcac.mongodb.net
2026-07-02 18:03:40 [warn]: ⚠️  MongoDB disconnected. Attempting reconnect...
2026-07-02 18:03:40 [error]: ❌ MongoDB connection error (attempt 1): Could not connect to any servers in your MongoDB Atlas cluster. One common reason is that you're trying to access the database from an IP that isn't whitelisted. Make sure your current IP address is on your Atlas cluster's IP whitelist: https://www.mongodb.com/docs/atlas/security-whitelist/
2026-07-02 18:03:40 [info]: ⏳ Retrying in 5s...
2026-07-02 18:03:40 [error]: MongoDB error: Server selection timed out after 5000 ms
2026-07-02 18:03:44 [error]: MongoServerSelectionError: connection <monitor> to 159.41.176.6:27017 timed out
    at Topology.selectServer (C:\Users\Muhammad Aurangzaib\Desktop\Queue1\Queue-mangment\smart-queue-backend\node_modules\mongodb\lib\sdam\topology.js:327:38)
    at async tryOperation (C:\Users\Muhammad Aurangzaib\Desktop\Queue1\Queue-mangment\smart-queue-backend\node_modules\mongodb\lib\operations\execute_operation.js:148:18)
    at async executeOperation (C:\Users\Muhammad Aurangzaib\Desktop\Queue1\Queue-mangment\smart-queue-backend\node_modules\mongodb\lib\operations\execute_operation.js:78:16)
    at async FindCursor._initialize (C:\Users\Muhammad Aurangzaib\Desktop\Queue1\Queue-mangment\smart-queue-backend\node_modules\mongodb\lib\cursor\find_cursor.js:62:26)
    at async FindCursor.cursorInit (C:\Users\Muhammad Aurangzaib\Desktop\Queue1\Queue-mangment\smart-queue-backend\node_modules\mongodb\lib\cursor\abstract_cursor.js:632:27)
    at async FindCursor.fetchBatch (C:\Users\Muhammad Aurangzaib\Desktop\Queue1\Queue-mangment\smart-queue-backend\node_modules\mongodb\lib\cursor\abstract_cursor.js:666:13)
    at async FindCursor.next (C:\Users\Muhammad Aurangzaib\Desktop\Queue1\Queue-mangment\smart-queue-backend\node_modules\mongodb\lib\cursor\abstract_cursor.js:342:17)
    at async Collection.findOne (C:\Users\Muhammad Aurangzaib\Desktop\Queue1\Queue-mangment\smart-queue-backend\node_modules\mongodb\lib\collection.js:313:24)
    at async model.Query._findOne (C:\Users\Muhammad Aurangzaib\Desktop\Queue1\Queue-mangment\smart-queue-backend\node_modules\mongoose\lib\query.js:2710:15)
    at async model.Query.exec (C:\Users\Muhammad Aurangzaib\Desktop\Queue1\Queue-mangment\smart-queue-backend\node_modules\mongoose\lib\query.js:4627:63)
2026-07-02 18:03:44 [http]: ::1 - - [02/Jul/2026:13:03:44 +0000] "POST /api/auth/login HTTP/1.1" 500 82 "http://[::1]:3000/" "Mozilla/5.0 (Windows NT 10.0; Win64; x64) AppleWebKit/537.36 (KHTML, like Gecko) Chrome/149.0.0.0 Safari/537.36"
2026-07-02 18:03:45 [info]: ✅ MongoDB connected: ac-tki9cin-shard-00-02.wbopcac.mongodb.net
2026-07-02 18:03:45 [warn]: ⚠️  MongoDB disconnected. Attempting reconnect...
2026-07-02 18:03:45 [error]: ❌ MongoDB connection error (attempt 1): Could not connect to any servers in your MongoDB Atlas cluster. One common reason is that you're trying to access the database from an IP that isn't whitelisted. Make sure your current IP address is on your Atlas cluster's IP whitelist: https://www.mongodb.com/docs/atlas/security-whitelist/
2026-07-02 18:03:45 [info]: ⏳ Retrying in 5s...
2026-07-02 18:03:45 [error]: MongoDB error: Server selection timed out after 5000 ms
2026-07-02 18:03:50 [info]: ✅ MongoDB connected: ac-tki9cin-shard-00-02.wbopcac.mongodb.net
2026-07-02 18:03:50 [warn]: ⚠️  MongoDB disconnected. Attempting reconnect...
2026-07-02 18:03:50 [error]: ❌ MongoDB connection error (attempt 1): Could not connect to any servers in your MongoDB Atlas cluster. One common reason is that you're trying to access the database from an IP that isn't whitelisted. Make sure your current IP address is on your Atlas cluster's IP whitelist: https://www.mongodb.com/docs/atlas/security-whitelist/
2026-07-02 18:03:50 [info]: ⏳ Retrying in 5s...
2026-07-02 18:03:50 [error]: MongoDB error: Server selection timed out after 5000 ms
2026-07-02 18:03:55 [info]: ✅ MongoDB connected: ac-tki9cin-shard-00-02.wbopcac.mongodb.net
2026-07-02 18:03:55 [warn]: ⚠️  MongoDB disconnected. Attempting reconnect...
2026-07-02 18:03:55 [error]: ❌ MongoDB connection error (attempt 1): Could not connect to any servers in your MongoDB Atlas cluster. One common reason is that you're trying to access the database from an IP that isn't whitelisted. Make sure your current IP address is on your Atlas cluster's IP whitelist: https://www.mongodb.com/docs/atlas/security-whitelist/
2026-07-02 18:03:55 [info]: ⏳ Retrying in 5s...
2026-07-02 18:03:55 [error]: MongoDB error: Server selection timed out after 5000 ms
2026-07-02 18:03:55 [info]: ✅ MongoDB connected: ac-tki9cin-shard-00-02.wbopcac.mongodb.net
2026-07-02 18:04:00 [info]: ✅ MongoDB connected: ac-tki9cin-shard-00-02.wbopcac.mongodb.net
2026-07-02 18:04:24 [warn]: [POST /api/auth/register] 409 — Email already exists.
2026-07-02 18:04:24 [http]: ::1 - - [02/Jul/2026:13:04:24 +0000] "POST /api/auth/register HTTP/1.1" 409 51 "http://[::1]:3000/" "Mozilla/5.0 (Windows NT 10.0; Win64; x64) AppleWebKit/537.36 (KHTML, like Gecko) Chrome/149.0.0.0 Safari/537.36"
2026-07-02 18:04:34 [info]: User logged in: qasim@gmail.com
2026-07-02 18:04:34 [http]: ::1 - - [02/Jul/2026:13:04:34 +0000] "POST /api/auth/login HTTP/1.1" 200 541 "http://[::1]:3000/" "Mozilla/5.0 (Windows NT 10.0; Win64; x64) AppleWebKit/537.36 (KHTML, like Gecko) Chrome/149.0.0.0 Safari/537.36"
2026-07-02 18:04:35 [debug]: Socket connected: h-jWB6MVExE_giW9AAAD (user: 6a466165b23422b3d0bb174e)
2026-07-02 18:05:14 [http]: ::1 - - [02/Jul/2026:13:05:14 +0000] "POST /api/business/register HTTP/1.1" 201 1820 "http://[::1]:3000/" "Mozilla/5.0 (Windows NT 10.0; Win64; x64) AppleWebKit/537.36 (KHTML, like Gecko) Chrome/149.0.0.0 Safari/537.36"
2026-07-02 18:05:14 [http]: ::1 - - [02/Jul/2026:13:05:14 +0000] "GET /api/queues/list?slug=e-juhdy-ki-1 HTTP/1.1" 404 85 "http://[::1]:3000/" "Mozilla/5.0 (Windows NT 10.0; Win64; x64) AppleWebKit/537.36 (KHTML, like Gecko) Chrome/149.0.0.0 Safari/537.36"
2026-07-02 18:05:15 [http]: ::1 - - [02/Jul/2026:13:05:15 +0000] "GET /api/business/me HTTP/1.1" 200 1490 "http://[::1]:3000/" "Mozilla/5.0 (Windows NT 10.0; Win64; x64) AppleWebKit/537.36 (KHTML, like Gecko) Chrome/149.0.0.0 Safari/537.36"
2026-07-02 18:05:16 [http]: ::1 - - [02/Jul/2026:13:05:16 +0000] "GET /api/admin/analytics?days=1 HTTP/1.1" 304 - "http://[::1]:3000/" "Mozilla/5.0 (Windows NT 10.0; Win64; x64) AppleWebKit/537.36 (KHTML, like Gecko) Chrome/149.0.0.0 Safari/537.36"
2026-07-02 18:05:20 [http]: ::1 - - [02/Jul/2026:13:05:20 +0000] "GET /api/queues/list?slug=e-juhdy-ki-1 HTTP/1.1" 404 85 "http://[::1]:3000/" "Mozilla/5.0 (Windows NT 10.0; Win64; x64) AppleWebKit/537.36 (KHTML, like Gecko) Chrome/149.0.0.0 Safari/537.36"
2026-07-02 18:05:20 [http]: ::1 - - [02/Jul/2026:13:05:20 +0000] "GET /api/queues/list?slug=e-juhdy-ki-1 HTTP/1.1" 404 85 "http://[::1]:3000/" "Mozilla/5.0 (Windows NT 10.0; Win64; x64) AppleWebKit/537.36 (KHTML, like Gecko) Chrome/149.0.0.0 Safari/537.36"
2026-07-02 18:05:20 [http]: ::1 - - [02/Jul/2026:13:05:20 +0000] "GET /api/admin/analytics?days=7 HTTP/1.1" 304 - "http://[::1]:3000/" "Mozilla/5.0 (Windows NT 10.0; Win64; x64) AppleWebKit/537.36 (KHTML, like Gecko) Chrome/149.0.0.0 Safari/537.36"
2026-07-02 18:05:21 [http]: ::1 - - [02/Jul/2026:13:05:21 +0000] "GET /api/admin/analytics?days=7 HTTP/1.1" 304 - "http://[::1]:3000/" "Mozilla/5.0 (Windows NT 10.0; Win64; x64) AppleWebKit/537.36 (KHTML, like Gecko) Chrome/149.0.0.0 Safari/537.36"
2026-07-02 18:05:29 [debug]: Socket disconnected: h-jWB6MVExE_giW9AAAD (client namespace disconnect)
2026-07-02 18:05:49 [info]: New user registered: bilal@gmail.com (user)
2026-07-02 18:05:49 [http]: ::1 - - [02/Jul/2026:13:05:49 +0000] "POST /api/auth/register HTTP/1.1" 201 513 "http://[::1]:3000/" "Mozilla/5.0 (Windows NT 10.0; Win64; x64) AppleWebKit/537.36 (KHTML, like Gecko) Chrome/149.0.0.0 Safari/537.36"
2026-07-02 18:05:50 [debug]: Socket connected: qTwaP4KulMYwqK-eAAAF (user: 6a46622db23422b3d0bb1779)
