2026-04-23 01:46:37 [error]: Error: CORS: Origin http://192.168.56.1:3000 not allowed
    at origin (C:\Users\Muhammad Aurangzaib\Desktop\Queue managment\smart-queue-backend\server.js:82:18)
    at C:\Users\Muhammad Aurangzaib\Desktop\Queue managment\smart-queue-backend\node_modules\cors\lib\index.js:219:13
    at optionsCallback (C:\Users\Muhammad Aurangzaib\Desktop\Queue managment\smart-queue-backend\node_modules\cors\lib\index.js:199:9)
    at corsMiddleware (C:\Users\Muhammad Aurangzaib\Desktop\Queue managment\smart-queue-backend\node_modules\cors\lib\index.js:204:7)
    at Layer.handle [as handle_request] (C:\Users\Muhammad Aurangzaib\Desktop\Queue managment\smart-queue-backend\node_modules\express\lib\router\layer.js:95:5)
    at trim_prefix (C:\Users\Muhammad Aurangzaib\Desktop\Queue managment\smart-queue-backend\node_modules\express\lib\router\index.js:328:13)
    at C:\Users\Muhammad Aurangzaib\Desktop\Queue managment\smart-queue-backend\node_modules\express\lib\router\index.js:286:9
    at Function.process_params (C:\Users\Muhammad Aurangzaib\Desktop\Queue managment\smart-queue-backend\node_modules\express\lib\router\index.js:346:12)
    at next (C:\Users\Muhammad Aurangzaib\Desktop\Queue managment\smart-queue-backend\node_modules\express\lib\router\index.js:280:10)
    at internalNext (C:\Users\Muhammad Aurangzaib\Desktop\Queue managment\smart-queue-backend\node_modules\helmet\index.cjs:537:6)
2026-04-23 01:46:41 [error]: Error: CORS: Origin http://192.168.56.1:3000 not allowed
    at origin (C:\Users\Muhammad Aurangzaib\Desktop\Queue managment\smart-queue-backend\server.js:82:18)
    at C:\Users\Muhammad Aurangzaib\Desktop\Queue managment\smart-queue-backend\node_modules\cors\lib\index.js:219:13
    at optionsCallback (C:\Users\Muhammad Aurangzaib\Desktop\Queue managment\smart-queue-backend\node_modules\cors\lib\index.js:199:9)
    at corsMiddleware (C:\Users\Muhammad Aurangzaib\Desktop\Queue managment\smart-queue-backend\node_modules\cors\lib\index.js:204:7)
    at Layer.handle [as handle_request] (C:\Users\Muhammad Aurangzaib\Desktop\Queue managment\smart-queue-backend\node_modules\express\lib\router\layer.js:95:5)
    at trim_prefix (C:\Users\Muhammad Aurangzaib\Desktop\Queue managment\smart-queue-backend\node_modules\express\lib\router\index.js:328:13)
    at C:\Users\Muhammad Aurangzaib\Desktop\Queue managment\smart-queue-backend\node_modules\express\lib\router\index.js:286:9
    at Function.process_params (C:\Users\Muhammad Aurangzaib\Desktop\Queue managment\smart-queue-backend\node_modules\express\lib\router\index.js:346:12)
    at next (C:\Users\Muhammad Aurangzaib\Desktop\Queue managment\smart-queue-backend\node_modules\express\lib\router\index.js:280:10)
    at internalNext (C:\Users\Muhammad Aurangzaib\Desktop\Queue managment\smart-queue-backend\node_modules\helmet\index.cjs:537:6)
2026-04-23 01:47:20 [error]: Error: CORS: Origin http://192.168.56.1:3000 not allowed
    at origin (C:\Users\Muhammad Aurangzaib\Desktop\Queue managment\smart-queue-backend\server.js:82:18)
    at C:\Users\Muhammad Aurangzaib\Desktop\Queue managment\smart-queue-backend\node_modules\cors\lib\index.js:219:13
    at optionsCallback (C:\Users\Muhammad Aurangzaib\Desktop\Queue managment\smart-queue-backend\node_modules\cors\lib\index.js:199:9)
    at corsMiddleware (C:\Users\Muhammad Aurangzaib\Desktop\Queue managment\smart-queue-backend\node_modules\cors\lib\index.js:204:7)
    at Layer.handle [as handle_request] (C:\Users\Muhammad Aurangzaib\Desktop\Queue managment\smart-queue-backend\node_modules\express\lib\router\layer.js:95:5)
    at trim_prefix (C:\Users\Muhammad Aurangzaib\Desktop\Queue managment\smart-queue-backend\node_modules\express\lib\router\index.js:328:13)
    at C:\Users\Muhammad Aurangzaib\Desktop\Queue managment\smart-queue-backend\node_modules\express\lib\router\index.js:286:9
    at Function.process_params (C:\Users\Muhammad Aurangzaib\Desktop\Queue managment\smart-queue-backend\node_modules\express\lib\router\index.js:346:12)
    at next (C:\Users\Muhammad Aurangzaib\Desktop\Queue managment\smart-queue-backend\node_modules\express\lib\router\index.js:280:10)
    at internalNext (C:\Users\Muhammad Aurangzaib\Desktop\Queue managment\smart-queue-backend\node_modules\helmet\index.cjs:537:6)
2026-04-23 01:48:41 [error]: Error: CORS: Origin http://192.168.56.1:3000 not allowed
    at origin (C:\Users\Muhammad Aurangzaib\Desktop\Queue managment\smart-queue-backend\server.js:82:18)
    at C:\Users\Muhammad Aurangzaib\Desktop\Queue managment\smart-queue-backend\node_modules\cors\lib\index.js:219:13
    at optionsCallback (C:\Users\Muhammad Aurangzaib\Desktop\Queue managment\smart-queue-backend\node_modules\cors\lib\index.js:199:9)
    at corsMiddleware (C:\Users\Muhammad Aurangzaib\Desktop\Queue managment\smart-queue-backend\node_modules\cors\lib\index.js:204:7)
    at Layer.handle [as handle_request] (C:\Users\Muhammad Aurangzaib\Desktop\Queue managment\smart-queue-backend\node_modules\express\lib\router\layer.js:95:5)
    at trim_prefix (C:\Users\Muhammad Aurangzaib\Desktop\Queue managment\smart-queue-backend\node_modules\express\lib\router\index.js:328:13)
    at C:\Users\Muhammad Aurangzaib\Desktop\Queue managment\smart-queue-backend\node_modules\express\lib\router\index.js:286:9
    at Function.process_params (C:\Users\Muhammad Aurangzaib\Desktop\Queue managment\smart-queue-backend\node_modules\express\lib\router\index.js:346:12)
    at next (C:\Users\Muhammad Aurangzaib\Desktop\Queue managment\smart-queue-backend\node_modules\express\lib\router\index.js:280:10)
    at internalNext (C:\Users\Muhammad Aurangzaib\Desktop\Queue managment\smart-queue-backend\node_modules\helmet\index.cjs:537:6)
2026-04-23 01:49:08 [error]: Error: CORS: Origin http://192.168.56.1:3000 not allowed
    at origin (C:\Users\Muhammad Aurangzaib\Desktop\Queue managment\smart-queue-backend\server.js:82:18)
    at C:\Users\Muhammad Aurangzaib\Desktop\Queue managment\smart-queue-backend\node_modules\cors\lib\index.js:219:13
    at optionsCallback (C:\Users\Muhammad Aurangzaib\Desktop\Queue managment\smart-queue-backend\node_modules\cors\lib\index.js:199:9)
    at corsMiddleware (C:\Users\Muhammad Aurangzaib\Desktop\Queue managment\smart-queue-backend\node_modules\cors\lib\index.js:204:7)
    at Layer.handle [as handle_request] (C:\Users\Muhammad Aurangzaib\Desktop\Queue managment\smart-queue-backend\node_modules\express\lib\router\layer.js:95:5)
    at trim_prefix (C:\Users\Muhammad Aurangzaib\Desktop\Queue managment\smart-queue-backend\node_modules\express\lib\router\index.js:328:13)
    at C:\Users\Muhammad Aurangzaib\Desktop\Queue managment\smart-queue-backend\node_modules\express\lib\router\index.js:286:9
    at Function.process_params (C:\Users\Muhammad Aurangzaib\Desktop\Queue managment\smart-queue-backend\node_modules\express\lib\router\index.js:346:12)
    at next (C:\Users\Muhammad Aurangzaib\Desktop\Queue managment\smart-queue-backend\node_modules\express\lib\router\index.js:280:10)
    at internalNext (C:\Users\Muhammad Aurangzaib\Desktop\Queue managment\smart-queue-backend\node_modules\helmet\index.cjs:537:6)
2026-04-23 01:49:12 [error]: Error: CORS: Origin http://192.168.56.1:3000 not allowed
    at origin (C:\Users\Muhammad Aurangzaib\Desktop\Queue managment\smart-queue-backend\server.js:82:18)
    at C:\Users\Muhammad Aurangzaib\Desktop\Queue managment\smart-queue-backend\node_modules\cors\lib\index.js:219:13
    at optionsCallback (C:\Users\Muhammad Aurangzaib\Desktop\Queue managment\smart-queue-backend\node_modules\cors\lib\index.js:199:9)
    at corsMiddleware (C:\Users\Muhammad Aurangzaib\Desktop\Queue managment\smart-queue-backend\node_modules\cors\lib\index.js:204:7)
    at Layer.handle [as handle_request] (C:\Users\Muhammad Aurangzaib\Desktop\Queue managment\smart-queue-backend\node_modules\express\lib\router\layer.js:95:5)
    at trim_prefix (C:\Users\Muhammad Aurangzaib\Desktop\Queue managment\smart-queue-backend\node_modules\express\lib\router\index.js:328:13)
    at C:\Users\Muhammad Aurangzaib\Desktop\Queue managment\smart-queue-backend\node_modules\express\lib\router\index.js:286:9
    at Function.process_params (C:\Users\Muhammad Aurangzaib\Desktop\Queue managment\smart-queue-backend\node_modules\express\lib\router\index.js:346:12)
    at next (C:\Users\Muhammad Aurangzaib\Desktop\Queue managment\smart-queue-backend\node_modules\express\lib\router\index.js:280:10)
    at internalNext (C:\Users\Muhammad Aurangzaib\Desktop\Queue managment\smart-queue-backend\node_modules\helmet\index.cjs:537:6)
2026-04-23 01:50:44 [error]: Error: CORS: Origin http://192.168.56.1:3000 not allowed
    at origin (C:\Users\Muhammad Aurangzaib\Desktop\Queue managment\smart-queue-backend\server.js:82:18)
    at C:\Users\Muhammad Aurangzaib\Desktop\Queue managment\smart-queue-backend\node_modules\cors\lib\index.js:219:13
    at optionsCallback (C:\Users\Muhammad Aurangzaib\Desktop\Queue managment\smart-queue-backend\node_modules\cors\lib\index.js:199:9)
    at corsMiddleware (C:\Users\Muhammad Aurangzaib\Desktop\Queue managment\smart-queue-backend\node_modules\cors\lib\index.js:204:7)
    at Layer.handle [as handle_request] (C:\Users\Muhammad Aurangzaib\Desktop\Queue managment\smart-queue-backend\node_modules\express\lib\router\layer.js:95:5)
    at trim_prefix (C:\Users\Muhammad Aurangzaib\Desktop\Queue managment\smart-queue-backend\node_modules\express\lib\router\index.js:328:13)
    at C:\Users\Muhammad Aurangzaib\Desktop\Queue managment\smart-queue-backend\node_modules\express\lib\router\index.js:286:9
    at Function.process_params (C:\Users\Muhammad Aurangzaib\Desktop\Queue managment\smart-queue-backend\node_modules\express\lib\router\index.js:346:12)
    at next (C:\Users\Muhammad Aurangzaib\Desktop\Queue managment\smart-queue-backend\node_modules\express\lib\router\index.js:280:10)
    at internalNext (C:\Users\Muhammad Aurangzaib\Desktop\Queue managment\smart-queue-backend\node_modules\helmet\index.cjs:537:6)
2026-04-23 01:50:45 [error]: Error: CORS: Origin http://192.168.56.1:3000 not allowed
    at origin (C:\Users\Muhammad Aurangzaib\Desktop\Queue managment\smart-queue-backend\server.js:82:18)
    at C:\Users\Muhammad Aurangzaib\Desktop\Queue managment\smart-queue-backend\node_modules\cors\lib\index.js:219:13
    at optionsCallback (C:\Users\Muhammad Aurangzaib\Desktop\Queue managment\smart-queue-backend\node_modules\cors\lib\index.js:199:9)
    at corsMiddleware (C:\Users\Muhammad Aurangzaib\Desktop\Queue managment\smart-queue-backend\node_modules\cors\lib\index.js:204:7)
    at Layer.handle [as handle_request] (C:\Users\Muhammad Aurangzaib\Desktop\Queue managment\smart-queue-backend\node_modules\express\lib\router\layer.js:95:5)
    at trim_prefix (C:\Users\Muhammad Aurangzaib\Desktop\Queue managment\smart-queue-backend\node_modules\express\lib\router\index.js:328:13)
    at C:\Users\Muhammad Aurangzaib\Desktop\Queue managment\smart-queue-backend\node_modules\express\lib\router\index.js:286:9
    at Function.process_params (C:\Users\Muhammad Aurangzaib\Desktop\Queue managment\smart-queue-backend\node_modules\express\lib\router\index.js:346:12)
    at next (C:\Users\Muhammad Aurangzaib\Desktop\Queue managment\smart-queue-backend\node_modules\express\lib\router\index.js:280:10)
    at internalNext (C:\Users\Muhammad Aurangzaib\Desktop\Queue managment\smart-queue-backend\node_modules\helmet\index.cjs:537:6)
2026-04-23 01:50:45 [error]: Error: CORS: Origin http://192.168.56.1:3000 not allowed
    at origin (C:\Users\Muhammad Aurangzaib\Desktop\Queue managment\smart-queue-backend\server.js:82:18)
    at C:\Users\Muhammad Aurangzaib\Desktop\Queue managment\smart-queue-backend\node_modules\cors\lib\index.js:219:13
    at optionsCallback (C:\Users\Muhammad Aurangzaib\Desktop\Queue managment\smart-queue-backend\node_modules\cors\lib\index.js:199:9)
    at corsMiddleware (C:\Users\Muhammad Aurangzaib\Desktop\Queue managment\smart-queue-backend\node_modules\cors\lib\index.js:204:7)
    at Layer.handle [as handle_request] (C:\Users\Muhammad Aurangzaib\Desktop\Queue managment\smart-queue-backend\node_modules\express\lib\router\layer.js:95:5)
    at trim_prefix (C:\Users\Muhammad Aurangzaib\Desktop\Queue managment\smart-queue-backend\node_modules\express\lib\router\index.js:328:13)
    at C:\Users\Muhammad Aurangzaib\Desktop\Queue managment\smart-queue-backend\node_modules\express\lib\router\index.js:286:9
    at Function.process_params (C:\Users\Muhammad Aurangzaib\Desktop\Queue managment\smart-queue-backend\node_modules\express\lib\router\index.js:346:12)
    at next (C:\Users\Muhammad Aurangzaib\Desktop\Queue managment\smart-queue-backend\node_modules\express\lib\router\index.js:280:10)
    at internalNext (C:\Users\Muhammad Aurangzaib\Desktop\Queue managment\smart-queue-backend\node_modules\helmet\index.cjs:537:6)
2026-04-23 01:50:45 [error]: Error: CORS: Origin http://192.168.56.1:3000 not allowed
    at origin (C:\Users\Muhammad Aurangzaib\Desktop\Queue managment\smart-queue-backend\server.js:82:18)
    at C:\Users\Muhammad Aurangzaib\Desktop\Queue managment\smart-queue-backend\node_modules\cors\lib\index.js:219:13
    at optionsCallback (C:\Users\Muhammad Aurangzaib\Desktop\Queue managment\smart-queue-backend\node_modules\cors\lib\index.js:199:9)
    at corsMiddleware (C:\Users\Muhammad Aurangzaib\Desktop\Queue managment\smart-queue-backend\node_modules\cors\lib\index.js:204:7)
    at Layer.handle [as handle_request] (C:\Users\Muhammad Aurangzaib\Desktop\Queue managment\smart-queue-backend\node_modules\express\lib\router\layer.js:95:5)
    at trim_prefix (C:\Users\Muhammad Aurangzaib\Desktop\Queue managment\smart-queue-backend\node_modules\express\lib\router\index.js:328:13)
    at C:\Users\Muhammad Aurangzaib\Desktop\Queue managment\smart-queue-backend\node_modules\express\lib\router\index.js:286:9
    at Function.process_params (C:\Users\Muhammad Aurangzaib\Desktop\Queue managment\smart-queue-backend\node_modules\express\lib\router\index.js:346:12)
    at next (C:\Users\Muhammad Aurangzaib\Desktop\Queue managment\smart-queue-backend\node_modules\express\lib\router\index.js:280:10)
    at internalNext (C:\Users\Muhammad Aurangzaib\Desktop\Queue managment\smart-queue-backend\node_modules\helmet\index.cjs:537:6)
2026-04-23 01:51:34 [error]: Error: CORS: Origin http://192.168.56.1:3000 not allowed
    at origin (C:\Users\Muhammad Aurangzaib\Desktop\Queue managment\smart-queue-backend\server.js:82:18)
    at C:\Users\Muhammad Aurangzaib\Desktop\Queue managment\smart-queue-backend\node_modules\cors\lib\index.js:219:13
    at optionsCallback (C:\Users\Muhammad Aurangzaib\Desktop\Queue managment\smart-queue-backend\node_modules\cors\lib\index.js:199:9)
    at corsMiddleware (C:\Users\Muhammad Aurangzaib\Desktop\Queue managment\smart-queue-backend\node_modules\cors\lib\index.js:204:7)
    at Layer.handle [as handle_request] (C:\Users\Muhammad Aurangzaib\Desktop\Queue managment\smart-queue-backend\node_modules\express\lib\router\layer.js:95:5)
    at trim_prefix (C:\Users\Muhammad Aurangzaib\Desktop\Queue managment\smart-queue-backend\node_modules\express\lib\router\index.js:328:13)
    at C:\Users\Muhammad Aurangzaib\Desktop\Queue managment\smart-queue-backend\node_modules\express\lib\router\index.js:286:9
    at Function.process_params (C:\Users\Muhammad Aurangzaib\Desktop\Queue managment\smart-queue-backend\node_modules\express\lib\router\index.js:346:12)
    at next (C:\Users\Muhammad Aurangzaib\Desktop\Queue managment\smart-queue-backend\node_modules\express\lib\router\index.js:280:10)
    at internalNext (C:\Users\Muhammad Aurangzaib\Desktop\Queue managment\smart-queue-backend\node_modules\helmet\index.cjs:537:6)
2026-04-23 01:51:38 [error]: Error: CORS: Origin http://192.168.56.1:3000 not allowed
    at origin (C:\Users\Muhammad Aurangzaib\Desktop\Queue managment\smart-queue-backend\server.js:82:18)
    at C:\Users\Muhammad Aurangzaib\Desktop\Queue managment\smart-queue-backend\node_modules\cors\lib\index.js:219:13
    at optionsCallback (C:\Users\Muhammad Aurangzaib\Desktop\Queue managment\smart-queue-backend\node_modules\cors\lib\index.js:199:9)
    at corsMiddleware (C:\Users\Muhammad Aurangzaib\Desktop\Queue managment\smart-queue-backend\node_modules\cors\lib\index.js:204:7)
    at Layer.handle [as handle_request] (C:\Users\Muhammad Aurangzaib\Desktop\Queue managment\smart-queue-backend\node_modules\express\lib\router\layer.js:95:5)
    at trim_prefix (C:\Users\Muhammad Aurangzaib\Desktop\Queue managment\smart-queue-backend\node_modules\express\lib\router\index.js:328:13)
    at C:\Users\Muhammad Aurangzaib\Desktop\Queue managment\smart-queue-backend\node_modules\express\lib\router\index.js:286:9
    at Function.process_params (C:\Users\Muhammad Aurangzaib\Desktop\Queue managment\smart-queue-backend\node_modules\express\lib\router\index.js:346:12)
    at next (C:\Users\Muhammad Aurangzaib\Desktop\Queue managment\smart-queue-backend\node_modules\express\lib\router\index.js:280:10)
    at internalNext (C:\Users\Muhammad Aurangzaib\Desktop\Queue managment\smart-queue-backend\node_modules\helmet\index.cjs:537:6)
2026-04-23 01:51:40 [error]: Error: CORS: Origin http://192.168.56.1:3000 not allowed
    at origin (C:\Users\Muhammad Aurangzaib\Desktop\Queue managment\smart-queue-backend\server.js:82:18)
    at C:\Users\Muhammad Aurangzaib\Desktop\Queue managment\smart-queue-backend\node_modules\cors\lib\index.js:219:13
    at optionsCallback (C:\Users\Muhammad Aurangzaib\Desktop\Queue managment\smart-queue-backend\node_modules\cors\lib\index.js:199:9)
    at corsMiddleware (C:\Users\Muhammad Aurangzaib\Desktop\Queue managment\smart-queue-backend\node_modules\cors\lib\index.js:204:7)
    at Layer.handle [as handle_request] (C:\Users\Muhammad Aurangzaib\Desktop\Queue managment\smart-queue-backend\node_modules\express\lib\router\layer.js:95:5)
    at trim_prefix (C:\Users\Muhammad Aurangzaib\Desktop\Queue managment\smart-queue-backend\node_modules\express\lib\router\index.js:328:13)
    at C:\Users\Muhammad Aurangzaib\Desktop\Queue managment\smart-queue-backend\node_modules\express\lib\router\index.js:286:9
    at Function.process_params (C:\Users\Muhammad Aurangzaib\Desktop\Queue managment\smart-queue-backend\node_modules\express\lib\router\index.js:346:12)
    at next (C:\Users\Muhammad Aurangzaib\Desktop\Queue managment\smart-queue-backend\node_modules\express\lib\router\index.js:280:10)
    at internalNext (C:\Users\Muhammad Aurangzaib\Desktop\Queue managment\smart-queue-backend\node_modules\helmet\index.cjs:537:6)
2026-04-23 01:51:41 [error]: Error: CORS: Origin http://192.168.56.1:3000 not allowed
    at origin (C:\Users\Muhammad Aurangzaib\Desktop\Queue managment\smart-queue-backend\server.js:82:18)
    at C:\Users\Muhammad Aurangzaib\Desktop\Queue managment\smart-queue-backend\node_modules\cors\lib\index.js:219:13
    at optionsCallback (C:\Users\Muhammad Aurangzaib\Desktop\Queue managment\smart-queue-backend\node_modules\cors\lib\index.js:199:9)
    at corsMiddleware (C:\Users\Muhammad Aurangzaib\Desktop\Queue managment\smart-queue-backend\node_modules\cors\lib\index.js:204:7)
    at Layer.handle [as handle_request] (C:\Users\Muhammad Aurangzaib\Desktop\Queue managment\smart-queue-backend\node_modules\express\lib\router\layer.js:95:5)
    at trim_prefix (C:\Users\Muhammad Aurangzaib\Desktop\Queue managment\smart-queue-backend\node_modules\express\lib\router\index.js:328:13)
    at C:\Users\Muhammad Aurangzaib\Desktop\Queue managment\smart-queue-backend\node_modules\express\lib\router\index.js:286:9
    at Function.process_params (C:\Users\Muhammad Aurangzaib\Desktop\Queue managment\smart-queue-backend\node_modules\express\lib\router\index.js:346:12)
    at next (C:\Users\Muhammad Aurangzaib\Desktop\Queue managment\smart-queue-backend\node_modules\express\lib\router\index.js:280:10)
    at internalNext (C:\Users\Muhammad Aurangzaib\Desktop\Queue managment\smart-queue-backend\node_modules\helmet\index.cjs:537:6)
2026-04-23 01:51:44 [error]: Error: CORS: Origin http://192.168.56.1:3000 not allowed
    at origin (C:\Users\Muhammad Aurangzaib\Desktop\Queue managment\smart-queue-backend\server.js:82:18)
    at C:\Users\Muhammad Aurangzaib\Desktop\Queue managment\smart-queue-backend\node_modules\cors\lib\index.js:219:13
    at optionsCallback (C:\Users\Muhammad Aurangzaib\Desktop\Queue managment\smart-queue-backend\node_modules\cors\lib\index.js:199:9)
    at corsMiddleware (C:\Users\Muhammad Aurangzaib\Desktop\Queue managment\smart-queue-backend\node_modules\cors\lib\index.js:204:7)
    at Layer.handle [as handle_request] (C:\Users\Muhammad Aurangzaib\Desktop\Queue managment\smart-queue-backend\node_modules\express\lib\router\layer.js:95:5)
    at trim_prefix (C:\Users\Muhammad Aurangzaib\Desktop\Queue managment\smart-queue-backend\node_modules\express\lib\router\index.js:328:13)
    at C:\Users\Muhammad Aurangzaib\Desktop\Queue managment\smart-queue-backend\node_modules\express\lib\router\index.js:286:9
    at Function.process_params (C:\Users\Muhammad Aurangzaib\Desktop\Queue managment\smart-queue-backend\node_modules\express\lib\router\index.js:346:12)
    at next (C:\Users\Muhammad Aurangzaib\Desktop\Queue managment\smart-queue-backend\node_modules\express\lib\router\index.js:280:10)
    at internalNext (C:\Users\Muhammad Aurangzaib\Desktop\Queue managment\smart-queue-backend\node_modules\helmet\index.cjs:537:6)
2026-04-23 01:51:44 [error]: Error: CORS: Origin http://192.168.56.1:3000 not allowed
    at origin (C:\Users\Muhammad Aurangzaib\Desktop\Queue managment\smart-queue-backend\server.js:82:18)
    at C:\Users\Muhammad Aurangzaib\Desktop\Queue managment\smart-queue-backend\node_modules\cors\lib\index.js:219:13
    at optionsCallback (C:\Users\Muhammad Aurangzaib\Desktop\Queue managment\smart-queue-backend\node_modules\cors\lib\index.js:199:9)
    at corsMiddleware (C:\Users\Muhammad Aurangzaib\Desktop\Queue managment\smart-queue-backend\node_modules\cors\lib\index.js:204:7)
    at Layer.handle [as handle_request] (C:\Users\Muhammad Aurangzaib\Desktop\Queue managment\smart-queue-backend\node_modules\express\lib\router\layer.js:95:5)
    at trim_prefix (C:\Users\Muhammad Aurangzaib\Desktop\Queue managment\smart-queue-backend\node_modules\express\lib\router\index.js:328:13)
    at C:\Users\Muhammad Aurangzaib\Desktop\Queue managment\smart-queue-backend\node_modules\express\lib\router\index.js:286:9
    at Function.process_params (C:\Users\Muhammad Aurangzaib\Desktop\Queue managment\smart-queue-backend\node_modules\express\lib\router\index.js:346:12)
    at next (C:\Users\Muhammad Aurangzaib\Desktop\Queue managment\smart-queue-backend\node_modules\express\lib\router\index.js:280:10)
    at internalNext (C:\Users\Muhammad Aurangzaib\Desktop\Queue managment\smart-queue-backend\node_modules\helmet\index.cjs:537:6)
2026-04-23 01:51:54 [error]: Uncaught Exception: listen EADDRINUSE: address already in use :::5000
2026-04-23 01:53:15 [error]: Error: CORS: Origin http://192.168.56.1:3000 not allowed
    at origin (C:\Users\Muhammad Aurangzaib\Desktop\Queue managment\smart-queue-backend\server.js:82:18)
    at C:\Users\Muhammad Aurangzaib\Desktop\Queue managment\smart-queue-backend\node_modules\cors\lib\index.js:219:13
    at optionsCallback (C:\Users\Muhammad Aurangzaib\Desktop\Queue managment\smart-queue-backend\node_modules\cors\lib\index.js:199:9)
    at corsMiddleware (C:\Users\Muhammad Aurangzaib\Desktop\Queue managment\smart-queue-backend\node_modules\cors\lib\index.js:204:7)
    at Layer.handle [as handle_request] (C:\Users\Muhammad Aurangzaib\Desktop\Queue managment\smart-queue-backend\node_modules\express\lib\router\layer.js:95:5)
    at trim_prefix (C:\Users\Muhammad Aurangzaib\Desktop\Queue managment\smart-queue-backend\node_modules\express\lib\router\index.js:328:13)
    at C:\Users\Muhammad Aurangzaib\Desktop\Queue managment\smart-queue-backend\node_modules\express\lib\router\index.js:286:9
    at Function.process_params (C:\Users\Muhammad Aurangzaib\Desktop\Queue managment\smart-queue-backend\node_modules\express\lib\router\index.js:346:12)
    at next (C:\Users\Muhammad Aurangzaib\Desktop\Queue managment\smart-queue-backend\node_modules\express\lib\router\index.js:280:10)
    at internalNext (C:\Users\Muhammad Aurangzaib\Desktop\Queue managment\smart-queue-backend\node_modules\helmet\index.cjs:537:6)
2026-04-23 01:54:19 [error]: Error: CORS: Origin http://localhost:3001 not allowed
    at origin (C:\Users\Muhammad Aurangzaib\Desktop\Queue managment\smart-queue-backend\server.js:82:18)
    at C:\Users\Muhammad Aurangzaib\Desktop\Queue managment\smart-queue-backend\node_modules\cors\lib\index.js:219:13
    at optionsCallback (C:\Users\Muhammad Aurangzaib\Desktop\Queue managment\smart-queue-backend\node_modules\cors\lib\index.js:199:9)
    at corsMiddleware (C:\Users\Muhammad Aurangzaib\Desktop\Queue managment\smart-queue-backend\node_modules\cors\lib\index.js:204:7)
    at Layer.handle [as handle_request] (C:\Users\Muhammad Aurangzaib\Desktop\Queue managment\smart-queue-backend\node_modules\express\lib\router\layer.js:95:5)
    at trim_prefix (C:\Users\Muhammad Aurangzaib\Desktop\Queue managment\smart-queue-backend\node_modules\express\lib\router\index.js:328:13)
    at C:\Users\Muhammad Aurangzaib\Desktop\Queue managment\smart-queue-backend\node_modules\express\lib\router\index.js:286:9
    at Function.process_params (C:\Users\Muhammad Aurangzaib\Desktop\Queue managment\smart-queue-backend\node_modules\express\lib\router\index.js:346:12)
    at next (C:\Users\Muhammad Aurangzaib\Desktop\Queue managment\smart-queue-backend\node_modules\express\lib\router\index.js:280:10)
    at internalNext (C:\Users\Muhammad Aurangzaib\Desktop\Queue managment\smart-queue-backend\node_modules\helmet\index.cjs:537:6)
2026-04-23 01:56:57 [error]: Uncaught Exception: listen EADDRINUSE: address already in use :::5000
2026-04-23 01:56:57 [error]: Uncaught Exception: listen EADDRINUSE: address already in use :::5000
2026-04-23 02:08:21 [error]: Uncaught Exception: listen EADDRINUSE: address already in use :::5000
2026-04-23 02:08:21 [error]: Uncaught Exception: listen EADDRINUSE: address already in use :::5000
2026-04-23 02:13:39 [error]: Uncaught Exception: listen EADDRINUSE: address already in use :::5000
2026-04-23 02:26:17 [error]: Error: CORS: Origin http://192.168.56.1:3001 not allowed
    at origin (C:\Users\Muhammad Aurangzaib\Desktop\Queue managment\smart-queue-backend\server.js:82:18)
    at C:\Users\Muhammad Aurangzaib\Desktop\Queue managment\smart-queue-backend\node_modules\cors\lib\index.js:219:13
    at optionsCallback (C:\Users\Muhammad Aurangzaib\Desktop\Queue managment\smart-queue-backend\node_modules\cors\lib\index.js:199:9)
    at corsMiddleware (C:\Users\Muhammad Aurangzaib\Desktop\Queue managment\smart-queue-backend\node_modules\cors\lib\index.js:204:7)
    at Layer.handle [as handle_request] (C:\Users\Muhammad Aurangzaib\Desktop\Queue managment\smart-queue-backend\node_modules\express\lib\router\layer.js:95:5)
    at trim_prefix (C:\Users\Muhammad Aurangzaib\Desktop\Queue managment\smart-queue-backend\node_modules\express\lib\router\index.js:328:13)
    at C:\Users\Muhammad Aurangzaib\Desktop\Queue managment\smart-queue-backend\node_modules\express\lib\router\index.js:286:9
    at Function.process_params (C:\Users\Muhammad Aurangzaib\Desktop\Queue managment\smart-queue-backend\node_modules\express\lib\router\index.js:346:12)
    at next (C:\Users\Muhammad Aurangzaib\Desktop\Queue managment\smart-queue-backend\node_modules\express\lib\router\index.js:280:10)
    at internalNext (C:\Users\Muhammad Aurangzaib\Desktop\Queue managment\smart-queue-backend\node_modules\helmet\index.cjs:537:6)
2026-04-23 02:27:10 [error]: Uncaught Exception: listen EADDRINUSE: address already in use :::5000
2026-04-23 02:42:53 [error]: Uncaught Exception: listen EADDRINUSE: address already in use :::5000
2026-04-27 07:28:48 [error]: Error: CORS: Origin http://[::1]:3000 not allowed
    at origin (C:\Users\Muhammad Aurangzaib\Desktop\Queue managment\smart-queue-backend\server.js:82:18)
    at C:\Users\Muhammad Aurangzaib\Desktop\Queue managment\smart-queue-backend\node_modules\cors\lib\index.js:219:13
    at optionsCallback (C:\Users\Muhammad Aurangzaib\Desktop\Queue managment\smart-queue-backend\node_modules\cors\lib\index.js:199:9)
    at corsMiddleware (C:\Users\Muhammad Aurangzaib\Desktop\Queue managment\smart-queue-backend\node_modules\cors\lib\index.js:204:7)
    at Layer.handle [as handle_request] (C:\Users\Muhammad Aurangzaib\Desktop\Queue managment\smart-queue-backend\node_modules\express\lib\router\layer.js:95:5)
    at trim_prefix (C:\Users\Muhammad Aurangzaib\Desktop\Queue managment\smart-queue-backend\node_modules\express\lib\router\index.js:328:13)
    at C:\Users\Muhammad Aurangzaib\Desktop\Queue managment\smart-queue-backend\node_modules\express\lib\router\index.js:286:9
    at Function.process_params (C:\Users\Muhammad Aurangzaib\Desktop\Queue managment\smart-queue-backend\node_modules\express\lib\router\index.js:346:12)
    at next (C:\Users\Muhammad Aurangzaib\Desktop\Queue managment\smart-queue-backend\node_modules\express\lib\router\index.js:280:10)
    at internalNext (C:\Users\Muhammad Aurangzaib\Desktop\Queue managment\smart-queue-backend\node_modules\helmet\index.cjs:537:6)
2026-06-14 16:01:25 [error]: Uncaught Exception: listen EADDRINUSE: address already in use :::5000
2026-06-15 18:36:33 [error]: ❌ MongoDB connection error (attempt 1): The `uri` parameter to `openUri()` must be a string, got "undefined". Make sure the first parameter to `mongoose.connect()` or `mongoose.createConnection()` is a string.
2026-06-15 18:36:33 [error]: MongoDB error: The `uri` parameter to `openUri()` must be a string, got "undefined". Make sure the first parameter to `mongoose.connect()` or `mongoose.createConnection()` is a string.
2026-06-15 18:36:38 [error]: ❌ MongoDB connection error (attempt 2): The `uri` parameter to `openUri()` must be a string, got "undefined". Make sure the first parameter to `mongoose.connect()` or `mongoose.createConnection()` is a string.
2026-06-15 18:36:38 [error]: MongoDB error: The `uri` parameter to `openUri()` must be a string, got "undefined". Make sure the first parameter to `mongoose.connect()` or `mongoose.createConnection()` is a string.
2026-06-15 18:36:43 [error]: ❌ MongoDB connection error (attempt 3): The `uri` parameter to `openUri()` must be a string, got "undefined". Make sure the first parameter to `mongoose.connect()` or `mongoose.createConnection()` is a string.
2026-06-15 18:36:43 [error]: MongoDB error: The `uri` parameter to `openUri()` must be a string, got "undefined". Make sure the first parameter to `mongoose.connect()` or `mongoose.createConnection()` is a string.
2026-06-15 18:36:48 [error]: ❌ MongoDB connection error (attempt 4): The `uri` parameter to `openUri()` must be a string, got "undefined". Make sure the first parameter to `mongoose.connect()` or `mongoose.createConnection()` is a string.
2026-06-15 18:36:48 [error]: MongoDB error: The `uri` parameter to `openUri()` must be a string, got "undefined". Make sure the first parameter to `mongoose.connect()` or `mongoose.createConnection()` is a string.
2026-06-15 18:36:53 [error]: ❌ MongoDB connection error (attempt 5): The `uri` parameter to `openUri()` must be a string, got "undefined". Make sure the first parameter to `mongoose.connect()` or `mongoose.createConnection()` is a string.
2026-06-15 18:39:06 [error]: ❌ MongoDB connection error (attempt 1): The `uri` parameter to `openUri()` must be a string, got "undefined". Make sure the first parameter to `mongoose.connect()` or `mongoose.createConnection()` is a string.
2026-06-15 18:39:06 [error]: MongoDB error: The `uri` parameter to `openUri()` must be a string, got "undefined". Make sure the first parameter to `mongoose.connect()` or `mongoose.createConnection()` is a string.
2026-06-15 18:39:11 [error]: ❌ MongoDB connection error (attempt 2): The `uri` parameter to `openUri()` must be a string, got "undefined". Make sure the first parameter to `mongoose.connect()` or `mongoose.createConnection()` is a string.
2026-06-15 18:39:11 [error]: MongoDB error: The `uri` parameter to `openUri()` must be a string, got "undefined". Make sure the first parameter to `mongoose.connect()` or `mongoose.createConnection()` is a string.
2026-06-15 18:39:16 [error]: ❌ MongoDB connection error (attempt 3): The `uri` parameter to `openUri()` must be a string, got "undefined". Make sure the first parameter to `mongoose.connect()` or `mongoose.createConnection()` is a string.
2026-06-15 18:39:16 [error]: MongoDB error: The `uri` parameter to `openUri()` must be a string, got "undefined". Make sure the first parameter to `mongoose.connect()` or `mongoose.createConnection()` is a string.
2026-06-15 18:39:21 [error]: ❌ MongoDB connection error (attempt 4): The `uri` parameter to `openUri()` must be a string, got "undefined". Make sure the first parameter to `mongoose.connect()` or `mongoose.createConnection()` is a string.
2026-06-15 18:39:21 [error]: MongoDB error: The `uri` parameter to `openUri()` must be a string, got "undefined". Make sure the first parameter to `mongoose.connect()` or `mongoose.createConnection()` is a string.
2026-06-15 18:39:26 [error]: ❌ MongoDB connection error (attempt 5): The `uri` parameter to `openUri()` must be a string, got "undefined". Make sure the first parameter to `mongoose.connect()` or `mongoose.createConnection()` is a string.
2026-06-15 19:00:45 [error]: ❌ MongoDB connection error (attempt 1): The `uri` parameter to `openUri()` must be a string, got "undefined". Make sure the first parameter to `mongoose.connect()` or `mongoose.createConnection()` is a string.
2026-06-15 19:00:45 [error]: MongoDB error: The `uri` parameter to `openUri()` must be a string, got "undefined". Make sure the first parameter to `mongoose.connect()` or `mongoose.createConnection()` is a string.
2026-06-16 17:38:20 [error]: Uncaught Exception: listen EADDRINUSE: address already in use :::5000
2026-06-16 17:46:37 [error]: Uncaught Exception: listen EADDRINUSE: address already in use :::5000
2026-06-16 17:47:04 [error]: Uncaught Exception: listen EADDRINUSE: address already in use :::5000
2026-06-16 17:47:20 [error]: Uncaught Exception: listen EADDRINUSE: address already in use :::5000
2026-06-16 17:47:46 [error]: Uncaught Exception: listen EADDRINUSE: address already in use :::5000
2026-06-16 17:48:07 [error]: Uncaught Exception: listen EADDRINUSE: address already in use :::5000
2026-06-16 17:48:45 [error]: Uncaught Exception: listen EADDRINUSE: address already in use :::5000
2026-06-16 17:57:12 [error]: Uncaught Exception: listen EADDRINUSE: address already in use :::5000
2026-06-16 17:58:07 [error]: Uncaught Exception: listen EADDRINUSE: address already in use :::5000
2026-06-16 17:59:50 [error]: Uncaught Exception: listen EADDRINUSE: address already in use :::5000
2026-06-16 18:04:15 [error]: Uncaught Exception: listen EADDRINUSE: address already in use :::5000
2026-06-16 18:06:02 [error]: Error sending queue snapshot: Queue is not defined
2026-06-29 15:33:15 [error]: Uncaught Exception: listen EADDRINUSE: address already in use :::5000
2026-06-29 15:41:55 [error]: Error: CORS: Origin http://[::1]:3001 not allowed
    at origin (C:\Users\Muhammad Aurangzaib\Desktop\Queuemanagment2\Queue-mangment\smart-queue-backend\server.js:83:18)
    at C:\Users\Muhammad Aurangzaib\Desktop\Queuemanagment2\Queue-mangment\smart-queue-backend\node_modules\cors\lib\index.js:219:13
    at optionsCallback (C:\Users\Muhammad Aurangzaib\Desktop\Queuemanagment2\Queue-mangment\smart-queue-backend\node_modules\cors\lib\index.js:199:9)
    at corsMiddleware (C:\Users\Muhammad Aurangzaib\Desktop\Queuemanagment2\Queue-mangment\smart-queue-backend\node_modules\cors\lib\index.js:204:7)
    at Layer.handle [as handle_request] (C:\Users\Muhammad Aurangzaib\Desktop\Queuemanagment2\Queue-mangment\smart-queue-backend\node_modules\express\lib\router\layer.js:95:5)
    at trim_prefix (C:\Users\Muhammad Aurangzaib\Desktop\Queuemanagment2\Queue-mangment\smart-queue-backend\node_modules\express\lib\router\index.js:328:13)
    at C:\Users\Muhammad Aurangzaib\Desktop\Queuemanagment2\Queue-mangment\smart-queue-backend\node_modules\express\lib\router\index.js:286:9
    at Function.process_params (C:\Users\Muhammad Aurangzaib\Desktop\Queuemanagment2\Queue-mangment\smart-queue-backend\node_modules\express\lib\router\index.js:346:12)
    at next (C:\Users\Muhammad Aurangzaib\Desktop\Queuemanagment2\Queue-mangment\smart-queue-backend\node_modules\express\lib\router\index.js:280:10)
    at internalNext (C:\Users\Muhammad Aurangzaib\Desktop\Queuemanagment2\Queue-mangment\smart-queue-backend\node_modules\helmet\index.cjs:537:6)
2026-06-29 15:42:06 [error]: Error: CORS: Origin http://[::1]:3001 not allowed
    at origin (C:\Users\Muhammad Aurangzaib\Desktop\Queuemanagment2\Queue-mangment\smart-queue-backend\server.js:83:18)
    at C:\Users\Muhammad Aurangzaib\Desktop\Queuemanagment2\Queue-mangment\smart-queue-backend\node_modules\cors\lib\index.js:219:13
    at optionsCallback (C:\Users\Muhammad Aurangzaib\Desktop\Queuemanagment2\Queue-mangment\smart-queue-backend\node_modules\cors\lib\index.js:199:9)
    at corsMiddleware (C:\Users\Muhammad Aurangzaib\Desktop\Queuemanagment2\Queue-mangment\smart-queue-backend\node_modules\cors\lib\index.js:204:7)
    at Layer.handle [as handle_request] (C:\Users\Muhammad Aurangzaib\Desktop\Queuemanagment2\Queue-mangment\smart-queue-backend\node_modules\express\lib\router\layer.js:95:5)
    at trim_prefix (C:\Users\Muhammad Aurangzaib\Desktop\Queuemanagment2\Queue-mangment\smart-queue-backend\node_modules\express\lib\router\index.js:328:13)
    at C:\Users\Muhammad Aurangzaib\Desktop\Queuemanagment2\Queue-mangment\smart-queue-backend\node_modules\express\lib\router\index.js:286:9
    at Function.process_params (C:\Users\Muhammad Aurangzaib\Desktop\Queuemanagment2\Queue-mangment\smart-queue-backend\node_modules\express\lib\router\index.js:346:12)
    at next (C:\Users\Muhammad Aurangzaib\Desktop\Queuemanagment2\Queue-mangment\smart-queue-backend\node_modules\express\lib\router\index.js:280:10)
    at internalNext (C:\Users\Muhammad Aurangzaib\Desktop\Queuemanagment2\Queue-mangment\smart-queue-backend\node_modules\helmet\index.cjs:537:6)
2026-06-29 15:43:19 [error]: Uncaught Exception: listen EADDRINUSE: address already in use :::5000
2026-06-29 15:45:14 [error]: Error: CORS: Origin http://[::1]:3001 not allowed
    at origin (C:\Users\Muhammad Aurangzaib\Desktop\Queuemanagment2\Queue-mangment\smart-queue-backend\server.js:83:18)
    at C:\Users\Muhammad Aurangzaib\Desktop\Queuemanagment2\Queue-mangment\smart-queue-backend\node_modules\cors\lib\index.js:219:13
    at optionsCallback (C:\Users\Muhammad Aurangzaib\Desktop\Queuemanagment2\Queue-mangment\smart-queue-backend\node_modules\cors\lib\index.js:199:9)
    at corsMiddleware (C:\Users\Muhammad Aurangzaib\Desktop\Queuemanagment2\Queue-mangment\smart-queue-backend\node_modules\cors\lib\index.js:204:7)
    at Layer.handle [as handle_request] (C:\Users\Muhammad Aurangzaib\Desktop\Queuemanagment2\Queue-mangment\smart-queue-backend\node_modules\express\lib\router\layer.js:95:5)
    at trim_prefix (C:\Users\Muhammad Aurangzaib\Desktop\Queuemanagment2\Queue-mangment\smart-queue-backend\node_modules\express\lib\router\index.js:328:13)
    at C:\Users\Muhammad Aurangzaib\Desktop\Queuemanagment2\Queue-mangment\smart-queue-backend\node_modules\express\lib\router\index.js:286:9
    at Function.process_params (C:\Users\Muhammad Aurangzaib\Desktop\Queuemanagment2\Queue-mangment\smart-queue-backend\node_modules\express\lib\router\index.js:346:12)
    at next (C:\Users\Muhammad Aurangzaib\Desktop\Queuemanagment2\Queue-mangment\smart-queue-backend\node_modules\express\lib\router\index.js:280:10)
    at internalNext (C:\Users\Muhammad Aurangzaib\Desktop\Queuemanagment2\Queue-mangment\smart-queue-backend\node_modules\helmet\index.cjs:537:6)
2026-06-29 15:45:25 [error]: Error: CORS: Origin http://[::1]:3001 not allowed
    at origin (C:\Users\Muhammad Aurangzaib\Desktop\Queuemanagment2\Queue-mangment\smart-queue-backend\server.js:83:18)
    at C:\Users\Muhammad Aurangzaib\Desktop\Queuemanagment2\Queue-mangment\smart-queue-backend\node_modules\cors\lib\index.js:219:13
    at optionsCallback (C:\Users\Muhammad Aurangzaib\Desktop\Queuemanagment2\Queue-mangment\smart-queue-backend\node_modules\cors\lib\index.js:199:9)
    at corsMiddleware (C:\Users\Muhammad Aurangzaib\Desktop\Queuemanagment2\Queue-mangment\smart-queue-backend\node_modules\cors\lib\index.js:204:7)
    at Layer.handle [as handle_request] (C:\Users\Muhammad Aurangzaib\Desktop\Queuemanagment2\Queue-mangment\smart-queue-backend\node_modules\express\lib\router\layer.js:95:5)
    at trim_prefix (C:\Users\Muhammad Aurangzaib\Desktop\Queuemanagment2\Queue-mangment\smart-queue-backend\node_modules\express\lib\router\index.js:328:13)
    at C:\Users\Muhammad Aurangzaib\Desktop\Queuemanagment2\Queue-mangment\smart-queue-backend\node_modules\express\lib\router\index.js:286:9
    at Function.process_params (C:\Users\Muhammad Aurangzaib\Desktop\Queuemanagment2\Queue-mangment\smart-queue-backend\node_modules\express\lib\router\index.js:346:12)
    at next (C:\Users\Muhammad Aurangzaib\Desktop\Queuemanagment2\Queue-mangment\smart-queue-backend\node_modules\express\lib\router\index.js:280:10)
    at internalNext (C:\Users\Muhammad Aurangzaib\Desktop\Queuemanagment2\Queue-mangment\smart-queue-backend\node_modules\helmet\index.cjs:537:6)
2026-06-29 15:45:27 [error]: Error: CORS: Origin http://[::1]:3001 not allowed
    at origin (C:\Users\Muhammad Aurangzaib\Desktop\Queuemanagment2\Queue-mangment\smart-queue-backend\server.js:83:18)
    at C:\Users\Muhammad Aurangzaib\Desktop\Queuemanagment2\Queue-mangment\smart-queue-backend\node_modules\cors\lib\index.js:219:13
    at optionsCallback (C:\Users\Muhammad Aurangzaib\Desktop\Queuemanagment2\Queue-mangment\smart-queue-backend\node_modules\cors\lib\index.js:199:9)
    at corsMiddleware (C:\Users\Muhammad Aurangzaib\Desktop\Queuemanagment2\Queue-mangment\smart-queue-backend\node_modules\cors\lib\index.js:204:7)
    at Layer.handle [as handle_request] (C:\Users\Muhammad Aurangzaib\Desktop\Queuemanagment2\Queue-mangment\smart-queue-backend\node_modules\express\lib\router\layer.js:95:5)
    at trim_prefix (C:\Users\Muhammad Aurangzaib\Desktop\Queuemanagment2\Queue-mangment\smart-queue-backend\node_modules\express\lib\router\index.js:328:13)
    at C:\Users\Muhammad Aurangzaib\Desktop\Queuemanagment2\Queue-mangment\smart-queue-backend\node_modules\express\lib\router\index.js:286:9
    at Function.process_params (C:\Users\Muhammad Aurangzaib\Desktop\Queuemanagment2\Queue-mangment\smart-queue-backend\node_modules\express\lib\router\index.js:346:12)
    at next (C:\Users\Muhammad Aurangzaib\Desktop\Queuemanagment2\Queue-mangment\smart-queue-backend\node_modules\express\lib\router\index.js:280:10)
    at internalNext (C:\Users\Muhammad Aurangzaib\Desktop\Queuemanagment2\Queue-mangment\smart-queue-backend\node_modules\helmet\index.cjs:537:6)
2026-06-29 15:45:37 [error]: Error: CORS: Origin http://[::1]:3001 not allowed
    at origin (C:\Users\Muhammad Aurangzaib\Desktop\Queuemanagment2\Queue-mangment\smart-queue-backend\server.js:83:18)
    at C:\Users\Muhammad Aurangzaib\Desktop\Queuemanagment2\Queue-mangment\smart-queue-backend\node_modules\cors\lib\index.js:219:13
    at optionsCallback (C:\Users\Muhammad Aurangzaib\Desktop\Queuemanagment2\Queue-mangment\smart-queue-backend\node_modules\cors\lib\index.js:199:9)
    at corsMiddleware (C:\Users\Muhammad Aurangzaib\Desktop\Queuemanagment2\Queue-mangment\smart-queue-backend\node_modules\cors\lib\index.js:204:7)
    at Layer.handle [as handle_request] (C:\Users\Muhammad Aurangzaib\Desktop\Queuemanagment2\Queue-mangment\smart-queue-backend\node_modules\express\lib\router\layer.js:95:5)
    at trim_prefix (C:\Users\Muhammad Aurangzaib\Desktop\Queuemanagment2\Queue-mangment\smart-queue-backend\node_modules\express\lib\router\index.js:328:13)
    at C:\Users\Muhammad Aurangzaib\Desktop\Queuemanagment2\Queue-mangment\smart-queue-backend\node_modules\express\lib\router\index.js:286:9
    at Function.process_params (C:\Users\Muhammad Aurangzaib\Desktop\Queuemanagment2\Queue-mangment\smart-queue-backend\node_modules\express\lib\router\index.js:346:12)
    at next (C:\Users\Muhammad Aurangzaib\Desktop\Queuemanagment2\Queue-mangment\smart-queue-backend\node_modules\express\lib\router\index.js:280:10)
    at internalNext (C:\Users\Muhammad Aurangzaib\Desktop\Queuemanagment2\Queue-mangment\smart-queue-backend\node_modules\helmet\index.cjs:537:6)
2026-07-02 16:56:04 [error]: ❌ MongoDB connection error (attempt 1): The `uri` parameter to `openUri()` must be a string, got "undefined". Make sure the first parameter to `mongoose.connect()` or `mongoose.createConnection()` is a string.
2026-07-02 16:56:04 [error]: MongoDB error: The `uri` parameter to `openUri()` must be a string, got "undefined". Make sure the first parameter to `mongoose.connect()` or `mongoose.createConnection()` is a string.
2026-07-02 16:56:09 [error]: ❌ MongoDB connection error (attempt 2): The `uri` parameter to `openUri()` must be a string, got "undefined". Make sure the first parameter to `mongoose.connect()` or `mongoose.createConnection()` is a string.
2026-07-02 16:56:09 [error]: MongoDB error: The `uri` parameter to `openUri()` must be a string, got "undefined". Make sure the first parameter to `mongoose.connect()` or `mongoose.createConnection()` is a string.
2026-07-02 16:56:14 [error]: ❌ MongoDB connection error (attempt 3): The `uri` parameter to `openUri()` must be a string, got "undefined". Make sure the first parameter to `mongoose.connect()` or `mongoose.createConnection()` is a string.
2026-07-02 16:56:14 [error]: MongoDB error: The `uri` parameter to `openUri()` must be a string, got "undefined". Make sure the first parameter to `mongoose.connect()` or `mongoose.createConnection()` is a string.
2026-07-02 16:56:19 [error]: ❌ MongoDB connection error (attempt 4): The `uri` parameter to `openUri()` must be a string, got "undefined". Make sure the first parameter to `mongoose.connect()` or `mongoose.createConnection()` is a string.
2026-07-02 16:56:19 [error]: MongoDB error: The `uri` parameter to `openUri()` must be a string, got "undefined". Make sure the first parameter to `mongoose.connect()` or `mongoose.createConnection()` is a string.
2026-07-02 16:56:24 [error]: ❌ MongoDB connection error (attempt 5): The `uri` parameter to `openUri()` must be a string, got "undefined". Make sure the first parameter to `mongoose.connect()` or `mongoose.createConnection()` is a string.
2026-07-02 18:03:14 [error]: ❌ MongoDB connection error (attempt 1): Could not connect to any servers in your MongoDB Atlas cluster. One common reason is that you're trying to access the database from an IP that isn't whitelisted. Make sure your current IP address is on your Atlas cluster's IP whitelist: https://www.mongodb.com/docs/atlas/security-whitelist/
2026-07-02 18:03:14 [error]: MongoDB error: Server selection timed out after 5000 ms
2026-07-02 18:03:19 [error]: ❌ MongoDB connection error (attempt 1): Could not connect to any servers in your MongoDB Atlas cluster. One common reason is that you're trying to access the database from an IP that isn't whitelisted. Make sure your current IP address is on your Atlas cluster's IP whitelist: https://www.mongodb.com/docs/atlas/security-whitelist/
2026-07-02 18:03:19 [error]: MongoDB error: Server selection timed out after 5000 ms
2026-07-02 18:03:24 [error]: ❌ MongoDB connection error (attempt 1): Could not connect to any servers in your MongoDB Atlas cluster. One common reason is that you're trying to access the database from an IP that isn't whitelisted. Make sure your current IP address is on your Atlas cluster's IP whitelist: https://www.mongodb.com/docs/atlas/security-whitelist/
2026-07-02 18:03:24 [error]: MongoDB error: Server selection timed out after 5000 ms
2026-07-02 18:03:29 [error]: ❌ MongoDB connection error (attempt 1): Could not connect to any servers in your MongoDB Atlas cluster. One common reason is that you're trying to access the database from an IP that isn't whitelisted. Make sure your current IP address is on your Atlas cluster's IP whitelist: https://www.mongodb.com/docs/atlas/security-whitelist/
2026-07-02 18:03:29 [error]: MongoDB error: Server selection timed out after 5000 ms
2026-07-02 18:03:34 [error]: ❌ MongoDB connection error (attempt 1): Could not connect to any servers in your MongoDB Atlas cluster. One common reason is that you're trying to access the database from an IP that isn't whitelisted. Make sure your current IP address is on your Atlas cluster's IP whitelist: https://www.mongodb.com/docs/atlas/security-whitelist/
2026-07-02 18:03:34 [error]: MongoDB error: Server selection timed out after 5000 ms
2026-07-02 18:03:40 [error]: ❌ MongoDB connection error (attempt 1): Could not connect to any servers in your MongoDB Atlas cluster. One common reason is that you're trying to access the database from an IP that isn't whitelisted. Make sure your current IP address is on your Atlas cluster's IP whitelist: https://www.mongodb.com/docs/atlas/security-whitelist/
2026-07-02 18:03:40 [error]: MongoDB error: Server selection timed out after 5000 ms
2026-07-02 18:03:44 [error]: MongoServerSelectionError: connection <monitor> to 159.41.176.6:27017 timed out
    at Topology.selectServer (C:\Users\Muhammad Aurangzaib\Desktop\Queue1\Queue-mangment\smart-queue-backend\node_modules\mongodb\lib\sdam\topology.js:327:38)
    at async tryOperation (C:\Users\Muhammad Aurangzaib\Desktop\Queue1\Queue-mangment\smart-queue-backend\node_modules\mongodb\lib\operations\execute_operation.js:148:18)
    at async executeOperation (C:\Users\Muhammad Aurangzaib\Desktop\Queue1\Queue-mangment\smart-queue-backend\node_modules\mongodb\lib\operations\execute_operation.js:78:16)
    at async FindCursor._initialize (C:\Users\Muhammad Aurangzaib\Desktop\Queue1\Queue-mangment\smart-queue-backend\node_modules\mongodb\lib\cursor\find_cursor.js:62:26)
    at async FindCursor.cursorInit (C:\Users\Muhammad Aurangzaib\Desktop\Queue1\Queue-mangment\smart-queue-backend\node_modules\mongodb\lib\cursor\abstract_cursor.js:632:27)
    at async FindCursor.fetchBatch (C:\Users\Muhammad Aurangzaib\Desktop\Queue1\Queue-mangment\smart-queue-backend\node_modules\mongodb\lib\cursor\abstract_cursor.js:666:13)
    at async FindCursor.next (C:\Users\Muhammad Aurangzaib\Desktop\Queue1\Queue-mangment\smart-queue-backend\node_modules\mongodb\lib\cursor\abstract_cursor.js:342:17)
    at async Collection.findOne (C:\Users\Muhammad Aurangzaib\Desktop\Queue1\Queue-mangment\smart-queue-backend\node_modules\mongodb\lib\collection.js:313:24)
    at async model.Query._findOne (C:\Users\Muhammad Aurangzaib\Desktop\Queue1\Queue-mangment\smart-queue-backend\node_modules\mongoose\lib\query.js:2710:15)
    at async model.Query.exec (C:\Users\Muhammad Aurangzaib\Desktop\Queue1\Queue-mangment\smart-queue-backend\node_modules\mongoose\lib\query.js:4627:63)
2026-07-02 18:03:45 [error]: ❌ MongoDB connection error (attempt 1): Could not connect to any servers in your MongoDB Atlas cluster. One common reason is that you're trying to access the database from an IP that isn't whitelisted. Make sure your current IP address is on your Atlas cluster's IP whitelist: https://www.mongodb.com/docs/atlas/security-whitelist/
2026-07-02 18:03:45 [error]: MongoDB error: Server selection timed out after 5000 ms
2026-07-02 18:03:50 [error]: ❌ MongoDB connection error (attempt 1): Could not connect to any servers in your MongoDB Atlas cluster. One common reason is that you're trying to access the database from an IP that isn't whitelisted. Make sure your current IP address is on your Atlas cluster's IP whitelist: https://www.mongodb.com/docs/atlas/security-whitelist/
2026-07-02 18:03:50 [error]: MongoDB error: Server selection timed out after 5000 ms
2026-07-02 18:03:55 [error]: ❌ MongoDB connection error (attempt 1): Could not connect to any servers in your MongoDB Atlas cluster. One common reason is that you're trying to access the database from an IP that isn't whitelisted. Make sure your current IP address is on your Atlas cluster's IP whitelist: https://www.mongodb.com/docs/atlas/security-whitelist/
2026-07-02 18:03:55 [error]: MongoDB error: Server selection timed out after 5000 ms
2026-08-10 11:57:46 [error]: ❌ MongoDB connection error (attempt 1): Could not connect to any servers in your MongoDB Atlas cluster. One common reason is that you're trying to access the database from an IP that isn't whitelisted. Make sure your current IP address is on your Atlas cluster's IP whitelist: https://www.mongodb.com/docs/atlas/security-whitelist/
2026-08-10 11:57:46 [error]: MongoDB error: 74400000:error:0A000438:SSL routines:ssl3_read_bytes:tlsv1 alert internal error:c:\ws\deps\openssl\openssl\ssl\record\rec_layer_s3.c:1605:SSL alert number 80

2026-08-10 11:57:51 [error]: ❌ MongoDB connection error (attempt 1): Could not connect to any servers in your MongoDB Atlas cluster. One common reason is that you're trying to access the database from an IP that isn't whitelisted. Make sure your current IP address is on your Atlas cluster's IP whitelist: https://www.mongodb.com/docs/atlas/security-whitelist/
2026-08-10 11:57:51 [error]: MongoDB error: 74400000:error:0A000438:SSL routines:ssl3_read_bytes:tlsv1 alert internal error:c:\ws\deps\openssl\openssl\ssl\record\rec_layer_s3.c:1605:SSL alert number 80

2026-08-10 11:57:56 [error]: ❌ MongoDB connection error (attempt 1): Could not connect to any servers in your MongoDB Atlas cluster. One common reason is that you're trying to access the database from an IP that isn't whitelisted. Make sure your current IP address is on your Atlas cluster's IP whitelist: https://www.mongodb.com/docs/atlas/security-whitelist/
2026-08-10 11:57:56 [error]: MongoDB error: 74400000:error:0A000438:SSL routines:ssl3_read_bytes:tlsv1 alert internal error:c:\ws\deps\openssl\openssl\ssl\record\rec_layer_s3.c:1605:SSL alert number 80

2026-08-10 11:58:01 [error]: ❌ MongoDB connection error (attempt 1): Could not connect to any servers in your MongoDB Atlas cluster. One common reason is that you're trying to access the database from an IP that isn't whitelisted. Make sure your current IP address is on your Atlas cluster's IP whitelist: https://www.mongodb.com/docs/atlas/security-whitelist/
2026-08-10 11:58:01 [error]: MongoDB error: 74400000:error:0A000438:SSL routines:ssl3_read_bytes:tlsv1 alert internal error:c:\ws\deps\openssl\openssl\ssl\record\rec_layer_s3.c:1605:SSL alert number 80

2026-08-10 11:58:06 [error]: ❌ MongoDB connection error (attempt 1): Could not connect to any servers in your MongoDB Atlas cluster. One common reason is that you're trying to access the database from an IP that isn't whitelisted. Make sure your current IP address is on your Atlas cluster's IP whitelist: https://www.mongodb.com/docs/atlas/security-whitelist/
2026-08-10 11:58:06 [error]: MongoDB error: 74400000:error:0A000438:SSL routines:ssl3_read_bytes:tlsv1 alert internal error:c:\ws\deps\openssl\openssl\ssl\record\rec_layer_s3.c:1605:SSL alert number 80

2026-08-10 11:58:11 [error]: ❌ MongoDB connection error (attempt 1): Could not connect to any servers in your MongoDB Atlas cluster. One common reason is that you're trying to access the database from an IP that isn't whitelisted. Make sure your current IP address is on your Atlas cluster's IP whitelist: https://www.mongodb.com/docs/atlas/security-whitelist/
2026-08-10 11:58:11 [error]: MongoDB error: 74400000:error:0A000438:SSL routines:ssl3_read_bytes:tlsv1 alert internal error:c:\ws\deps\openssl\openssl\ssl\record\rec_layer_s3.c:1605:SSL alert number 80

2026-08-10 11:58:16 [error]: ❌ MongoDB connection error (attempt 1): Could not connect to any servers in your MongoDB Atlas cluster. One common reason is that you're trying to access the database from an IP that isn't whitelisted. Make sure your current IP address is on your Atlas cluster's IP whitelist: https://www.mongodb.com/docs/atlas/security-whitelist/
2026-08-10 11:58:16 [error]: MongoDB error: 74400000:error:0A000438:SSL routines:ssl3_read_bytes:tlsv1 alert internal error:c:\ws\deps\openssl\openssl\ssl\record\rec_layer_s3.c:1605:SSL alert number 80

2026-08-10 11:58:21 [error]: ❌ MongoDB connection error (attempt 1): Could not connect to any servers in your MongoDB Atlas cluster. One common reason is that you're trying to access the database from an IP that isn't whitelisted. Make sure your current IP address is on your Atlas cluster's IP whitelist: https://www.mongodb.com/docs/atlas/security-whitelist/
2026-08-10 11:58:21 [error]: MongoDB error: 74400000:error:0A000438:SSL routines:ssl3_read_bytes:tlsv1 alert internal error:c:\ws\deps\openssl\openssl\ssl\record\rec_layer_s3.c:1605:SSL alert number 80

2026-08-10 11:58:26 [error]: ❌ MongoDB connection error (attempt 1): Could not connect to any servers in your MongoDB Atlas cluster. One common reason is that you're trying to access the database from an IP that isn't whitelisted. Make sure your current IP address is on your Atlas cluster's IP whitelist: https://www.mongodb.com/docs/atlas/security-whitelist/
2026-08-10 11:58:26 [error]: MongoDB error: 74400000:error:0A000438:SSL routines:ssl3_read_bytes:tlsv1 alert internal error:c:\ws\deps\openssl\openssl\ssl\record\rec_layer_s3.c:1605:SSL alert number 80

2026-08-10 11:58:31 [error]: ❌ MongoDB connection error (attempt 1): Could not connect to any servers in your MongoDB Atlas cluster. One common reason is that you're trying to access the database from an IP that isn't whitelisted. Make sure your current IP address is on your Atlas cluster's IP whitelist: https://www.mongodb.com/docs/atlas/security-whitelist/
2026-08-10 11:58:31 [error]: MongoDB error: 74400000:error:0A000438:SSL routines:ssl3_read_bytes:tlsv1 alert internal error:c:\ws\deps\openssl\openssl\ssl\record\rec_layer_s3.c:1605:SSL alert number 80

2026-08-10 11:58:36 [error]: ❌ MongoDB connection error (attempt 1): Could not connect to any servers in your MongoDB Atlas cluster. One common reason is that you're trying to access the database from an IP that isn't whitelisted. Make sure your current IP address is on your Atlas cluster's IP whitelist: https://www.mongodb.com/docs/atlas/security-whitelist/
2026-08-10 11:58:36 [error]: MongoDB error: 74400000:error:0A000438:SSL routines:ssl3_read_bytes:tlsv1 alert internal error:c:\ws\deps\openssl\openssl\ssl\record\rec_layer_s3.c:1605:SSL alert number 80

2026-08-10 11:58:41 [error]: ❌ MongoDB connection error (attempt 1): Could not connect to any servers in your MongoDB Atlas cluster. One common reason is that you're trying to access the database from an IP that isn't whitelisted. Make sure your current IP address is on your Atlas cluster's IP whitelist: https://www.mongodb.com/docs/atlas/security-whitelist/
2026-08-10 11:58:41 [error]: MongoDB error: 74400000:error:0A000438:SSL routines:ssl3_read_bytes:tlsv1 alert internal error:c:\ws\deps\openssl\openssl\ssl\record\rec_layer_s3.c:1605:SSL alert number 80

2026-08-10 11:58:46 [error]: ❌ MongoDB connection error (attempt 1): Could not connect to any servers in your MongoDB Atlas cluster. One common reason is that you're trying to access the database from an IP that isn't whitelisted. Make sure your current IP address is on your Atlas cluster's IP whitelist: https://www.mongodb.com/docs/atlas/security-whitelist/
2026-08-10 11:58:46 [error]: MongoDB error: 74400000:error:0A000438:SSL routines:ssl3_read_bytes:tlsv1 alert internal error:c:\ws\deps\openssl\openssl\ssl\record\rec_layer_s3.c:1605:SSL alert number 80

2026-08-10 11:58:51 [error]: ❌ MongoDB connection error (attempt 1): Could not connect to any servers in your MongoDB Atlas cluster. One common reason is that you're trying to access the database from an IP that isn't whitelisted. Make sure your current IP address is on your Atlas cluster's IP whitelist: https://www.mongodb.com/docs/atlas/security-whitelist/
2026-08-10 11:58:51 [error]: MongoDB error: 74400000:error:0A000438:SSL routines:ssl3_read_bytes:tlsv1 alert internal error:c:\ws\deps\openssl\openssl\ssl\record\rec_layer_s3.c:1605:SSL alert number 80

2026-08-10 11:58:56 [error]: ❌ MongoDB connection error (attempt 1): Could not connect to any servers in your MongoDB Atlas cluster. One common reason is that you're trying to access the database from an IP that isn't whitelisted. Make sure your current IP address is on your Atlas cluster's IP whitelist: https://www.mongodb.com/docs/atlas/security-whitelist/
2026-08-10 11:58:56 [error]: MongoDB error: 74400000:error:0A000438:SSL routines:ssl3_read_bytes:tlsv1 alert internal error:c:\ws\deps\openssl\openssl\ssl\record\rec_layer_s3.c:1605:SSL alert number 80

2026-08-10 11:59:01 [error]: ❌ MongoDB connection error (attempt 1): Could not connect to any servers in your MongoDB Atlas cluster. One common reason is that you're trying to access the database from an IP that isn't whitelisted. Make sure your current IP address is on your Atlas cluster's IP whitelist: https://www.mongodb.com/docs/atlas/security-whitelist/
2026-08-10 11:59:01 [error]: MongoDB error: 74400000:error:0A000438:SSL routines:ssl3_read_bytes:tlsv1 alert internal error:c:\ws\deps\openssl\openssl\ssl\record\rec_layer_s3.c:1605:SSL alert number 80

2026-08-10 11:59:07 [error]: ❌ MongoDB connection error (attempt 1): Could not connect to any servers in your MongoDB Atlas cluster. One common reason is that you're trying to access the database from an IP that isn't whitelisted. Make sure your current IP address is on your Atlas cluster's IP whitelist: https://www.mongodb.com/docs/atlas/security-whitelist/
2026-08-10 11:59:07 [error]: MongoDB error: 74400000:error:0A000438:SSL routines:ssl3_read_bytes:tlsv1 alert internal error:c:\ws\deps\openssl\openssl\ssl\record\rec_layer_s3.c:1605:SSL alert number 80

2026-08-10 11:59:12 [error]: ❌ MongoDB connection error (attempt 1): Could not connect to any servers in your MongoDB Atlas cluster. One common reason is that you're trying to access the database from an IP that isn't whitelisted. Make sure your current IP address is on your Atlas cluster's IP whitelist: https://www.mongodb.com/docs/atlas/security-whitelist/
2026-08-10 11:59:12 [error]: MongoDB error: 74400000:error:0A000438:SSL routines:ssl3_read_bytes:tlsv1 alert internal error:c:\ws\deps\openssl\openssl\ssl\record\rec_layer_s3.c:1605:SSL alert number 80

2026-08-13 15:20:48 [error]: ❌ MongoDB connection error (attempt 1): connect ECONNREFUSED ::1:27017, connect ECONNREFUSED 127.0.0.1:27017
2026-08-13 15:20:48 [error]: MongoDB error: connect ECONNREFUSED ::1:27017, connect ECONNREFUSED 127.0.0.1:27017
2026-08-13 15:20:53 [error]: ❌ MongoDB connection error (attempt 2): connect ECONNREFUSED ::1:27017, connect ECONNREFUSED 127.0.0.1:27017
2026-08-13 15:20:53 [error]: MongoDB error: connect ECONNREFUSED ::1:27017, connect ECONNREFUSED 127.0.0.1:27017
2026-08-13 15:20:57 [error]: ❌ MongoDB connection error (attempt 1): connect ECONNREFUSED ::1:27017, connect ECONNREFUSED 127.0.0.1:27017
2026-08-13 15:20:57 [error]: MongoDB error: connect ECONNREFUSED ::1:27017, connect ECONNREFUSED 127.0.0.1:27017
2026-08-13 15:20:58 [error]: ❌ MongoDB connection error (attempt 2): connect ECONNREFUSED ::1:27017, connect ECONNREFUSED 127.0.0.1:27017
2026-08-13 15:20:58 [error]: MongoDB error: connect ECONNREFUSED ::1:27017, connect ECONNREFUSED 127.0.0.1:27017
2026-08-13 15:21:02 [error]: ❌ MongoDB connection error (attempt 1): connect ECONNREFUSED ::1:27017, connect ECONNREFUSED 127.0.0.1:27017
2026-08-13 15:21:02 [error]: MongoDB error: connect ECONNREFUSED ::1:27017, connect ECONNREFUSED 127.0.0.1:27017
2026-08-13 15:21:03 [error]: ❌ MongoDB connection error (attempt 1): connect ECONNREFUSED ::1:27017, connect ECONNREFUSED 127.0.0.1:27017
2026-08-13 15:21:03 [error]: MongoDB error: connect ECONNREFUSED ::1:27017, connect ECONNREFUSED 127.0.0.1:27017
2026-08-13 15:21:07 [error]: ❌ MongoDB connection error (attempt 1): connect ECONNREFUSED ::1:27017, connect ECONNREFUSED 127.0.0.1:27017
2026-08-13 15:21:07 [error]: MongoDB error: connect ECONNREFUSED ::1:27017, connect ECONNREFUSED 127.0.0.1:27017
2026-08-13 15:21:08 [error]: ❌ MongoDB connection error (attempt 1): connect ECONNREFUSED ::1:27017, connect ECONNREFUSED 127.0.0.1:27017
2026-08-13 15:21:08 [error]: MongoDB error: connect ECONNREFUSED ::1:27017, connect ECONNREFUSED 127.0.0.1:27017
2026-08-13 15:21:12 [error]: ❌ MongoDB connection error (attempt 1): connect ECONNREFUSED ::1:27017, connect ECONNREFUSED 127.0.0.1:27017
2026-08-13 15:21:12 [error]: MongoDB error: connect ECONNREFUSED ::1:27017, connect ECONNREFUSED 127.0.0.1:27017
2026-08-13 15:21:13 [error]: ❌ MongoDB connection error (attempt 1): connect ECONNREFUSED ::1:27017, connect ECONNREFUSED 127.0.0.1:27017
2026-08-13 15:21:13 [error]: MongoDB error: connect ECONNREFUSED ::1:27017, connect ECONNREFUSED 127.0.0.1:27017
2026-08-13 15:21:17 [error]: ❌ MongoDB connection error (attempt 1): connect ECONNREFUSED ::1:27017, connect ECONNREFUSED 127.0.0.1:27017
2026-08-13 15:21:17 [error]: MongoDB error: connect ECONNREFUSED ::1:27017, connect ECONNREFUSED 127.0.0.1:27017
2026-08-13 15:21:18 [error]: ❌ MongoDB connection error (attempt 1): connect ECONNREFUSED ::1:27017, connect ECONNREFUSED 127.0.0.1:27017
2026-08-13 15:21:18 [error]: MongoDB error: connect ECONNREFUSED ::1:27017, connect ECONNREFUSED 127.0.0.1:27017
2026-08-13 15:21:22 [error]: ❌ MongoDB connection error (attempt 1): connect ECONNREFUSED ::1:27017, connect ECONNREFUSED 127.0.0.1:27017
2026-08-13 15:21:22 [error]: MongoDB error: connect ECONNREFUSED ::1:27017, connect ECONNREFUSED 127.0.0.1:27017
2026-08-13 15:21:23 [error]: ❌ MongoDB connection error (attempt 1): connect ECONNREFUSED ::1:27017, connect ECONNREFUSED 127.0.0.1:27017
2026-08-13 15:21:23 [error]: MongoDB error: connect ECONNREFUSED ::1:27017, connect ECONNREFUSED 127.0.0.1:27017
2026-08-13 15:21:27 [error]: ❌ MongoDB connection error (attempt 1): connect ECONNREFUSED ::1:27017, connect ECONNREFUSED 127.0.0.1:27017
2026-08-13 15:21:27 [error]: MongoDB error: connect ECONNREFUSED ::1:27017, connect ECONNREFUSED 127.0.0.1:27017
2026-08-13 15:21:28 [error]: ❌ MongoDB connection error (attempt 1): connect ECONNREFUSED ::1:27017, connect ECONNREFUSED 127.0.0.1:27017
2026-08-13 15:21:28 [error]: MongoDB error: connect ECONNREFUSED ::1:27017, connect ECONNREFUSED 127.0.0.1:27017
2026-08-13 15:21:33 [error]: ❌ MongoDB connection error (attempt 1): connect ECONNREFUSED ::1:27017, connect ECONNREFUSED 127.0.0.1:27017
2026-08-13 15:21:33 [error]: MongoDB error: connect ECONNREFUSED ::1:27017, connect ECONNREFUSED 127.0.0.1:27017
2026-08-13 15:21:33 [error]: ❌ MongoDB connection error (attempt 1): connect ECONNREFUSED ::1:27017, connect ECONNREFUSED 127.0.0.1:27017
2026-08-13 15:21:33 [error]: MongoDB error: connect ECONNREFUSED ::1:27017, connect ECONNREFUSED 127.0.0.1:27017
2026-08-13 15:21:38 [error]: ❌ MongoDB connection error (attempt 1): connect ECONNREFUSED ::1:27017, connect ECONNREFUSED 127.0.0.1:27017
2026-08-13 15:21:38 [error]: MongoDB error: connect ECONNREFUSED ::1:27017, connect ECONNREFUSED 127.0.0.1:27017
2026-08-13 15:21:38 [error]: ❌ MongoDB connection error (attempt 1): connect ECONNREFUSED ::1:27017, connect ECONNREFUSED 127.0.0.1:27017
2026-08-13 15:21:38 [error]: MongoDB error: connect ECONNREFUSED ::1:27017, connect ECONNREFUSED 127.0.0.1:27017
2026-08-13 15:21:43 [error]: ❌ MongoDB connection error (attempt 1): connect ECONNREFUSED ::1:27017, connect ECONNREFUSED 127.0.0.1:27017
2026-08-13 15:21:43 [error]: MongoDB error: connect ECONNREFUSED ::1:27017, connect ECONNREFUSED 127.0.0.1:27017
2026-08-13 15:21:43 [error]: ❌ MongoDB connection error (attempt 1): connect ECONNREFUSED ::1:27017, connect ECONNREFUSED 127.0.0.1:27017
2026-08-13 15:21:43 [error]: MongoDB error: connect ECONNREFUSED ::1:27017, connect ECONNREFUSED 127.0.0.1:27017
2026-08-13 15:21:48 [error]: ❌ MongoDB connection error (attempt 1): connect ECONNREFUSED ::1:27017, connect ECONNREFUSED 127.0.0.1:27017
2026-08-13 15:21:48 [error]: MongoDB error: connect ECONNREFUSED ::1:27017, connect ECONNREFUSED 127.0.0.1:27017
2026-08-13 15:21:48 [error]: ❌ MongoDB connection error (attempt 1): connect ECONNREFUSED ::1:27017, connect ECONNREFUSED 127.0.0.1:27017
2026-08-13 15:21:48 [error]: MongoDB error: connect ECONNREFUSED ::1:27017, connect ECONNREFUSED 127.0.0.1:27017
2026-08-13 15:21:53 [error]: ❌ MongoDB connection error (attempt 1): connect ECONNREFUSED ::1:27017, connect ECONNREFUSED 127.0.0.1:27017
2026-08-13 15:21:53 [error]: MongoDB error: connect ECONNREFUSED ::1:27017, connect ECONNREFUSED 127.0.0.1:27017
2026-08-13 15:21:53 [error]: ❌ MongoDB connection error (attempt 1): connect ECONNREFUSED ::1:27017, connect ECONNREFUSED 127.0.0.1:27017
2026-08-13 15:21:53 [error]: MongoDB error: connect ECONNREFUSED ::1:27017, connect ECONNREFUSED 127.0.0.1:27017
2026-08-13 15:21:58 [error]: ❌ MongoDB connection error (attempt 1): connect ECONNREFUSED ::1:27017, connect ECONNREFUSED 127.0.0.1:27017
2026-08-13 15:21:58 [error]: MongoDB error: connect ECONNREFUSED ::1:27017, connect ECONNREFUSED 127.0.0.1:27017
2026-08-13 15:21:58 [error]: ❌ MongoDB connection error (attempt 1): connect ECONNREFUSED ::1:27017, connect ECONNREFUSED 127.0.0.1:27017
2026-08-13 15:21:58 [error]: MongoDB error: connect ECONNREFUSED ::1:27017, connect ECONNREFUSED 127.0.0.1:27017
2026-08-13 15:22:03 [error]: ❌ MongoDB connection error (attempt 1): connect ECONNREFUSED ::1:27017, connect ECONNREFUSED 127.0.0.1:27017
2026-08-13 15:22:03 [error]: MongoDB error: connect ECONNREFUSED ::1:27017, connect ECONNREFUSED 127.0.0.1:27017
2026-08-13 15:22:03 [error]: ❌ MongoDB connection error (attempt 1): connect ECONNREFUSED ::1:27017, connect ECONNREFUSED 127.0.0.1:27017
2026-08-13 15:22:03 [error]: MongoDB error: connect ECONNREFUSED ::1:27017, connect ECONNREFUSED 127.0.0.1:27017
2026-08-13 15:22:08 [error]: ❌ MongoDB connection error (attempt 1): connect ECONNREFUSED ::1:27017, connect ECONNREFUSED 127.0.0.1:27017
2026-08-13 15:22:08 [error]: MongoDB error: connect ECONNREFUSED ::1:27017, connect ECONNREFUSED 127.0.0.1:27017
2026-08-13 15:22:08 [error]: ❌ MongoDB connection error (attempt 1): connect ECONNREFUSED ::1:27017, connect ECONNREFUSED 127.0.0.1:27017
2026-08-13 15:22:08 [error]: MongoDB error: connect ECONNREFUSED ::1:27017, connect ECONNREFUSED 127.0.0.1:27017
2026-08-13 15:22:13 [error]: ❌ MongoDB connection error (attempt 1): connect ECONNREFUSED ::1:27017, connect ECONNREFUSED 127.0.0.1:27017
2026-08-13 15:22:13 [error]: MongoDB error: connect ECONNREFUSED ::1:27017, connect ECONNREFUSED 127.0.0.1:27017
2026-08-13 15:22:13 [error]: ❌ MongoDB connection error (attempt 1): connect ECONNREFUSED ::1:27017, connect ECONNREFUSED 127.0.0.1:27017
2026-08-13 15:22:13 [error]: MongoDB error: connect ECONNREFUSED ::1:27017, connect ECONNREFUSED 127.0.0.1:27017
2026-08-13 15:22:18 [error]: ❌ MongoDB connection error (attempt 1): connect ECONNREFUSED ::1:27017, connect ECONNREFUSED 127.0.0.1:27017
2026-08-13 15:22:18 [error]: MongoDB error: connect ECONNREFUSED ::1:27017, connect ECONNREFUSED 127.0.0.1:27017
2026-08-13 15:22:18 [error]: ❌ MongoDB connection error (attempt 1): connect ECONNREFUSED ::1:27017, connect ECONNREFUSED 127.0.0.1:27017
2026-08-13 15:22:18 [error]: MongoDB error: connect ECONNREFUSED ::1:27017, connect ECONNREFUSED 127.0.0.1:27017
2026-08-13 15:22:23 [error]: ❌ MongoDB connection error (attempt 1): connect ECONNREFUSED ::1:27017, connect ECONNREFUSED 127.0.0.1:27017
2026-08-13 15:22:23 [error]: MongoDB error: connect ECONNREFUSED ::1:27017, connect ECONNREFUSED 127.0.0.1:27017
2026-08-13 15:22:23 [error]: ❌ MongoDB connection error (attempt 1): connect ECONNREFUSED ::1:27017, connect ECONNREFUSED 127.0.0.1:27017
2026-08-13 15:22:23 [error]: MongoDB error: connect ECONNREFUSED ::1:27017, connect ECONNREFUSED 127.0.0.1:27017
2026-08-13 15:22:28 [error]: ❌ MongoDB connection error (attempt 1): connect ECONNREFUSED ::1:27017, connect ECONNREFUSED 127.0.0.1:27017
2026-08-13 15:22:28 [error]: MongoDB error: connect ECONNREFUSED ::1:27017, connect ECONNREFUSED 127.0.0.1:27017
2026-08-13 15:22:28 [error]: ❌ MongoDB connection error (attempt 1): connect ECONNREFUSED ::1:27017, connect ECONNREFUSED 127.0.0.1:27017
2026-08-13 15:22:28 [error]: MongoDB error: connect ECONNREFUSED ::1:27017, connect ECONNREFUSED 127.0.0.1:27017
2026-08-13 15:22:33 [error]: ❌ MongoDB connection error (attempt 1): connect ECONNREFUSED ::1:27017, connect ECONNREFUSED 127.0.0.1:27017
2026-08-13 15:22:33 [error]: MongoDB error: connect ECONNREFUSED ::1:27017, connect ECONNREFUSED 127.0.0.1:27017
2026-08-13 15:22:33 [error]: ❌ MongoDB connection error (attempt 1): connect ECONNREFUSED ::1:27017, connect ECONNREFUSED 127.0.0.1:27017
2026-08-13 15:22:33 [error]: MongoDB error: connect ECONNREFUSED ::1:27017, connect ECONNREFUSED 127.0.0.1:27017
2026-08-13 15:22:38 [error]: ❌ MongoDB connection error (attempt 1): connect ECONNREFUSED ::1:27017, connect ECONNREFUSED 127.0.0.1:27017
2026-08-13 15:22:38 [error]: MongoDB error: connect ECONNREFUSED ::1:27017, connect ECONNREFUSED 127.0.0.1:27017
2026-08-13 15:22:38 [error]: ❌ MongoDB connection error (attempt 1): connect ECONNREFUSED ::1:27017, connect ECONNREFUSED 127.0.0.1:27017
2026-08-13 15:22:38 [error]: MongoDB error: connect ECONNREFUSED ::1:27017, connect ECONNREFUSED 127.0.0.1:27017
2026-08-13 15:22:43 [error]: ❌ MongoDB connection error (attempt 1): connect ECONNREFUSED ::1:27017, connect ECONNREFUSED 127.0.0.1:27017
2026-08-13 15:22:43 [error]: MongoDB error: connect ECONNREFUSED ::1:27017, connect ECONNREFUSED 127.0.0.1:27017
2026-08-13 15:22:43 [error]: ❌ MongoDB connection error (attempt 1): connect ECONNREFUSED ::1:27017, connect ECONNREFUSED 127.0.0.1:27017
2026-08-13 15:22:43 [error]: MongoDB error: connect ECONNREFUSED ::1:27017, connect ECONNREFUSED 127.0.0.1:27017
2026-08-13 15:22:48 [error]: ❌ MongoDB connection error (attempt 1): connect ECONNREFUSED ::1:27017, connect ECONNREFUSED 127.0.0.1:27017
2026-08-13 15:22:48 [error]: MongoDB error: connect ECONNREFUSED ::1:27017, connect ECONNREFUSED 127.0.0.1:27017
2026-08-13 15:22:48 [error]: ❌ MongoDB connection error (attempt 1): connect ECONNREFUSED ::1:27017, connect ECONNREFUSED 127.0.0.1:27017
2026-08-13 15:22:48 [error]: MongoDB error: connect ECONNREFUSED ::1:27017, connect ECONNREFUSED 127.0.0.1:27017
2026-08-13 15:22:53 [error]: ❌ MongoDB connection error (attempt 1): connect ECONNREFUSED ::1:27017, connect ECONNREFUSED 127.0.0.1:27017
2026-08-13 15:22:53 [error]: MongoDB error: connect ECONNREFUSED ::1:27017, connect ECONNREFUSED 127.0.0.1:27017
2026-08-13 15:22:53 [error]: ❌ MongoDB connection error (attempt 1): connect ECONNREFUSED ::1:27017, connect ECONNREFUSED 127.0.0.1:27017
2026-08-13 15:22:53 [error]: MongoDB error: connect ECONNREFUSED ::1:27017, connect ECONNREFUSED 127.0.0.1:27017
2026-08-13 15:22:58 [error]: ❌ MongoDB connection error (attempt 1): connect ECONNREFUSED ::1:27017, connect ECONNREFUSED 127.0.0.1:27017
2026-08-13 15:22:58 [error]: MongoDB error: connect ECONNREFUSED ::1:27017, connect ECONNREFUSED 127.0.0.1:27017
2026-08-13 15:22:58 [error]: ❌ MongoDB connection error (attempt 1): connect ECONNREFUSED ::1:27017, connect ECONNREFUSED 127.0.0.1:27017
2026-08-13 15:22:58 [error]: MongoDB error: connect ECONNREFUSED ::1:27017, connect ECONNREFUSED 127.0.0.1:27017
2026-08-13 15:23:03 [error]: ❌ MongoDB connection error (attempt 1): connect ECONNREFUSED ::1:27017, connect ECONNREFUSED 127.0.0.1:27017
2026-08-13 15:23:03 [error]: MongoDB error: connect ECONNREFUSED ::1:27017, connect ECONNREFUSED 127.0.0.1:27017
2026-08-13 15:23:03 [error]: ❌ MongoDB connection error (attempt 1): connect ECONNREFUSED ::1:27017, connect ECONNREFUSED 127.0.0.1:27017
2026-08-13 15:23:03 [error]: MongoDB error: connect ECONNREFUSED ::1:27017, connect ECONNREFUSED 127.0.0.1:27017
2026-08-13 15:23:08 [error]: ❌ MongoDB connection error (attempt 1): connect ECONNREFUSED ::1:27017, connect ECONNREFUSED 127.0.0.1:27017
2026-08-13 15:23:08 [error]: MongoDB error: connect ECONNREFUSED ::1:27017, connect ECONNREFUSED 127.0.0.1:27017
2026-08-13 15:23:08 [error]: ❌ MongoDB connection error (attempt 1): connect ECONNREFUSED ::1:27017, connect ECONNREFUSED 127.0.0.1:27017
2026-08-13 15:23:08 [error]: MongoDB error: connect ECONNREFUSED ::1:27017, connect ECONNREFUSED 127.0.0.1:27017
2026-08-13 15:23:13 [error]: ❌ MongoDB connection error (attempt 1): connect ECONNREFUSED ::1:27017, connect ECONNREFUSED 127.0.0.1:27017
2026-08-13 15:23:13 [error]: MongoDB error: connect ECONNREFUSED ::1:27017, connect ECONNREFUSED 127.0.0.1:27017
2026-08-13 15:23:13 [error]: ❌ MongoDB connection error (attempt 1): connect ECONNREFUSED ::1:27017, connect ECONNREFUSED 127.0.0.1:27017
2026-08-13 15:23:13 [error]: MongoDB error: connect ECONNREFUSED ::1:27017, connect ECONNREFUSED 127.0.0.1:27017
2026-08-13 15:23:18 [error]: ❌ MongoDB connection error (attempt 1): connect ECONNREFUSED ::1:27017, connect ECONNREFUSED 127.0.0.1:27017
2026-08-13 15:23:18 [error]: MongoDB error: connect ECONNREFUSED ::1:27017, connect ECONNREFUSED 127.0.0.1:27017
2026-08-13 15:23:18 [error]: ❌ MongoDB connection error (attempt 1): connect ECONNREFUSED ::1:27017, connect ECONNREFUSED 127.0.0.1:27017
2026-08-13 15:23:18 [error]: MongoDB error: connect ECONNREFUSED ::1:27017, connect ECONNREFUSED 127.0.0.1:27017
2026-08-13 15:23:23 [error]: ❌ MongoDB connection error (attempt 1): connect ECONNREFUSED ::1:27017, connect ECONNREFUSED 127.0.0.1:27017
2026-08-13 15:23:23 [error]: MongoDB error: connect ECONNREFUSED ::1:27017, connect ECONNREFUSED 127.0.0.1:27017
2026-08-13 15:23:23 [error]: ❌ MongoDB connection error (attempt 1): connect ECONNREFUSED ::1:27017, connect ECONNREFUSED 127.0.0.1:27017
2026-08-13 15:23:23 [error]: MongoDB error: connect ECONNREFUSED ::1:27017, connect ECONNREFUSED 127.0.0.1:27017
2026-08-13 15:23:28 [error]: ❌ MongoDB connection error (attempt 1): connect ECONNREFUSED ::1:27017, connect ECONNREFUSED 127.0.0.1:27017
2026-08-13 15:23:28 [error]: MongoDB error: connect ECONNREFUSED ::1:27017, connect ECONNREFUSED 127.0.0.1:27017
2026-08-13 15:23:29 [error]: ❌ MongoDB connection error (attempt 1): connect ECONNREFUSED ::1:27017, connect ECONNREFUSED 127.0.0.1:27017
2026-08-13 15:23:29 [error]: MongoDB error: connect ECONNREFUSED ::1:27017, connect ECONNREFUSED 127.0.0.1:27017
2026-08-13 15:23:33 [error]: ❌ MongoDB connection error (attempt 1): connect ECONNREFUSED ::1:27017, connect ECONNREFUSED 127.0.0.1:27017
2026-08-13 15:23:33 [error]: MongoDB error: connect ECONNREFUSED ::1:27017, connect ECONNREFUSED 127.0.0.1:27017
2026-08-13 15:23:34 [error]: ❌ MongoDB connection error (attempt 1): connect ECONNREFUSED ::1:27017, connect ECONNREFUSED 127.0.0.1:27017
2026-08-13 15:23:34 [error]: MongoDB error: connect ECONNREFUSED ::1:27017, connect ECONNREFUSED 127.0.0.1:27017
2026-08-13 15:23:38 [error]: ❌ MongoDB connection error (attempt 1): connect ECONNREFUSED ::1:27017, connect ECONNREFUSED 127.0.0.1:27017
2026-08-13 15:23:38 [error]: MongoDB error: connect ECONNREFUSED ::1:27017, connect ECONNREFUSED 127.0.0.1:27017
2026-08-13 15:23:39 [error]: ❌ MongoDB connection error (attempt 1): connect ECONNREFUSED ::1:27017, connect ECONNREFUSED 127.0.0.1:27017
2026-08-13 15:23:39 [error]: MongoDB error: connect ECONNREFUSED ::1:27017, connect ECONNREFUSED 127.0.0.1:27017
2026-08-13 15:23:43 [error]: ❌ MongoDB connection error (attempt 1): connect ECONNREFUSED ::1:27017, connect ECONNREFUSED 127.0.0.1:27017
2026-08-13 15:23:43 [error]: MongoDB error: connect ECONNREFUSED ::1:27017, connect ECONNREFUSED 127.0.0.1:27017
2026-08-13 15:23:44 [error]: ❌ MongoDB connection error (attempt 1): connect ECONNREFUSED ::1:27017, connect ECONNREFUSED 127.0.0.1:27017
2026-08-13 15:23:44 [error]: MongoDB error: connect ECONNREFUSED ::1:27017, connect ECONNREFUSED 127.0.0.1:27017
2026-08-13 15:23:48 [error]: ❌ MongoDB connection error (attempt 1): connect ECONNREFUSED ::1:27017, connect ECONNREFUSED 127.0.0.1:27017
2026-08-13 15:23:48 [error]: MongoDB error: connect ECONNREFUSED ::1:27017, connect ECONNREFUSED 127.0.0.1:27017
2026-08-13 15:23:49 [error]: ❌ MongoDB connection error (attempt 1): connect ECONNREFUSED ::1:27017, connect ECONNREFUSED 127.0.0.1:27017
2026-08-13 15:23:49 [error]: MongoDB error: connect ECONNREFUSED ::1:27017, connect ECONNREFUSED 127.0.0.1:27017
2026-08-13 15:23:53 [error]: ❌ MongoDB connection error (attempt 1): connect ECONNREFUSED ::1:27017, connect ECONNREFUSED 127.0.0.1:27017
2026-08-13 15:23:53 [error]: MongoDB error: connect ECONNREFUSED ::1:27017, connect ECONNREFUSED 127.0.0.1:27017
2026-08-13 15:23:54 [error]: ❌ MongoDB connection error (attempt 1): connect ECONNREFUSED ::1:27017, connect ECONNREFUSED 127.0.0.1:27017
2026-08-13 15:23:54 [error]: MongoDB error: connect ECONNREFUSED ::1:27017, connect ECONNREFUSED 127.0.0.1:27017
2026-08-13 15:23:58 [error]: ❌ MongoDB connection error (attempt 1): connect ECONNREFUSED ::1:27017, connect ECONNREFUSED 127.0.0.1:27017
2026-08-13 15:23:58 [error]: MongoDB error: connect ECONNREFUSED ::1:27017, connect ECONNREFUSED 127.0.0.1:27017
2026-08-13 15:23:59 [error]: ❌ MongoDB connection error (attempt 1): connect ECONNREFUSED ::1:27017, connect ECONNREFUSED 127.0.0.1:27017
2026-08-13 15:23:59 [error]: MongoDB error: connect ECONNREFUSED ::1:27017, connect ECONNREFUSED 127.0.0.1:27017
2026-08-13 15:24:03 [error]: ❌ MongoDB connection error (attempt 1): connect ECONNREFUSED ::1:27017, connect ECONNREFUSED 127.0.0.1:27017
2026-08-13 15:24:03 [error]: MongoDB error: connect ECONNREFUSED ::1:27017, connect ECONNREFUSED 127.0.0.1:27017
2026-08-13 15:24:04 [error]: ❌ MongoDB connection error (attempt 1): connect ECONNREFUSED ::1:27017, connect ECONNREFUSED 127.0.0.1:27017
2026-08-13 15:24:04 [error]: MongoDB error: connect ECONNREFUSED ::1:27017, connect ECONNREFUSED 127.0.0.1:27017
2026-08-13 15:24:08 [error]: ❌ MongoDB connection error (attempt 1): connect ECONNREFUSED ::1:27017, connect ECONNREFUSED 127.0.0.1:27017
2026-08-13 15:24:08 [error]: MongoDB error: connect ECONNREFUSED ::1:27017, connect ECONNREFUSED 127.0.0.1:27017
2026-08-13 15:24:09 [error]: ❌ MongoDB connection error (attempt 1): connect ECONNREFUSED ::1:27017, connect ECONNREFUSED 127.0.0.1:27017
2026-08-13 15:24:09 [error]: MongoDB error: connect ECONNREFUSED ::1:27017, connect ECONNREFUSED 127.0.0.1:27017
2026-08-13 15:24:13 [error]: ❌ MongoDB connection error (attempt 1): connect ECONNREFUSED ::1:27017, connect ECONNREFUSED 127.0.0.1:27017
2026-08-13 15:24:13 [error]: MongoDB error: connect ECONNREFUSED ::1:27017, connect ECONNREFUSED 127.0.0.1:27017
2026-08-13 15:24:14 [error]: ❌ MongoDB connection error (attempt 1): connect ECONNREFUSED ::1:27017, connect ECONNREFUSED 127.0.0.1:27017
2026-08-13 15:24:14 [error]: MongoDB error: connect ECONNREFUSED ::1:27017, connect ECONNREFUSED 127.0.0.1:27017
2026-08-13 15:24:18 [error]: ❌ MongoDB connection error (attempt 1): connect ECONNREFUSED ::1:27017, connect ECONNREFUSED 127.0.0.1:27017
2026-08-13 15:24:18 [error]: MongoDB error: connect ECONNREFUSED ::1:27017, connect ECONNREFUSED 127.0.0.1:27017
2026-08-13 15:24:19 [error]: ❌ MongoDB connection error (attempt 1): connect ECONNREFUSED ::1:27017, connect ECONNREFUSED 127.0.0.1:27017
2026-08-13 15:24:19 [error]: MongoDB error: connect ECONNREFUSED ::1:27017, connect ECONNREFUSED 127.0.0.1:27017
2026-08-13 15:24:23 [error]: ❌ MongoDB connection error (attempt 1): connect ECONNREFUSED ::1:27017, connect ECONNREFUSED 127.0.0.1:27017
2026-08-13 15:24:23 [error]: MongoDB error: connect ECONNREFUSED ::1:27017, connect ECONNREFUSED 127.0.0.1:27017
2026-08-13 15:24:24 [error]: ❌ MongoDB connection error (attempt 1): connect ECONNREFUSED ::1:27017, connect ECONNREFUSED 127.0.0.1:27017
2026-08-13 15:24:24 [error]: MongoDB error: connect ECONNREFUSED ::1:27017, connect ECONNREFUSED 127.0.0.1:27017
2026-08-13 15:24:28 [error]: ❌ MongoDB connection error (attempt 1): connect ECONNREFUSED ::1:27017, connect ECONNREFUSED 127.0.0.1:27017
2026-08-13 15:24:28 [error]: MongoDB error: connect ECONNREFUSED ::1:27017, connect ECONNREFUSED 127.0.0.1:27017
2026-08-13 15:24:29 [error]: ❌ MongoDB connection error (attempt 1): connect ECONNREFUSED ::1:27017, connect ECONNREFUSED 127.0.0.1:27017
2026-08-13 15:24:29 [error]: MongoDB error: connect ECONNREFUSED ::1:27017, connect ECONNREFUSED 127.0.0.1:27017
2026-08-13 15:24:33 [error]: ❌ MongoDB connection error (attempt 1): connect ECONNREFUSED ::1:27017, connect ECONNREFUSED 127.0.0.1:27017
2026-08-13 15:24:33 [error]: MongoDB error: connect ECONNREFUSED ::1:27017, connect ECONNREFUSED 127.0.0.1:27017
2026-08-13 15:24:34 [error]: ❌ MongoDB connection error (attempt 1): connect ECONNREFUSED ::1:27017, connect ECONNREFUSED 127.0.0.1:27017
2026-08-13 15:24:34 [error]: MongoDB error: connect ECONNREFUSED ::1:27017, connect ECONNREFUSED 127.0.0.1:27017
2026-08-13 15:24:38 [error]: ❌ MongoDB connection error (attempt 1): connect ECONNREFUSED ::1:27017, connect ECONNREFUSED 127.0.0.1:27017
2026-08-13 15:24:38 [error]: MongoDB error: connect ECONNREFUSED ::1:27017, connect ECONNREFUSED 127.0.0.1:27017
2026-08-13 15:24:39 [error]: ❌ MongoDB connection error (attempt 1): connect ECONNREFUSED ::1:27017, connect ECONNREFUSED 127.0.0.1:27017
2026-08-13 15:24:39 [error]: MongoDB error: connect ECONNREFUSED ::1:27017, connect ECONNREFUSED 127.0.0.1:27017
2026-08-13 15:24:43 [error]: ❌ MongoDB connection error (attempt 1): connect ECONNREFUSED ::1:27017, connect ECONNREFUSED 127.0.0.1:27017
2026-08-13 15:24:43 [error]: MongoDB error: connect ECONNREFUSED ::1:27017, connect ECONNREFUSED 127.0.0.1:27017
2026-08-13 15:24:44 [error]: ❌ MongoDB connection error (attempt 1): connect ECONNREFUSED ::1:27017, connect ECONNREFUSED 127.0.0.1:27017
2026-08-13 15:24:44 [error]: MongoDB error: connect ECONNREFUSED ::1:27017, connect ECONNREFUSED 127.0.0.1:27017
2026-08-13 15:24:48 [error]: ❌ MongoDB connection error (attempt 1): connect ECONNREFUSED ::1:27017, connect ECONNREFUSED 127.0.0.1:27017
2026-08-13 15:24:48 [error]: MongoDB error: connect ECONNREFUSED ::1:27017, connect ECONNREFUSED 127.0.0.1:27017
2026-08-13 15:24:49 [error]: ❌ MongoDB connection error (attempt 1): connect ECONNREFUSED ::1:27017, connect ECONNREFUSED 127.0.0.1:27017
2026-08-13 15:24:49 [error]: MongoDB error: connect ECONNREFUSED ::1:27017, connect ECONNREFUSED 127.0.0.1:27017
2026-08-13 15:24:53 [error]: ❌ MongoDB connection error (attempt 1): connect ECONNREFUSED ::1:27017, connect ECONNREFUSED 127.0.0.1:27017
2026-08-13 15:24:53 [error]: MongoDB error: connect ECONNREFUSED ::1:27017, connect ECONNREFUSED 127.0.0.1:27017
2026-08-13 15:24:54 [error]: ❌ MongoDB connection error (attempt 1): connect ECONNREFUSED ::1:27017, connect ECONNREFUSED 127.0.0.1:27017
2026-08-13 15:24:54 [error]: MongoDB error: connect ECONNREFUSED ::1:27017, connect ECONNREFUSED 127.0.0.1:27017
2026-08-13 15:24:58 [error]: ❌ MongoDB connection error (attempt 1): connect ECONNREFUSED ::1:27017, connect ECONNREFUSED 127.0.0.1:27017
2026-08-13 15:24:58 [error]: MongoDB error: connect ECONNREFUSED ::1:27017, connect ECONNREFUSED 127.0.0.1:27017
2026-08-13 15:24:59 [error]: ❌ MongoDB connection error (attempt 1): connect ECONNREFUSED ::1:27017, connect ECONNREFUSED 127.0.0.1:27017
2026-08-13 15:24:59 [error]: MongoDB error: connect ECONNREFUSED ::1:27017, connect ECONNREFUSED 127.0.0.1:27017
2026-08-13 15:25:03 [error]: ❌ MongoDB connection error (attempt 1): connect ECONNREFUSED ::1:27017, connect ECONNREFUSED 127.0.0.1:27017
2026-08-13 15:25:03 [error]: MongoDB error: connect ECONNREFUSED ::1:27017, connect ECONNREFUSED 127.0.0.1:27017
2026-08-13 15:25:04 [error]: ❌ MongoDB connection error (attempt 1): connect ECONNREFUSED ::1:27017, connect ECONNREFUSED 127.0.0.1:27017
2026-08-13 15:25:04 [error]: MongoDB error: connect ECONNREFUSED ::1:27017, connect ECONNREFUSED 127.0.0.1:27017
2026-08-13 15:25:08 [error]: ❌ MongoDB connection error (attempt 1): connect ECONNREFUSED ::1:27017, connect ECONNREFUSED 127.0.0.1:27017
2026-08-13 15:25:08 [error]: MongoDB error: connect ECONNREFUSED ::1:27017, connect ECONNREFUSED 127.0.0.1:27017
2026-08-13 15:25:09 [error]: ❌ MongoDB connection error (attempt 1): connect ECONNREFUSED ::1:27017, connect ECONNREFUSED 127.0.0.1:27017
2026-08-13 15:25:09 [error]: MongoDB error: connect ECONNREFUSED ::1:27017, connect ECONNREFUSED 127.0.0.1:27017
2026-08-13 15:25:13 [error]: ❌ MongoDB connection error (attempt 1): connect ECONNREFUSED ::1:27017, connect ECONNREFUSED 127.0.0.1:27017
2026-08-13 15:25:13 [error]: MongoDB error: connect ECONNREFUSED ::1:27017, connect ECONNREFUSED 127.0.0.1:27017
2026-08-13 15:25:14 [error]: ❌ MongoDB connection error (attempt 1): connect ECONNREFUSED ::1:27017, connect ECONNREFUSED 127.0.0.1:27017
2026-08-13 15:25:14 [error]: MongoDB error: connect ECONNREFUSED ::1:27017, connect ECONNREFUSED 127.0.0.1:27017
2026-08-13 15:25:18 [error]: ❌ MongoDB connection error (attempt 1): connect ECONNREFUSED ::1:27017, connect ECONNREFUSED 127.0.0.1:27017
2026-08-13 15:25:18 [error]: MongoDB error: connect ECONNREFUSED ::1:27017, connect ECONNREFUSED 127.0.0.1:27017
2026-08-13 15:25:19 [error]: ❌ MongoDB connection error (attempt 1): connect ECONNREFUSED ::1:27017, connect ECONNREFUSED 127.0.0.1:27017
2026-08-13 15:25:19 [error]: MongoDB error: connect ECONNREFUSED ::1:27017, connect ECONNREFUSED 127.0.0.1:27017
2026-08-13 15:25:23 [error]: ❌ MongoDB connection error (attempt 1): connect ECONNREFUSED ::1:27017, connect ECONNREFUSED 127.0.0.1:27017
2026-08-13 15:25:23 [error]: MongoDB error: connect ECONNREFUSED ::1:27017, connect ECONNREFUSED 127.0.0.1:27017
2026-08-13 15:25:24 [error]: ❌ MongoDB connection error (attempt 1): connect ECONNREFUSED ::1:27017, connect ECONNREFUSED 127.0.0.1:27017
2026-08-13 15:25:24 [error]: MongoDB error: connect ECONNREFUSED ::1:27017, connect ECONNREFUSED 127.0.0.1:27017
2026-08-13 15:25:28 [error]: ❌ MongoDB connection error (attempt 1): connect ECONNREFUSED ::1:27017, connect ECONNREFUSED 127.0.0.1:27017
2026-08-13 15:25:28 [error]: MongoDB error: connect ECONNREFUSED ::1:27017, connect ECONNREFUSED 127.0.0.1:27017
2026-08-13 15:25:29 [error]: ❌ MongoDB connection error (attempt 1): connect ECONNREFUSED ::1:27017, connect ECONNREFUSED 127.0.0.1:27017
2026-08-13 15:25:29 [error]: MongoDB error: connect ECONNREFUSED ::1:27017, connect ECONNREFUSED 127.0.0.1:27017
2026-08-13 15:25:33 [error]: ❌ MongoDB connection error (attempt 1): connect ECONNREFUSED ::1:27017, connect ECONNREFUSED 127.0.0.1:27017
2026-08-13 15:25:33 [error]: MongoDB error: connect ECONNREFUSED ::1:27017, connect ECONNREFUSED 127.0.0.1:27017
2026-08-13 15:25:34 [error]: ❌ MongoDB connection error (attempt 1): connect ECONNREFUSED ::1:27017, connect ECONNREFUSED 127.0.0.1:27017
2026-08-13 15:25:34 [error]: MongoDB error: connect ECONNREFUSED ::1:27017, connect ECONNREFUSED 127.0.0.1:27017
2026-08-13 15:25:38 [error]: ❌ MongoDB connection error (attempt 1): connect ECONNREFUSED ::1:27017, connect ECONNREFUSED 127.0.0.1:27017
2026-08-13 15:25:38 [error]: MongoDB error: connect ECONNREFUSED ::1:27017, connect ECONNREFUSED 127.0.0.1:27017
2026-08-13 15:25:39 [error]: ❌ MongoDB connection error (attempt 1): connect ECONNREFUSED ::1:27017, connect ECONNREFUSED 127.0.0.1:27017
2026-08-13 15:25:39 [error]: MongoDB error: connect ECONNREFUSED ::1:27017, connect ECONNREFUSED 127.0.0.1:27017
2026-08-13 15:25:43 [error]: ❌ MongoDB connection error (attempt 1): connect ECONNREFUSED ::1:27017, connect ECONNREFUSED 127.0.0.1:27017
2026-08-13 15:25:43 [error]: MongoDB error: connect ECONNREFUSED ::1:27017, connect ECONNREFUSED 127.0.0.1:27017
2026-08-13 15:25:44 [error]: ❌ MongoDB connection error (attempt 1): connect ECONNREFUSED ::1:27017, connect ECONNREFUSED 127.0.0.1:27017
2026-08-13 15:25:44 [error]: MongoDB error: connect ECONNREFUSED ::1:27017, connect ECONNREFUSED 127.0.0.1:27017
2026-08-13 15:25:48 [error]: ❌ MongoDB connection error (attempt 1): connect ECONNREFUSED ::1:27017, connect ECONNREFUSED 127.0.0.1:27017
2026-08-13 15:25:48 [error]: MongoDB error: connect ECONNREFUSED ::1:27017, connect ECONNREFUSED 127.0.0.1:27017
2026-08-13 15:25:49 [error]: ❌ MongoDB connection error (attempt 1): connect ECONNREFUSED ::1:27017, connect ECONNREFUSED 127.0.0.1:27017
2026-08-13 15:25:49 [error]: MongoDB error: connect ECONNREFUSED ::1:27017, connect ECONNREFUSED 127.0.0.1:27017
2026-08-13 15:25:53 [error]: ❌ MongoDB connection error (attempt 1): connect ECONNREFUSED ::1:27017, connect ECONNREFUSED 127.0.0.1:27017
2026-08-13 15:25:53 [error]: MongoDB error: connect ECONNREFUSED ::1:27017, connect ECONNREFUSED 127.0.0.1:27017
2026-08-13 15:25:54 [error]: ❌ MongoDB connection error (attempt 1): connect ECONNREFUSED ::1:27017, connect ECONNREFUSED 127.0.0.1:27017
2026-08-13 15:25:54 [error]: MongoDB error: connect ECONNREFUSED ::1:27017, connect ECONNREFUSED 127.0.0.1:27017
2026-08-13 15:25:58 [error]: ❌ MongoDB connection error (attempt 1): connect ECONNREFUSED ::1:27017, connect ECONNREFUSED 127.0.0.1:27017
2026-08-13 15:25:58 [error]: MongoDB error: connect ECONNREFUSED ::1:27017, connect ECONNREFUSED 127.0.0.1:27017
2026-08-13 15:25:59 [error]: ❌ MongoDB connection error (attempt 1): connect ECONNREFUSED ::1:27017, connect ECONNREFUSED 127.0.0.1:27017
2026-08-13 15:25:59 [error]: MongoDB error: connect ECONNREFUSED ::1:27017, connect ECONNREFUSED 127.0.0.1:27017
2026-08-13 15:26:03 [error]: ❌ MongoDB connection error (attempt 1): connect ECONNREFUSED ::1:27017, connect ECONNREFUSED 127.0.0.1:27017
2026-08-13 15:26:03 [error]: MongoDB error: connect ECONNREFUSED ::1:27017, connect ECONNREFUSED 127.0.0.1:27017
2026-08-13 15:26:04 [error]: ❌ MongoDB connection error (attempt 1): connect ECONNREFUSED ::1:27017, connect ECONNREFUSED 127.0.0.1:27017
2026-08-13 15:26:04 [error]: MongoDB error: connect ECONNREFUSED ::1:27017, connect ECONNREFUSED 127.0.0.1:27017
2026-08-13 15:26:08 [error]: ❌ MongoDB connection error (attempt 1): connect ECONNREFUSED ::1:27017, connect ECONNREFUSED 127.0.0.1:27017
2026-08-13 15:26:08 [error]: MongoDB error: connect ECONNREFUSED ::1:27017, connect ECONNREFUSED 127.0.0.1:27017
2026-08-13 15:26:09 [error]: ❌ MongoDB connection error (attempt 1): connect ECONNREFUSED ::1:27017, connect ECONNREFUSED 127.0.0.1:27017
2026-08-13 15:26:09 [error]: MongoDB error: connect ECONNREFUSED ::1:27017, connect ECONNREFUSED 127.0.0.1:27017
2026-08-13 15:26:14 [error]: ❌ MongoDB connection error (attempt 1): connect ECONNREFUSED ::1:27017, connect ECONNREFUSED 127.0.0.1:27017
2026-08-13 15:26:14 [error]: MongoDB error: connect ECONNREFUSED ::1:27017, connect ECONNREFUSED 127.0.0.1:27017
2026-08-13 15:26:14 [error]: ❌ MongoDB connection error (attempt 1): connect ECONNREFUSED ::1:27017, connect ECONNREFUSED 127.0.0.1:27017
2026-08-13 15:26:14 [error]: MongoDB error: connect ECONNREFUSED ::1:27017, connect ECONNREFUSED 127.0.0.1:27017
2026-08-13 15:26:19 [error]: ❌ MongoDB connection error (attempt 1): connect ECONNREFUSED ::1:27017, connect ECONNREFUSED 127.0.0.1:27017
2026-08-13 15:26:19 [error]: MongoDB error: connect ECONNREFUSED ::1:27017, connect ECONNREFUSED 127.0.0.1:27017
2026-08-13 15:26:19 [error]: ❌ MongoDB connection error (attempt 1): connect ECONNREFUSED ::1:27017, connect ECONNREFUSED 127.0.0.1:27017
2026-08-13 15:26:19 [error]: MongoDB error: connect ECONNREFUSED ::1:27017, connect ECONNREFUSED 127.0.0.1:27017
2026-08-13 15:26:24 [error]: ❌ MongoDB connection error (attempt 1): connect ECONNREFUSED ::1:27017, connect ECONNREFUSED 127.0.0.1:27017
2026-08-13 15:26:24 [error]: MongoDB error: connect ECONNREFUSED ::1:27017, connect ECONNREFUSED 127.0.0.1:27017
2026-08-13 15:26:24 [error]: ❌ MongoDB connection error (attempt 1): connect ECONNREFUSED ::1:27017, connect ECONNREFUSED 127.0.0.1:27017
2026-08-13 15:26:24 [error]: MongoDB error: connect ECONNREFUSED ::1:27017, connect ECONNREFUSED 127.0.0.1:27017
2026-08-13 15:26:29 [error]: ❌ MongoDB connection error (attempt 1): connect ECONNREFUSED ::1:27017, connect ECONNREFUSED 127.0.0.1:27017
2026-08-13 15:26:29 [error]: MongoDB error: connect ECONNREFUSED ::1:27017, connect ECONNREFUSED 127.0.0.1:27017
2026-08-13 15:26:29 [error]: ❌ MongoDB connection error (attempt 1): connect ECONNREFUSED ::1:27017, connect ECONNREFUSED 127.0.0.1:27017
2026-08-13 15:26:29 [error]: MongoDB error: connect ECONNREFUSED ::1:27017, connect ECONNREFUSED 127.0.0.1:27017
2026-08-13 15:26:34 [error]: ❌ MongoDB connection error (attempt 1): connect ECONNREFUSED ::1:27017, connect ECONNREFUSED 127.0.0.1:27017
2026-08-13 15:26:34 [error]: MongoDB error: connect ECONNREFUSED ::1:27017, connect ECONNREFUSED 127.0.0.1:27017
2026-08-13 15:26:34 [error]: ❌ MongoDB connection error (attempt 1): connect ECONNREFUSED ::1:27017, connect ECONNREFUSED 127.0.0.1:27017
2026-08-13 15:26:34 [error]: MongoDB error: connect ECONNREFUSED ::1:27017, connect ECONNREFUSED 127.0.0.1:27017
2026-08-13 15:26:39 [error]: ❌ MongoDB connection error (attempt 1): connect ECONNREFUSED ::1:27017, connect ECONNREFUSED 127.0.0.1:27017
2026-08-13 15:26:39 [error]: MongoDB error: connect ECONNREFUSED ::1:27017, connect ECONNREFUSED 127.0.0.1:27017
2026-08-13 15:26:39 [error]: ❌ MongoDB connection error (attempt 1): connect ECONNREFUSED ::1:27017, connect ECONNREFUSED 127.0.0.1:27017
2026-08-13 15:26:39 [error]: MongoDB error: connect ECONNREFUSED ::1:27017, connect ECONNREFUSED 127.0.0.1:27017
2026-08-13 15:26:44 [error]: ❌ MongoDB connection error (attempt 1): connect ECONNREFUSED ::1:27017, connect ECONNREFUSED 127.0.0.1:27017
2026-08-13 15:26:44 [error]: MongoDB error: connect ECONNREFUSED ::1:27017, connect ECONNREFUSED 127.0.0.1:27017
2026-08-13 15:26:44 [error]: ❌ MongoDB connection error (attempt 1): connect ECONNREFUSED ::1:27017, connect ECONNREFUSED 127.0.0.1:27017
2026-08-13 15:26:44 [error]: MongoDB error: connect ECONNREFUSED ::1:27017, connect ECONNREFUSED 127.0.0.1:27017
2026-08-13 15:26:49 [error]: ❌ MongoDB connection error (attempt 1): connect ECONNREFUSED ::1:27017, connect ECONNREFUSED 127.0.0.1:27017
2026-08-13 15:26:49 [error]: MongoDB error: connect ECONNREFUSED ::1:27017, connect ECONNREFUSED 127.0.0.1:27017
2026-08-13 15:26:49 [error]: ❌ MongoDB connection error (attempt 1): connect ECONNREFUSED ::1:27017, connect ECONNREFUSED 127.0.0.1:27017
2026-08-13 15:26:49 [error]: MongoDB error: connect ECONNREFUSED ::1:27017, connect ECONNREFUSED 127.0.0.1:27017
2026-08-13 15:27:03 [error]: ❌ MongoDB connection error (attempt 1): connect ECONNREFUSED ::1:27017, connect ECONNREFUSED 127.0.0.1:27017
2026-08-13 15:27:03 [error]: MongoDB error: connect ECONNREFUSED ::1:27017, connect ECONNREFUSED 127.0.0.1:27017
2026-08-13 15:27:03 [error]: ❌ MongoDB connection error (attempt 1): connect ECONNREFUSED ::1:27017, connect ECONNREFUSED 127.0.0.1:27017
2026-08-13 15:27:03 [error]: MongoDB error: connect ECONNREFUSED ::1:27017, connect ECONNREFUSED 127.0.0.1:27017
2026-08-13 15:27:07 [error]: ❌ MongoDB connection error (attempt 1): connect ECONNREFUSED ::1:27017, connect ECONNREFUSED 127.0.0.1:27017
2026-08-13 15:27:07 [error]: MongoDB error: connect ECONNREFUSED ::1:27017, connect ECONNREFUSED 127.0.0.1:27017
2026-08-13 15:27:08 [error]: ❌ MongoDB connection error (attempt 2): connect ECONNREFUSED ::1:27017, connect ECONNREFUSED 127.0.0.1:27017
2026-08-13 15:27:08 [error]: MongoDB error: connect ECONNREFUSED ::1:27017, connect ECONNREFUSED 127.0.0.1:27017
2026-08-13 15:27:08 [error]: ❌ MongoDB connection error (attempt 1): connect ECONNREFUSED ::1:27017, connect ECONNREFUSED 127.0.0.1:27017
2026-08-13 15:27:08 [error]: MongoDB error: connect ECONNREFUSED ::1:27017, connect ECONNREFUSED 127.0.0.1:27017
2026-08-13 15:27:12 [error]: ❌ MongoDB connection error (attempt 1): connect ECONNREFUSED ::1:27017, connect ECONNREFUSED 127.0.0.1:27017
2026-08-13 15:27:12 [error]: MongoDB error: connect ECONNREFUSED ::1:27017, connect ECONNREFUSED 127.0.0.1:27017
2026-08-13 15:27:13 [error]: ❌ MongoDB connection error (attempt 1): connect ECONNREFUSED ::1:27017, connect ECONNREFUSED 127.0.0.1:27017
2026-08-13 15:27:13 [error]: MongoDB error: connect ECONNREFUSED ::1:27017, connect ECONNREFUSED 127.0.0.1:27017
2026-08-13 15:27:13 [error]: ❌ MongoDB connection error (attempt 1): connect ECONNREFUSED ::1:27017, connect ECONNREFUSED 127.0.0.1:27017
2026-08-13 15:27:13 [error]: MongoDB error: connect ECONNREFUSED ::1:27017, connect ECONNREFUSED 127.0.0.1:27017
2026-08-13 15:27:17 [error]: ❌ MongoDB connection error (attempt 1): connect ECONNREFUSED ::1:27017, connect ECONNREFUSED 127.0.0.1:27017
2026-08-13 15:27:17 [error]: MongoDB error: connect ECONNREFUSED ::1:27017, connect ECONNREFUSED 127.0.0.1:27017
2026-08-13 15:27:17 [error]: ❌ MongoDB connection error (attempt 1): connect ECONNREFUSED ::1:27017, connect ECONNREFUSED 127.0.0.1:27017
2026-08-13 15:27:17 [error]: MongoDB error: connect ECONNREFUSED ::1:27017, connect ECONNREFUSED 127.0.0.1:27017
2026-08-13 15:27:18 [error]: ❌ MongoDB connection error (attempt 2): connect ECONNREFUSED ::1:27017, connect ECONNREFUSED 127.0.0.1:27017
2026-08-13 15:27:18 [error]: MongoDB error: connect ECONNREFUSED ::1:27017, connect ECONNREFUSED 127.0.0.1:27017
2026-08-13 15:27:18 [error]: ❌ MongoDB connection error (attempt 1): connect ECONNREFUSED ::1:27017, connect ECONNREFUSED 127.0.0.1:27017
2026-08-13 15:27:18 [error]: MongoDB error: connect ECONNREFUSED ::1:27017, connect ECONNREFUSED 127.0.0.1:27017
2026-08-13 15:27:22 [error]: ❌ MongoDB connection error (attempt 1): connect ECONNREFUSED ::1:27017, connect ECONNREFUSED 127.0.0.1:27017
2026-08-13 15:27:22 [error]: MongoDB error: connect ECONNREFUSED ::1:27017, connect ECONNREFUSED 127.0.0.1:27017
2026-08-13 15:27:22 [error]: ❌ MongoDB connection error (attempt 1): connect ECONNREFUSED ::1:27017, connect ECONNREFUSED 127.0.0.1:27017
2026-08-13 15:27:22 [error]: MongoDB error: connect ECONNREFUSED ::1:27017, connect ECONNREFUSED 127.0.0.1:27017
2026-08-13 15:27:23 [error]: ❌ MongoDB connection error (attempt 1): connect ECONNREFUSED ::1:27017, connect ECONNREFUSED 127.0.0.1:27017
2026-08-13 15:27:23 [error]: MongoDB error: connect ECONNREFUSED ::1:27017, connect ECONNREFUSED 127.0.0.1:27017
2026-08-13 15:27:23 [error]: ❌ MongoDB connection error (attempt 1): connect ECONNREFUSED ::1:27017, connect ECONNREFUSED 127.0.0.1:27017
2026-08-13 15:27:23 [error]: MongoDB error: connect ECONNREFUSED ::1:27017, connect ECONNREFUSED 127.0.0.1:27017
2026-08-13 15:27:27 [error]: ❌ MongoDB connection error (attempt 1): connect ECONNREFUSED ::1:27017, connect ECONNREFUSED 127.0.0.1:27017
2026-08-13 15:27:27 [error]: MongoDB error: connect ECONNREFUSED ::1:27017, connect ECONNREFUSED 127.0.0.1:27017
2026-08-13 15:27:27 [error]: ❌ MongoDB connection error (attempt 1): connect ECONNREFUSED ::1:27017, connect ECONNREFUSED 127.0.0.1:27017
2026-08-13 15:27:27 [error]: MongoDB error: connect ECONNREFUSED ::1:27017, connect ECONNREFUSED 127.0.0.1:27017
2026-08-13 15:27:28 [error]: ❌ MongoDB connection error (attempt 1): connect ECONNREFUSED ::1:27017, connect ECONNREFUSED 127.0.0.1:27017
2026-08-13 15:27:28 [error]: MongoDB error: connect ECONNREFUSED ::1:27017, connect ECONNREFUSED 127.0.0.1:27017
2026-08-13 15:27:28 [error]: ❌ MongoDB connection error (attempt 1): connect ECONNREFUSED ::1:27017, connect ECONNREFUSED 127.0.0.1:27017
2026-08-13 15:27:28 [error]: MongoDB error: connect ECONNREFUSED ::1:27017, connect ECONNREFUSED 127.0.0.1:27017
2026-08-13 15:27:32 [error]: ❌ MongoDB connection error (attempt 1): connect ECONNREFUSED ::1:27017, connect ECONNREFUSED 127.0.0.1:27017
2026-08-13 15:27:32 [error]: MongoDB error: connect ECONNREFUSED ::1:27017, connect ECONNREFUSED 127.0.0.1:27017
2026-08-13 15:27:32 [error]: ❌ MongoDB connection error (attempt 1): connect ECONNREFUSED ::1:27017, connect ECONNREFUSED 127.0.0.1:27017
2026-08-13 15:27:32 [error]: MongoDB error: connect ECONNREFUSED ::1:27017, connect ECONNREFUSED 127.0.0.1:27017
2026-08-13 15:27:33 [error]: ❌ MongoDB connection error (attempt 1): connect ECONNREFUSED ::1:27017, connect ECONNREFUSED 127.0.0.1:27017
2026-08-13 15:27:33 [error]: MongoDB error: connect ECONNREFUSED ::1:27017, connect ECONNREFUSED 127.0.0.1:27017
2026-08-13 15:27:33 [error]: ❌ MongoDB connection error (attempt 1): connect ECONNREFUSED ::1:27017, connect ECONNREFUSED 127.0.0.1:27017
2026-08-13 15:27:33 [error]: MongoDB error: connect ECONNREFUSED ::1:27017, connect ECONNREFUSED 127.0.0.1:27017
2026-08-13 15:27:37 [error]: ❌ MongoDB connection error (attempt 1): connect ECONNREFUSED ::1:27017, connect ECONNREFUSED 127.0.0.1:27017
2026-08-13 15:27:37 [error]: MongoDB error: connect ECONNREFUSED ::1:27017, connect ECONNREFUSED 127.0.0.1:27017
2026-08-13 15:27:37 [error]: ❌ MongoDB connection error (attempt 1): connect ECONNREFUSED ::1:27017, connect ECONNREFUSED 127.0.0.1:27017
2026-08-13 15:27:37 [error]: MongoDB error: connect ECONNREFUSED ::1:27017, connect ECONNREFUSED 127.0.0.1:27017
2026-08-13 15:27:38 [error]: ❌ MongoDB connection error (attempt 1): connect ECONNREFUSED ::1:27017, connect ECONNREFUSED 127.0.0.1:27017
2026-08-13 15:27:38 [error]: MongoDB error: connect ECONNREFUSED ::1:27017, connect ECONNREFUSED 127.0.0.1:27017
2026-08-13 15:27:38 [error]: ❌ MongoDB connection error (attempt 1): connect ECONNREFUSED ::1:27017, connect ECONNREFUSED 127.0.0.1:27017
2026-08-13 15:27:38 [error]: MongoDB error: connect ECONNREFUSED ::1:27017, connect ECONNREFUSED 127.0.0.1:27017
2026-08-13 15:27:42 [error]: ❌ MongoDB connection error (attempt 1): connect ECONNREFUSED ::1:27017, connect ECONNREFUSED 127.0.0.1:27017
2026-08-13 15:27:42 [error]: MongoDB error: connect ECONNREFUSED ::1:27017, connect ECONNREFUSED 127.0.0.1:27017
2026-08-13 15:27:42 [error]: ❌ MongoDB connection error (attempt 1): connect ECONNREFUSED ::1:27017, connect ECONNREFUSED 127.0.0.1:27017
2026-08-13 15:27:42 [error]: MongoDB error: connect ECONNREFUSED ::1:27017, connect ECONNREFUSED 127.0.0.1:27017
2026-08-13 15:27:43 [error]: ❌ MongoDB connection error (attempt 1): connect ECONNREFUSED ::1:27017, connect ECONNREFUSED 127.0.0.1:27017
2026-08-13 15:27:43 [error]: MongoDB error: connect ECONNREFUSED ::1:27017, connect ECONNREFUSED 127.0.0.1:27017
2026-08-13 15:27:43 [error]: ❌ MongoDB connection error (attempt 1): connect ECONNREFUSED ::1:27017, connect ECONNREFUSED 127.0.0.1:27017
2026-08-13 15:27:43 [error]: MongoDB error: connect ECONNREFUSED ::1:27017, connect ECONNREFUSED 127.0.0.1:27017
2026-08-13 15:27:47 [error]: ❌ MongoDB connection error (attempt 1): connect ECONNREFUSED ::1:27017, connect ECONNREFUSED 127.0.0.1:27017
2026-08-13 15:27:47 [error]: MongoDB error: connect ECONNREFUSED ::1:27017, connect ECONNREFUSED 127.0.0.1:27017
2026-08-13 15:27:47 [error]: ❌ MongoDB connection error (attempt 1): connect ECONNREFUSED ::1:27017, connect ECONNREFUSED 127.0.0.1:27017
2026-08-13 15:27:47 [error]: MongoDB error: connect ECONNREFUSED ::1:27017, connect ECONNREFUSED 127.0.0.1:27017
2026-08-13 15:27:48 [error]: ❌ MongoDB connection error (attempt 1): connect ECONNREFUSED ::1:27017, connect ECONNREFUSED 127.0.0.1:27017
2026-08-13 15:27:48 [error]: MongoDB error: connect ECONNREFUSED ::1:27017, connect ECONNREFUSED 127.0.0.1:27017
2026-08-13 15:27:48 [error]: ❌ MongoDB connection error (attempt 1): connect ECONNREFUSED ::1:27017, connect ECONNREFUSED 127.0.0.1:27017
2026-08-13 15:27:48 [error]: MongoDB error: connect ECONNREFUSED ::1:27017, connect ECONNREFUSED 127.0.0.1:27017
2026-08-13 15:27:52 [error]: ❌ MongoDB connection error (attempt 1): connect ECONNREFUSED ::1:27017, connect ECONNREFUSED 127.0.0.1:27017
2026-08-13 15:27:52 [error]: MongoDB error: connect ECONNREFUSED ::1:27017, connect ECONNREFUSED 127.0.0.1:27017
2026-08-13 15:27:52 [error]: ❌ MongoDB connection error (attempt 1): connect ECONNREFUSED ::1:27017, connect ECONNREFUSED 127.0.0.1:27017
2026-08-13 15:27:52 [error]: MongoDB error: connect ECONNREFUSED ::1:27017, connect ECONNREFUSED 127.0.0.1:27017
2026-08-13 15:27:53 [error]: ❌ MongoDB connection error (attempt 1): connect ECONNREFUSED ::1:27017, connect ECONNREFUSED 127.0.0.1:27017
2026-08-13 15:27:53 [error]: MongoDB error: connect ECONNREFUSED ::1:27017, connect ECONNREFUSED 127.0.0.1:27017
2026-08-13 15:27:53 [error]: ❌ MongoDB connection error (attempt 1): connect ECONNREFUSED ::1:27017, connect ECONNREFUSED 127.0.0.1:27017
2026-08-13 15:27:53 [error]: MongoDB error: connect ECONNREFUSED ::1:27017, connect ECONNREFUSED 127.0.0.1:27017
2026-08-13 15:27:57 [error]: ❌ MongoDB connection error (attempt 1): connect ECONNREFUSED ::1:27017, connect ECONNREFUSED 127.0.0.1:27017
2026-08-13 15:27:57 [error]: MongoDB error: connect ECONNREFUSED ::1:27017, connect ECONNREFUSED 127.0.0.1:27017
2026-08-13 15:27:57 [error]: ❌ MongoDB connection error (attempt 1): connect ECONNREFUSED ::1:27017, connect ECONNREFUSED 127.0.0.1:27017
2026-08-13 15:27:57 [error]: MongoDB error: connect ECONNREFUSED ::1:27017, connect ECONNREFUSED 127.0.0.1:27017
2026-08-13 15:27:58 [error]: ❌ MongoDB connection error (attempt 1): connect ECONNREFUSED ::1:27017, connect ECONNREFUSED 127.0.0.1:27017
2026-08-13 15:27:58 [error]: MongoDB error: connect ECONNREFUSED ::1:27017, connect ECONNREFUSED 127.0.0.1:27017
2026-08-13 15:27:58 [error]: ❌ MongoDB connection error (attempt 1): connect ECONNREFUSED ::1:27017, connect ECONNREFUSED 127.0.0.1:27017
2026-08-13 15:27:58 [error]: MongoDB error: connect ECONNREFUSED ::1:27017, connect ECONNREFUSED 127.0.0.1:27017
2026-08-13 15:28:02 [error]: ❌ MongoDB connection error (attempt 1): connect ECONNREFUSED ::1:27017, connect ECONNREFUSED 127.0.0.1:27017
2026-08-13 15:28:02 [error]: MongoDB error: connect ECONNREFUSED ::1:27017, connect ECONNREFUSED 127.0.0.1:27017
2026-08-13 15:28:02 [error]: ❌ MongoDB connection error (attempt 1): connect ECONNREFUSED ::1:27017, connect ECONNREFUSED 127.0.0.1:27017
2026-08-13 15:28:02 [error]: MongoDB error: connect ECONNREFUSED ::1:27017, connect ECONNREFUSED 127.0.0.1:27017
2026-08-13 15:28:03 [error]: ❌ MongoDB connection error (attempt 1): connect ECONNREFUSED ::1:27017, connect ECONNREFUSED 127.0.0.1:27017
2026-08-13 15:28:03 [error]: MongoDB error: connect ECONNREFUSED ::1:27017, connect ECONNREFUSED 127.0.0.1:27017
2026-08-13 15:28:03 [error]: ❌ MongoDB connection error (attempt 1): connect ECONNREFUSED ::1:27017, connect ECONNREFUSED 127.0.0.1:27017
2026-08-13 15:28:03 [error]: MongoDB error: connect ECONNREFUSED ::1:27017, connect ECONNREFUSED 127.0.0.1:27017
2026-08-13 15:28:07 [error]: ❌ MongoDB connection error (attempt 1): connect ECONNREFUSED ::1:27017, connect ECONNREFUSED 127.0.0.1:27017
2026-08-13 15:28:07 [error]: MongoDB error: connect ECONNREFUSED ::1:27017, connect ECONNREFUSED 127.0.0.1:27017
2026-08-13 15:28:07 [error]: ❌ MongoDB connection error (attempt 1): connect ECONNREFUSED ::1:27017, connect ECONNREFUSED 127.0.0.1:27017
2026-08-13 15:28:07 [error]: MongoDB error: connect ECONNREFUSED ::1:27017, connect ECONNREFUSED 127.0.0.1:27017
2026-08-13 15:28:08 [error]: ❌ MongoDB connection error (attempt 1): connect ECONNREFUSED ::1:27017, connect ECONNREFUSED 127.0.0.1:27017
2026-08-13 15:28:08 [error]: MongoDB error: connect ECONNREFUSED ::1:27017, connect ECONNREFUSED 127.0.0.1:27017
2026-08-13 15:28:08 [error]: ❌ MongoDB connection error (attempt 1): connect ECONNREFUSED ::1:27017, connect ECONNREFUSED 127.0.0.1:27017
2026-08-13 15:28:08 [error]: MongoDB error: connect ECONNREFUSED ::1:27017, connect ECONNREFUSED 127.0.0.1:27017
2026-08-13 15:28:12 [error]: ❌ MongoDB connection error (attempt 1): connect ECONNREFUSED ::1:27017, connect ECONNREFUSED 127.0.0.1:27017
2026-08-13 15:28:12 [error]: MongoDB error: connect ECONNREFUSED ::1:27017, connect ECONNREFUSED 127.0.0.1:27017
2026-08-13 15:28:12 [error]: ❌ MongoDB connection error (attempt 1): connect ECONNREFUSED ::1:27017, connect ECONNREFUSED 127.0.0.1:27017
2026-08-13 15:28:12 [error]: MongoDB error: connect ECONNREFUSED ::1:27017, connect ECONNREFUSED 127.0.0.1:27017
2026-08-13 15:28:13 [error]: ❌ MongoDB connection error (attempt 1): connect ECONNREFUSED ::1:27017, connect ECONNREFUSED 127.0.0.1:27017
2026-08-13 15:28:13 [error]: MongoDB error: connect ECONNREFUSED ::1:27017, connect ECONNREFUSED 127.0.0.1:27017
2026-08-13 15:28:13 [error]: ❌ MongoDB connection error (attempt 1): connect ECONNREFUSED ::1:27017, connect ECONNREFUSED 127.0.0.1:27017
2026-08-13 15:28:13 [error]: MongoDB error: connect ECONNREFUSED ::1:27017, connect ECONNREFUSED 127.0.0.1:27017
2026-08-13 15:28:17 [error]: ❌ MongoDB connection error (attempt 1): connect ECONNREFUSED ::1:27017, connect ECONNREFUSED 127.0.0.1:27017
2026-08-13 15:28:17 [error]: MongoDB error: connect ECONNREFUSED ::1:27017, connect ECONNREFUSED 127.0.0.1:27017
2026-08-13 15:28:17 [error]: ❌ MongoDB connection error (attempt 1): connect ECONNREFUSED ::1:27017, connect ECONNREFUSED 127.0.0.1:27017
2026-08-13 15:28:17 [error]: MongoDB error: connect ECONNREFUSED ::1:27017, connect ECONNREFUSED 127.0.0.1:27017
2026-08-13 15:28:18 [error]: ❌ MongoDB connection error (attempt 1): connect ECONNREFUSED ::1:27017, connect ECONNREFUSED 127.0.0.1:27017
2026-08-13 15:28:18 [error]: MongoDB error: connect ECONNREFUSED ::1:27017, connect ECONNREFUSED 127.0.0.1:27017
2026-08-13 15:28:18 [error]: ❌ MongoDB connection error (attempt 1): connect ECONNREFUSED ::1:27017, connect ECONNREFUSED 127.0.0.1:27017
2026-08-13 15:28:18 [error]: MongoDB error: connect ECONNREFUSED ::1:27017, connect ECONNREFUSED 127.0.0.1:27017
2026-08-13 15:28:22 [error]: ❌ MongoDB connection error (attempt 1): connect ECONNREFUSED ::1:27017, connect ECONNREFUSED 127.0.0.1:27017
2026-08-13 15:28:22 [error]: MongoDB error: connect ECONNREFUSED ::1:27017, connect ECONNREFUSED 127.0.0.1:27017
2026-08-13 15:28:22 [error]: ❌ MongoDB connection error (attempt 1): connect ECONNREFUSED ::1:27017, connect ECONNREFUSED 127.0.0.1:27017
2026-08-13 15:28:22 [error]: MongoDB error: connect ECONNREFUSED ::1:27017, connect ECONNREFUSED 127.0.0.1:27017
2026-08-13 15:28:23 [error]: ❌ MongoDB connection error (attempt 1): connect ECONNREFUSED ::1:27017, connect ECONNREFUSED 127.0.0.1:27017
2026-08-13 15:28:23 [error]: MongoDB error: connect ECONNREFUSED ::1:27017, connect ECONNREFUSED 127.0.0.1:27017
2026-08-13 15:28:23 [error]: ❌ MongoDB connection error (attempt 1): connect ECONNREFUSED ::1:27017, connect ECONNREFUSED 127.0.0.1:27017
2026-08-13 15:28:23 [error]: MongoDB error: connect ECONNREFUSED ::1:27017, connect ECONNREFUSED 127.0.0.1:27017
2026-08-13 15:28:27 [error]: ❌ MongoDB connection error (attempt 1): connect ECONNREFUSED ::1:27017, connect ECONNREFUSED 127.0.0.1:27017
2026-08-13 15:28:27 [error]: MongoDB error: connect ECONNREFUSED ::1:27017, connect ECONNREFUSED 127.0.0.1:27017
2026-08-13 15:28:27 [error]: ❌ MongoDB connection error (attempt 1): connect ECONNREFUSED ::1:27017, connect ECONNREFUSED 127.0.0.1:27017
2026-08-13 15:28:27 [error]: MongoDB error: connect ECONNREFUSED ::1:27017, connect ECONNREFUSED 127.0.0.1:27017
2026-08-13 15:28:28 [error]: ❌ MongoDB connection error (attempt 1): connect ECONNREFUSED ::1:27017, connect ECONNREFUSED 127.0.0.1:27017
2026-08-13 15:28:28 [error]: MongoDB error: connect ECONNREFUSED ::1:27017, connect ECONNREFUSED 127.0.0.1:27017
2026-08-13 15:28:28 [error]: ❌ MongoDB connection error (attempt 1): connect ECONNREFUSED ::1:27017, connect ECONNREFUSED 127.0.0.1:27017
2026-08-13 15:28:28 [error]: MongoDB error: connect ECONNREFUSED ::1:27017, connect ECONNREFUSED 127.0.0.1:27017
2026-08-13 15:28:32 [error]: ❌ MongoDB connection error (attempt 1): connect ECONNREFUSED ::1:27017, connect ECONNREFUSED 127.0.0.1:27017
2026-08-13 15:28:32 [error]: MongoDB error: connect ECONNREFUSED ::1:27017, connect ECONNREFUSED 127.0.0.1:27017
2026-08-13 15:28:32 [error]: ❌ MongoDB connection error (attempt 1): connect ECONNREFUSED ::1:27017, connect ECONNREFUSED 127.0.0.1:27017
2026-08-13 15:28:32 [error]: MongoDB error: connect ECONNREFUSED ::1:27017, connect ECONNREFUSED 127.0.0.1:27017
2026-08-13 15:28:33 [error]: ❌ MongoDB connection error (attempt 1): connect ECONNREFUSED ::1:27017, connect ECONNREFUSED 127.0.0.1:27017
2026-08-13 15:28:33 [error]: MongoDB error: connect ECONNREFUSED ::1:27017, connect ECONNREFUSED 127.0.0.1:27017
2026-08-13 15:28:33 [error]: ❌ MongoDB connection error (attempt 1): connect ECONNREFUSED ::1:27017, connect ECONNREFUSED 127.0.0.1:27017
2026-08-13 15:28:33 [error]: MongoDB error: connect ECONNREFUSED ::1:27017, connect ECONNREFUSED 127.0.0.1:27017
2026-08-13 15:28:37 [error]: ❌ MongoDB connection error (attempt 1): connect ECONNREFUSED ::1:27017, connect ECONNREFUSED 127.0.0.1:27017
2026-08-13 15:28:37 [error]: MongoDB error: connect ECONNREFUSED ::1:27017, connect ECONNREFUSED 127.0.0.1:27017
2026-08-13 15:28:37 [error]: ❌ MongoDB connection error (attempt 1): connect ECONNREFUSED ::1:27017, connect ECONNREFUSED 127.0.0.1:27017
2026-08-13 15:28:37 [error]: MongoDB error: connect ECONNREFUSED ::1:27017, connect ECONNREFUSED 127.0.0.1:27017
2026-08-13 15:28:38 [error]: ❌ MongoDB connection error (attempt 1): connect ECONNREFUSED ::1:27017, connect ECONNREFUSED 127.0.0.1:27017
2026-08-13 15:28:38 [error]: MongoDB error: connect ECONNREFUSED ::1:27017, connect ECONNREFUSED 127.0.0.1:27017
2026-08-13 15:28:38 [error]: ❌ MongoDB connection error (attempt 1): connect ECONNREFUSED ::1:27017, connect ECONNREFUSED 127.0.0.1:27017
2026-08-13 15:28:38 [error]: MongoDB error: connect ECONNREFUSED ::1:27017, connect ECONNREFUSED 127.0.0.1:27017
2026-08-13 15:28:42 [error]: ❌ MongoDB connection error (attempt 1): connect ECONNREFUSED ::1:27017, connect ECONNREFUSED 127.0.0.1:27017
2026-08-13 15:28:42 [error]: MongoDB error: connect ECONNREFUSED ::1:27017, connect ECONNREFUSED 127.0.0.1:27017
2026-08-13 15:28:42 [error]: ❌ MongoDB connection error (attempt 1): connect ECONNREFUSED ::1:27017, connect ECONNREFUSED 127.0.0.1:27017
2026-08-13 15:28:42 [error]: MongoDB error: connect ECONNREFUSED ::1:27017, connect ECONNREFUSED 127.0.0.1:27017
2026-08-13 15:28:43 [error]: ❌ MongoDB connection error (attempt 1): connect ECONNREFUSED ::1:27017, connect ECONNREFUSED 127.0.0.1:27017
2026-08-13 15:28:43 [error]: MongoDB error: connect ECONNREFUSED ::1:27017, connect ECONNREFUSED 127.0.0.1:27017
2026-08-13 15:28:43 [error]: ❌ MongoDB connection error (attempt 1): connect ECONNREFUSED ::1:27017, connect ECONNREFUSED 127.0.0.1:27017
2026-08-13 15:28:43 [error]: MongoDB error: connect ECONNREFUSED ::1:27017, connect ECONNREFUSED 127.0.0.1:27017
2026-08-13 15:28:47 [error]: ❌ MongoDB connection error (attempt 1): connect ECONNREFUSED ::1:27017, connect ECONNREFUSED 127.0.0.1:27017
2026-08-13 15:28:47 [error]: MongoDB error: connect ECONNREFUSED ::1:27017, connect ECONNREFUSED 127.0.0.1:27017
2026-08-13 15:28:47 [error]: ❌ MongoDB connection error (attempt 1): connect ECONNREFUSED ::1:27017, connect ECONNREFUSED 127.0.0.1:27017
2026-08-13 15:28:47 [error]: MongoDB error: connect ECONNREFUSED ::1:27017, connect ECONNREFUSED 127.0.0.1:27017
2026-08-13 15:28:48 [error]: ❌ MongoDB connection error (attempt 1): connect ECONNREFUSED ::1:27017, connect ECONNREFUSED 127.0.0.1:27017
2026-08-13 15:28:48 [error]: MongoDB error: connect ECONNREFUSED ::1:27017, connect ECONNREFUSED 127.0.0.1:27017
2026-08-13 15:28:48 [error]: ❌ MongoDB connection error (attempt 1): connect ECONNREFUSED ::1:27017, connect ECONNREFUSED 127.0.0.1:27017
2026-08-13 15:28:48 [error]: MongoDB error: connect ECONNREFUSED ::1:27017, connect ECONNREFUSED 127.0.0.1:27017
2026-08-13 15:28:52 [error]: ❌ MongoDB connection error (attempt 1): connect ECONNREFUSED ::1:27017, connect ECONNREFUSED 127.0.0.1:27017
2026-08-13 15:28:52 [error]: MongoDB error: connect ECONNREFUSED ::1:27017, connect ECONNREFUSED 127.0.0.1:27017
2026-08-13 15:28:52 [error]: ❌ MongoDB connection error (attempt 1): connect ECONNREFUSED ::1:27017, connect ECONNREFUSED 127.0.0.1:27017
2026-08-13 15:28:52 [error]: MongoDB error: connect ECONNREFUSED ::1:27017, connect ECONNREFUSED 127.0.0.1:27017
2026-08-13 15:28:53 [error]: ❌ MongoDB connection error (attempt 1): connect ECONNREFUSED ::1:27017, connect ECONNREFUSED 127.0.0.1:27017
2026-08-13 15:28:53 [error]: MongoDB error: connect ECONNREFUSED ::1:27017, connect ECONNREFUSED 127.0.0.1:27017
2026-08-13 15:28:53 [error]: ❌ MongoDB connection error (attempt 1): connect ECONNREFUSED ::1:27017, connect ECONNREFUSED 127.0.0.1:27017
2026-08-13 15:28:53 [error]: MongoDB error: connect ECONNREFUSED ::1:27017, connect ECONNREFUSED 127.0.0.1:27017
2026-08-13 15:28:57 [error]: ❌ MongoDB connection error (attempt 1): connect ECONNREFUSED ::1:27017, connect ECONNREFUSED 127.0.0.1:27017
2026-08-13 15:28:57 [error]: MongoDB error: connect ECONNREFUSED ::1:27017, connect ECONNREFUSED 127.0.0.1:27017
2026-08-13 15:28:57 [error]: ❌ MongoDB connection error (attempt 1): connect ECONNREFUSED ::1:27017, connect ECONNREFUSED 127.0.0.1:27017
2026-08-13 15:28:57 [error]: MongoDB error: connect ECONNREFUSED ::1:27017, connect ECONNREFUSED 127.0.0.1:27017
2026-08-13 15:28:58 [error]: ❌ MongoDB connection error (attempt 1): connect ECONNREFUSED ::1:27017, connect ECONNREFUSED 127.0.0.1:27017
2026-08-13 15:28:58 [error]: MongoDB error: connect ECONNREFUSED ::1:27017, connect ECONNREFUSED 127.0.0.1:27017
2026-08-13 15:28:58 [error]: ❌ MongoDB connection error (attempt 1): connect ECONNREFUSED ::1:27017, connect ECONNREFUSED 127.0.0.1:27017
2026-08-13 15:28:59 [error]: MongoDB error: connect ECONNREFUSED ::1:27017, connect ECONNREFUSED 127.0.0.1:27017
2026-08-13 15:29:02 [error]: ❌ MongoDB connection error (attempt 1): connect ECONNREFUSED ::1:27017, connect ECONNREFUSED 127.0.0.1:27017
2026-08-13 15:29:02 [error]: MongoDB error: connect ECONNREFUSED ::1:27017, connect ECONNREFUSED 127.0.0.1:27017
2026-08-13 15:29:02 [error]: ❌ MongoDB connection error (attempt 1): connect ECONNREFUSED ::1:27017, connect ECONNREFUSED 127.0.0.1:27017
2026-08-13 15:29:02 [error]: MongoDB error: connect ECONNREFUSED ::1:27017, connect ECONNREFUSED 127.0.0.1:27017
2026-08-13 15:29:04 [error]: ❌ MongoDB connection error (attempt 1): connect ECONNREFUSED ::1:27017, connect ECONNREFUSED 127.0.0.1:27017
2026-08-13 15:29:04 [error]: MongoDB error: connect ECONNREFUSED ::1:27017, connect ECONNREFUSED 127.0.0.1:27017
2026-08-13 15:29:04 [error]: ❌ MongoDB connection error (attempt 1): connect ECONNREFUSED ::1:27017, connect ECONNREFUSED 127.0.0.1:27017
2026-08-13 15:29:04 [error]: MongoDB error: connect ECONNREFUSED ::1:27017, connect ECONNREFUSED 127.0.0.1:27017
2026-08-13 15:29:07 [error]: ❌ MongoDB connection error (attempt 1): connect ECONNREFUSED ::1:27017, connect ECONNREFUSED 127.0.0.1:27017
2026-08-13 15:29:07 [error]: MongoDB error: connect ECONNREFUSED ::1:27017, connect ECONNREFUSED 127.0.0.1:27017
2026-08-13 15:29:07 [error]: ❌ MongoDB connection error (attempt 1): connect ECONNREFUSED ::1:27017, connect ECONNREFUSED 127.0.0.1:27017
2026-08-13 15:29:07 [error]: MongoDB error: connect ECONNREFUSED ::1:27017, connect ECONNREFUSED 127.0.0.1:27017
2026-08-13 15:29:09 [error]: ❌ MongoDB connection error (attempt 1): connect ECONNREFUSED ::1:27017, connect ECONNREFUSED 127.0.0.1:27017
2026-08-13 15:29:09 [error]: MongoDB error: connect ECONNREFUSED ::1:27017, connect ECONNREFUSED 127.0.0.1:27017
2026-08-13 15:29:09 [error]: ❌ MongoDB connection error (attempt 1): connect ECONNREFUSED ::1:27017, connect ECONNREFUSED 127.0.0.1:27017
2026-08-13 15:29:09 [error]: MongoDB error: connect ECONNREFUSED ::1:27017, connect ECONNREFUSED 127.0.0.1:27017
2026-08-13 15:29:12 [error]: ❌ MongoDB connection error (attempt 1): connect ECONNREFUSED ::1:27017, connect ECONNREFUSED 127.0.0.1:27017
2026-08-13 15:29:12 [error]: MongoDB error: connect ECONNREFUSED ::1:27017, connect ECONNREFUSED 127.0.0.1:27017
2026-08-13 15:29:12 [error]: ❌ MongoDB connection error (attempt 1): connect ECONNREFUSED ::1:27017, connect ECONNREFUSED 127.0.0.1:27017
2026-08-13 15:29:12 [error]: MongoDB error: connect ECONNREFUSED ::1:27017, connect ECONNREFUSED 127.0.0.1:27017
2026-08-13 15:29:14 [error]: ❌ MongoDB connection error (attempt 1): connect ECONNREFUSED ::1:27017, connect ECONNREFUSED 127.0.0.1:27017
2026-08-13 15:29:14 [error]: MongoDB error: connect ECONNREFUSED ::1:27017, connect ECONNREFUSED 127.0.0.1:27017
2026-08-13 15:29:14 [error]: ❌ MongoDB connection error (attempt 1): connect ECONNREFUSED ::1:27017, connect ECONNREFUSED 127.0.0.1:27017
2026-08-13 15:29:14 [error]: MongoDB error: connect ECONNREFUSED ::1:27017, connect ECONNREFUSED 127.0.0.1:27017
2026-08-13 15:29:17 [error]: ❌ MongoDB connection error (attempt 1): connect ECONNREFUSED ::1:27017, connect ECONNREFUSED 127.0.0.1:27017
2026-08-13 15:29:17 [error]: MongoDB error: connect ECONNREFUSED ::1:27017, connect ECONNREFUSED 127.0.0.1:27017
2026-08-13 15:29:17 [error]: ❌ MongoDB connection error (attempt 1): connect ECONNREFUSED ::1:27017, connect ECONNREFUSED 127.0.0.1:27017
2026-08-13 15:29:17 [error]: MongoDB error: connect ECONNREFUSED ::1:27017, connect ECONNREFUSED 127.0.0.1:27017
2026-08-13 15:29:19 [error]: ❌ MongoDB connection error (attempt 1): connect ECONNREFUSED ::1:27017, connect ECONNREFUSED 127.0.0.1:27017
2026-08-13 15:29:19 [error]: MongoDB error: connect ECONNREFUSED ::1:27017, connect ECONNREFUSED 127.0.0.1:27017
2026-08-13 15:29:19 [error]: ❌ MongoDB connection error (attempt 1): connect ECONNREFUSED ::1:27017, connect ECONNREFUSED 127.0.0.1:27017
2026-08-13 15:29:19 [error]: MongoDB error: connect ECONNREFUSED ::1:27017, connect ECONNREFUSED 127.0.0.1:27017
2026-08-13 15:29:22 [error]: ❌ MongoDB connection error (attempt 1): connect ECONNREFUSED ::1:27017, connect ECONNREFUSED 127.0.0.1:27017
2026-08-13 15:29:22 [error]: MongoDB error: connect ECONNREFUSED ::1:27017, connect ECONNREFUSED 127.0.0.1:27017
2026-08-13 15:29:22 [error]: ❌ MongoDB connection error (attempt 1): connect ECONNREFUSED ::1:27017, connect ECONNREFUSED 127.0.0.1:27017
2026-08-13 15:29:22 [error]: MongoDB error: connect ECONNREFUSED ::1:27017, connect ECONNREFUSED 127.0.0.1:27017
2026-08-13 15:29:24 [error]: ❌ MongoDB connection error (attempt 1): connect ECONNREFUSED ::1:27017, connect ECONNREFUSED 127.0.0.1:27017
2026-08-13 15:29:24 [error]: MongoDB error: connect ECONNREFUSED ::1:27017, connect ECONNREFUSED 127.0.0.1:27017
2026-08-13 15:29:24 [error]: ❌ MongoDB connection error (attempt 1): connect ECONNREFUSED ::1:27017, connect ECONNREFUSED 127.0.0.1:27017
2026-08-13 15:29:24 [error]: MongoDB error: connect ECONNREFUSED ::1:27017, connect ECONNREFUSED 127.0.0.1:27017
2026-08-13 15:29:27 [error]: ❌ MongoDB connection error (attempt 1): connect ECONNREFUSED ::1:27017, connect ECONNREFUSED 127.0.0.1:27017
2026-08-13 15:29:27 [error]: MongoDB error: connect ECONNREFUSED ::1:27017, connect ECONNREFUSED 127.0.0.1:27017
2026-08-13 15:29:27 [error]: ❌ MongoDB connection error (attempt 1): connect ECONNREFUSED ::1:27017, connect ECONNREFUSED 127.0.0.1:27017
2026-08-13 15:29:27 [error]: MongoDB error: connect ECONNREFUSED ::1:27017, connect ECONNREFUSED 127.0.0.1:27017
2026-08-13 15:29:29 [error]: ❌ MongoDB connection error (attempt 1): connect ECONNREFUSED ::1:27017, connect ECONNREFUSED 127.0.0.1:27017
2026-08-13 15:29:29 [error]: MongoDB error: connect ECONNREFUSED ::1:27017, connect ECONNREFUSED 127.0.0.1:27017
2026-08-13 15:29:29 [error]: ❌ MongoDB connection error (attempt 1): connect ECONNREFUSED ::1:27017, connect ECONNREFUSED 127.0.0.1:27017
2026-08-13 15:29:29 [error]: MongoDB error: connect ECONNREFUSED ::1:27017, connect ECONNREFUSED 127.0.0.1:27017
2026-08-13 15:29:32 [error]: ❌ MongoDB connection error (attempt 1): connect ECONNREFUSED ::1:27017, connect ECONNREFUSED 127.0.0.1:27017
2026-08-13 15:29:32 [error]: MongoDB error: connect ECONNREFUSED ::1:27017, connect ECONNREFUSED 127.0.0.1:27017
2026-08-13 15:29:32 [error]: ❌ MongoDB connection error (attempt 1): connect ECONNREFUSED ::1:27017, connect ECONNREFUSED 127.0.0.1:27017
2026-08-13 15:29:32 [error]: MongoDB error: connect ECONNREFUSED ::1:27017, connect ECONNREFUSED 127.0.0.1:27017
2026-08-13 15:29:34 [error]: ❌ MongoDB connection error (attempt 1): connect ECONNREFUSED ::1:27017, connect ECONNREFUSED 127.0.0.1:27017
2026-08-13 15:29:34 [error]: MongoDB error: connect ECONNREFUSED ::1:27017, connect ECONNREFUSED 127.0.0.1:27017
2026-08-13 15:29:34 [error]: ❌ MongoDB connection error (attempt 1): connect ECONNREFUSED ::1:27017, connect ECONNREFUSED 127.0.0.1:27017
2026-08-13 15:29:34 [error]: MongoDB error: connect ECONNREFUSED ::1:27017, connect ECONNREFUSED 127.0.0.1:27017
2026-08-13 15:29:37 [error]: ❌ MongoDB connection error (attempt 1): connect ECONNREFUSED ::1:27017, connect ECONNREFUSED 127.0.0.1:27017
2026-08-13 15:29:37 [error]: MongoDB error: connect ECONNREFUSED ::1:27017, connect ECONNREFUSED 127.0.0.1:27017
2026-08-13 15:29:37 [error]: ❌ MongoDB connection error (attempt 1): connect ECONNREFUSED ::1:27017, connect ECONNREFUSED 127.0.0.1:27017
2026-08-13 15:29:37 [error]: MongoDB error: connect ECONNREFUSED ::1:27017, connect ECONNREFUSED 127.0.0.1:27017
2026-08-13 15:29:39 [error]: ❌ MongoDB connection error (attempt 1): connect ECONNREFUSED ::1:27017, connect ECONNREFUSED 127.0.0.1:27017
2026-08-13 15:29:39 [error]: MongoDB error: connect ECONNREFUSED ::1:27017, connect ECONNREFUSED 127.0.0.1:27017
2026-08-13 15:29:39 [error]: ❌ MongoDB connection error (attempt 1): connect ECONNREFUSED ::1:27017, connect ECONNREFUSED 127.0.0.1:27017
2026-08-13 15:29:39 [error]: MongoDB error: connect ECONNREFUSED ::1:27017, connect ECONNREFUSED 127.0.0.1:27017
2026-08-13 15:29:42 [error]: ❌ MongoDB connection error (attempt 1): connect ECONNREFUSED ::1:27017, connect ECONNREFUSED 127.0.0.1:27017
2026-08-13 15:29:42 [error]: MongoDB error: connect ECONNREFUSED ::1:27017, connect ECONNREFUSED 127.0.0.1:27017
2026-08-13 15:29:42 [error]: ❌ MongoDB connection error (attempt 1): connect ECONNREFUSED ::1:27017, connect ECONNREFUSED 127.0.0.1:27017
2026-08-13 15:29:42 [error]: MongoDB error: connect ECONNREFUSED ::1:27017, connect ECONNREFUSED 127.0.0.1:27017
2026-08-13 15:29:44 [error]: ❌ MongoDB connection error (attempt 1): connect ECONNREFUSED ::1:27017, connect ECONNREFUSED 127.0.0.1:27017
2026-08-13 15:29:44 [error]: MongoDB error: connect ECONNREFUSED ::1:27017, connect ECONNREFUSED 127.0.0.1:27017
2026-08-13 15:29:44 [error]: ❌ MongoDB connection error (attempt 1): connect ECONNREFUSED ::1:27017, connect ECONNREFUSED 127.0.0.1:27017
2026-08-13 15:29:44 [error]: MongoDB error: connect ECONNREFUSED ::1:27017, connect ECONNREFUSED 127.0.0.1:27017
2026-08-13 15:29:47 [error]: ❌ MongoDB connection error (attempt 1): connect ECONNREFUSED ::1:27017, connect ECONNREFUSED 127.0.0.1:27017
2026-08-13 15:29:47 [error]: MongoDB error: connect ECONNREFUSED ::1:27017, connect ECONNREFUSED 127.0.0.1:27017
2026-08-13 15:29:47 [error]: ❌ MongoDB connection error (attempt 1): connect ECONNREFUSED ::1:27017, connect ECONNREFUSED 127.0.0.1:27017
2026-08-13 15:29:47 [error]: MongoDB error: connect ECONNREFUSED ::1:27017, connect ECONNREFUSED 127.0.0.1:27017
2026-08-13 15:29:49 [error]: ❌ MongoDB connection error (attempt 1): connect ECONNREFUSED ::1:27017, connect ECONNREFUSED 127.0.0.1:27017
2026-08-13 15:29:49 [error]: MongoDB error: connect ECONNREFUSED ::1:27017, connect ECONNREFUSED 127.0.0.1:27017
2026-08-13 15:29:49 [error]: ❌ MongoDB connection error (attempt 1): connect ECONNREFUSED ::1:27017, connect ECONNREFUSED 127.0.0.1:27017
2026-08-13 15:29:49 [error]: MongoDB error: connect ECONNREFUSED ::1:27017, connect ECONNREFUSED 127.0.0.1:27017
2026-08-13 15:29:52 [error]: ❌ MongoDB connection error (attempt 1): connect ECONNREFUSED ::1:27017, connect ECONNREFUSED 127.0.0.1:27017
2026-08-13 15:29:52 [error]: MongoDB error: connect ECONNREFUSED ::1:27017, connect ECONNREFUSED 127.0.0.1:27017
2026-08-13 15:29:52 [error]: ❌ MongoDB connection error (attempt 1): connect ECONNREFUSED ::1:27017, connect ECONNREFUSED 127.0.0.1:27017
2026-08-13 15:29:52 [error]: MongoDB error: connect ECONNREFUSED ::1:27017, connect ECONNREFUSED 127.0.0.1:27017
2026-08-13 15:29:54 [error]: ❌ MongoDB connection error (attempt 1): connect ECONNREFUSED ::1:27017, connect ECONNREFUSED 127.0.0.1:27017
2026-08-13 15:29:54 [error]: MongoDB error: connect ECONNREFUSED ::1:27017, connect ECONNREFUSED 127.0.0.1:27017
2026-08-13 15:29:54 [error]: ❌ MongoDB connection error (attempt 1): connect ECONNREFUSED ::1:27017, connect ECONNREFUSED 127.0.0.1:27017
2026-08-13 15:29:54 [error]: MongoDB error: connect ECONNREFUSED ::1:27017, connect ECONNREFUSED 127.0.0.1:27017
2026-08-13 15:29:57 [error]: ❌ MongoDB connection error (attempt 1): connect ECONNREFUSED ::1:27017, connect ECONNREFUSED 127.0.0.1:27017
2026-08-13 15:29:57 [error]: MongoDB error: connect ECONNREFUSED ::1:27017, connect ECONNREFUSED 127.0.0.1:27017
2026-08-13 15:29:57 [error]: ❌ MongoDB connection error (attempt 1): connect ECONNREFUSED ::1:27017, connect ECONNREFUSED 127.0.0.1:27017
2026-08-13 15:29:57 [error]: MongoDB error: connect ECONNREFUSED ::1:27017, connect ECONNREFUSED 127.0.0.1:27017
2026-08-13 15:29:59 [error]: ❌ MongoDB connection error (attempt 1): connect ECONNREFUSED ::1:27017, connect ECONNREFUSED 127.0.0.1:27017
2026-08-13 15:29:59 [error]: MongoDB error: connect ECONNREFUSED ::1:27017, connect ECONNREFUSED 127.0.0.1:27017
2026-08-13 15:29:59 [error]: ❌ MongoDB connection error (attempt 1): connect ECONNREFUSED ::1:27017, connect ECONNREFUSED 127.0.0.1:27017
2026-08-13 15:29:59 [error]: MongoDB error: connect ECONNREFUSED ::1:27017, connect ECONNREFUSED 127.0.0.1:27017
2026-08-13 15:30:02 [error]: ❌ MongoDB connection error (attempt 1): connect ECONNREFUSED ::1:27017, connect ECONNREFUSED 127.0.0.1:27017
2026-08-13 15:30:02 [error]: MongoDB error: connect ECONNREFUSED ::1:27017, connect ECONNREFUSED 127.0.0.1:27017
2026-08-13 15:30:02 [error]: ❌ MongoDB connection error (attempt 1): connect ECONNREFUSED ::1:27017, connect ECONNREFUSED 127.0.0.1:27017
2026-08-13 15:30:02 [error]: MongoDB error: connect ECONNREFUSED ::1:27017, connect ECONNREFUSED 127.0.0.1:27017
2026-08-13 15:30:04 [error]: ❌ MongoDB connection error (attempt 1): connect ECONNREFUSED ::1:27017, connect ECONNREFUSED 127.0.0.1:27017
2026-08-13 15:30:04 [error]: MongoDB error: connect ECONNREFUSED ::1:27017, connect ECONNREFUSED 127.0.0.1:27017
2026-08-13 15:30:04 [error]: ❌ MongoDB connection error (attempt 1): connect ECONNREFUSED ::1:27017, connect ECONNREFUSED 127.0.0.1:27017
2026-08-13 15:30:04 [error]: MongoDB error: connect ECONNREFUSED ::1:27017, connect ECONNREFUSED 127.0.0.1:27017
2026-08-13 15:30:07 [error]: ❌ MongoDB connection error (attempt 1): connect ECONNREFUSED ::1:27017, connect ECONNREFUSED 127.0.0.1:27017
2026-08-13 15:30:07 [error]: MongoDB error: connect ECONNREFUSED ::1:27017, connect ECONNREFUSED 127.0.0.1:27017
2026-08-13 15:30:07 [error]: ❌ MongoDB connection error (attempt 1): connect ECONNREFUSED ::1:27017, connect ECONNREFUSED 127.0.0.1:27017
2026-08-13 15:30:07 [error]: MongoDB error: connect ECONNREFUSED ::1:27017, connect ECONNREFUSED 127.0.0.1:27017
2026-08-13 15:30:09 [error]: ❌ MongoDB connection error (attempt 1): connect ECONNREFUSED ::1:27017, connect ECONNREFUSED 127.0.0.1:27017
2026-08-13 15:30:09 [error]: MongoDB error: connect ECONNREFUSED ::1:27017, connect ECONNREFUSED 127.0.0.1:27017
2026-08-13 15:30:09 [error]: ❌ MongoDB connection error (attempt 1): connect ECONNREFUSED ::1:27017, connect ECONNREFUSED 127.0.0.1:27017
2026-08-13 15:30:09 [error]: MongoDB error: connect ECONNREFUSED ::1:27017, connect ECONNREFUSED 127.0.0.1:27017
2026-08-13 15:30:12 [error]: ❌ MongoDB connection error (attempt 1): connect ECONNREFUSED ::1:27017, connect ECONNREFUSED 127.0.0.1:27017
2026-08-13 15:30:12 [error]: MongoDB error: connect ECONNREFUSED ::1:27017, connect ECONNREFUSED 127.0.0.1:27017
2026-08-13 15:30:12 [error]: ❌ MongoDB connection error (attempt 1): connect ECONNREFUSED ::1:27017, connect ECONNREFUSED 127.0.0.1:27017
2026-08-13 15:30:12 [error]: MongoDB error: connect ECONNREFUSED ::1:27017, connect ECONNREFUSED 127.0.0.1:27017
2026-08-13 15:30:14 [error]: ❌ MongoDB connection error (attempt 1): connect ECONNREFUSED ::1:27017, connect ECONNREFUSED 127.0.0.1:27017
2026-08-13 15:30:14 [error]: MongoDB error: connect ECONNREFUSED ::1:27017, connect ECONNREFUSED 127.0.0.1:27017
2026-08-13 15:30:14 [error]: ❌ MongoDB connection error (attempt 1): connect ECONNREFUSED ::1:27017, connect ECONNREFUSED 127.0.0.1:27017
2026-08-13 15:30:14 [error]: MongoDB error: connect ECONNREFUSED ::1:27017, connect ECONNREFUSED 127.0.0.1:27017
2026-08-13 15:30:17 [error]: ❌ MongoDB connection error (attempt 1): connect ECONNREFUSED ::1:27017, connect ECONNREFUSED 127.0.0.1:27017
2026-08-13 15:30:17 [error]: MongoDB error: connect ECONNREFUSED ::1:27017, connect ECONNREFUSED 127.0.0.1:27017
2026-08-13 15:30:17 [error]: ❌ MongoDB connection error (attempt 1): connect ECONNREFUSED ::1:27017, connect ECONNREFUSED 127.0.0.1:27017
2026-08-13 15:30:17 [error]: MongoDB error: connect ECONNREFUSED ::1:27017, connect ECONNREFUSED 127.0.0.1:27017
2026-08-13 15:30:19 [error]: ❌ MongoDB connection error (attempt 1): connect ECONNREFUSED ::1:27017, connect ECONNREFUSED 127.0.0.1:27017
2026-08-13 15:30:19 [error]: MongoDB error: connect ECONNREFUSED ::1:27017, connect ECONNREFUSED 127.0.0.1:27017
2026-08-13 15:30:19 [error]: ❌ MongoDB connection error (attempt 1): connect ECONNREFUSED ::1:27017, connect ECONNREFUSED 127.0.0.1:27017
2026-08-13 15:30:19 [error]: MongoDB error: connect ECONNREFUSED ::1:27017, connect ECONNREFUSED 127.0.0.1:27017
2026-08-13 15:30:22 [error]: ❌ MongoDB connection error (attempt 1): connect ECONNREFUSED ::1:27017, connect ECONNREFUSED 127.0.0.1:27017
2026-08-13 15:30:22 [error]: MongoDB error: connect ECONNREFUSED ::1:27017, connect ECONNREFUSED 127.0.0.1:27017
2026-08-13 15:30:22 [error]: ❌ MongoDB connection error (attempt 1): connect ECONNREFUSED ::1:27017, connect ECONNREFUSED 127.0.0.1:27017
2026-08-13 15:30:22 [error]: MongoDB error: connect ECONNREFUSED ::1:27017, connect ECONNREFUSED 127.0.0.1:27017
2026-08-13 15:30:24 [error]: ❌ MongoDB connection error (attempt 1): connect ECONNREFUSED ::1:27017, connect ECONNREFUSED 127.0.0.1:27017
2026-08-13 15:30:24 [error]: MongoDB error: connect ECONNREFUSED ::1:27017, connect ECONNREFUSED 127.0.0.1:27017
2026-08-13 15:30:24 [error]: ❌ MongoDB connection error (attempt 1): connect ECONNREFUSED ::1:27017, connect ECONNREFUSED 127.0.0.1:27017
2026-08-13 15:30:24 [error]: MongoDB error: connect ECONNREFUSED ::1:27017, connect ECONNREFUSED 127.0.0.1:27017
2026-08-13 15:30:27 [error]: ❌ MongoDB connection error (attempt 1): connect ECONNREFUSED ::1:27017, connect ECONNREFUSED 127.0.0.1:27017
2026-08-13 15:30:27 [error]: MongoDB error: connect ECONNREFUSED ::1:27017, connect ECONNREFUSED 127.0.0.1:27017
2026-08-13 15:30:27 [error]: ❌ MongoDB connection error (attempt 1): connect ECONNREFUSED ::1:27017, connect ECONNREFUSED 127.0.0.1:27017
2026-08-13 15:30:27 [error]: MongoDB error: connect ECONNREFUSED ::1:27017, connect ECONNREFUSED 127.0.0.1:27017
2026-08-13 15:30:29 [error]: ❌ MongoDB connection error (attempt 1): connect ECONNREFUSED ::1:27017, connect ECONNREFUSED 127.0.0.1:27017
2026-08-13 15:30:29 [error]: MongoDB error: connect ECONNREFUSED ::1:27017, connect ECONNREFUSED 127.0.0.1:27017
2026-08-13 15:30:29 [error]: ❌ MongoDB connection error (attempt 1): connect ECONNREFUSED ::1:27017, connect ECONNREFUSED 127.0.0.1:27017
2026-08-13 15:30:29 [error]: MongoDB error: connect ECONNREFUSED ::1:27017, connect ECONNREFUSED 127.0.0.1:27017
2026-08-13 15:30:32 [error]: ❌ MongoDB connection error (attempt 1): connect ECONNREFUSED ::1:27017, connect ECONNREFUSED 127.0.0.1:27017
2026-08-13 15:30:32 [error]: MongoDB error: connect ECONNREFUSED ::1:27017, connect ECONNREFUSED 127.0.0.1:27017
2026-08-13 15:30:32 [error]: ❌ MongoDB connection error (attempt 1): connect ECONNREFUSED ::1:27017, connect ECONNREFUSED 127.0.0.1:27017
2026-08-13 15:30:32 [error]: MongoDB error: connect ECONNREFUSED ::1:27017, connect ECONNREFUSED 127.0.0.1:27017
2026-08-13 15:30:34 [error]: ❌ MongoDB connection error (attempt 1): connect ECONNREFUSED ::1:27017, connect ECONNREFUSED 127.0.0.1:27017
2026-08-13 15:30:34 [error]: MongoDB error: connect ECONNREFUSED ::1:27017, connect ECONNREFUSED 127.0.0.1:27017
2026-08-13 15:30:34 [error]: ❌ MongoDB connection error (attempt 1): connect ECONNREFUSED ::1:27017, connect ECONNREFUSED 127.0.0.1:27017
2026-08-13 15:30:34 [error]: MongoDB error: connect ECONNREFUSED ::1:27017, connect ECONNREFUSED 127.0.0.1:27017
2026-08-13 15:30:37 [error]: ❌ MongoDB connection error (attempt 1): connect ECONNREFUSED ::1:27017, connect ECONNREFUSED 127.0.0.1:27017
2026-08-13 15:30:37 [error]: MongoDB error: connect ECONNREFUSED ::1:27017, connect ECONNREFUSED 127.0.0.1:27017
2026-08-13 15:30:37 [error]: ❌ MongoDB connection error (attempt 1): connect ECONNREFUSED ::1:27017, connect ECONNREFUSED 127.0.0.1:27017
2026-08-13 15:30:37 [error]: MongoDB error: connect ECONNREFUSED ::1:27017, connect ECONNREFUSED 127.0.0.1:27017
2026-08-13 15:30:39 [error]: ❌ MongoDB connection error (attempt 1): connect ECONNREFUSED ::1:27017, connect ECONNREFUSED 127.0.0.1:27017
2026-08-13 15:30:39 [error]: MongoDB error: connect ECONNREFUSED ::1:27017, connect ECONNREFUSED 127.0.0.1:27017
2026-08-13 15:30:39 [error]: ❌ MongoDB connection error (attempt 1): connect ECONNREFUSED ::1:27017, connect ECONNREFUSED 127.0.0.1:27017
2026-08-13 15:30:39 [error]: MongoDB error: connect ECONNREFUSED ::1:27017, connect ECONNREFUSED 127.0.0.1:27017
2026-08-13 15:30:42 [error]: ❌ MongoDB connection error (attempt 1): connect ECONNREFUSED ::1:27017, connect ECONNREFUSED 127.0.0.1:27017
2026-08-13 15:30:42 [error]: MongoDB error: connect ECONNREFUSED ::1:27017, connect ECONNREFUSED 127.0.0.1:27017
2026-08-13 15:30:42 [error]: ❌ MongoDB connection error (attempt 1): connect ECONNREFUSED ::1:27017, connect ECONNREFUSED 127.0.0.1:27017
2026-08-13 15:30:42 [error]: MongoDB error: connect ECONNREFUSED ::1:27017, connect ECONNREFUSED 127.0.0.1:27017
2026-08-13 15:30:44 [error]: ❌ MongoDB connection error (attempt 1): connect ECONNREFUSED ::1:27017, connect ECONNREFUSED 127.0.0.1:27017
2026-08-13 15:30:44 [error]: MongoDB error: connect ECONNREFUSED ::1:27017, connect ECONNREFUSED 127.0.0.1:27017
2026-08-13 15:30:44 [error]: ❌ MongoDB connection error (attempt 1): connect ECONNREFUSED ::1:27017, connect ECONNREFUSED 127.0.0.1:27017
2026-08-13 15:30:44 [error]: MongoDB error: connect ECONNREFUSED ::1:27017, connect ECONNREFUSED 127.0.0.1:27017
2026-08-13 15:30:47 [error]: ❌ MongoDB connection error (attempt 1): connect ECONNREFUSED ::1:27017, connect ECONNREFUSED 127.0.0.1:27017
2026-08-13 15:30:47 [error]: MongoDB error: connect ECONNREFUSED ::1:27017, connect ECONNREFUSED 127.0.0.1:27017
2026-08-13 15:30:47 [error]: ❌ MongoDB connection error (attempt 1): connect ECONNREFUSED ::1:27017, connect ECONNREFUSED 127.0.0.1:27017
2026-08-13 15:30:47 [error]: MongoDB error: connect ECONNREFUSED ::1:27017, connect ECONNREFUSED 127.0.0.1:27017
2026-08-13 15:30:49 [error]: ❌ MongoDB connection error (attempt 1): connect ECONNREFUSED ::1:27017, connect ECONNREFUSED 127.0.0.1:27017
2026-08-13 15:30:49 [error]: MongoDB error: connect ECONNREFUSED ::1:27017, connect ECONNREFUSED 127.0.0.1:27017
2026-08-13 15:30:49 [error]: ❌ MongoDB connection error (attempt 1): connect ECONNREFUSED ::1:27017, connect ECONNREFUSED 127.0.0.1:27017
2026-08-13 15:30:49 [error]: MongoDB error: connect ECONNREFUSED ::1:27017, connect ECONNREFUSED 127.0.0.1:27017
2026-08-13 15:30:52 [error]: ❌ MongoDB connection error (attempt 1): connect ECONNREFUSED ::1:27017, connect ECONNREFUSED 127.0.0.1:27017
2026-08-13 15:30:52 [error]: MongoDB error: connect ECONNREFUSED ::1:27017, connect ECONNREFUSED 127.0.0.1:27017
2026-08-13 15:30:52 [error]: ❌ MongoDB connection error (attempt 1): connect ECONNREFUSED ::1:27017, connect ECONNREFUSED 127.0.0.1:27017
2026-08-13 15:30:52 [error]: MongoDB error: connect ECONNREFUSED ::1:27017, connect ECONNREFUSED 127.0.0.1:27017
2026-08-13 15:30:54 [error]: ❌ MongoDB connection error (attempt 1): connect ECONNREFUSED ::1:27017, connect ECONNREFUSED 127.0.0.1:27017
2026-08-13 15:30:54 [error]: MongoDB error: connect ECONNREFUSED ::1:27017, connect ECONNREFUSED 127.0.0.1:27017
2026-08-13 15:30:54 [error]: ❌ MongoDB connection error (attempt 1): connect ECONNREFUSED ::1:27017, connect ECONNREFUSED 127.0.0.1:27017
2026-08-13 15:30:54 [error]: MongoDB error: connect ECONNREFUSED ::1:27017, connect ECONNREFUSED 127.0.0.1:27017
2026-08-13 15:30:57 [error]: ❌ MongoDB connection error (attempt 1): connect ECONNREFUSED ::1:27017, connect ECONNREFUSED 127.0.0.1:27017
2026-08-13 15:30:57 [error]: MongoDB error: connect ECONNREFUSED ::1:27017, connect ECONNREFUSED 127.0.0.1:27017
2026-08-13 15:30:57 [error]: ❌ MongoDB connection error (attempt 1): connect ECONNREFUSED ::1:27017, connect ECONNREFUSED 127.0.0.1:27017
2026-08-13 15:30:57 [error]: MongoDB error: connect ECONNREFUSED ::1:27017, connect ECONNREFUSED 127.0.0.1:27017
2026-08-13 15:30:59 [error]: ❌ MongoDB connection error (attempt 1): connect ECONNREFUSED ::1:27017, connect ECONNREFUSED 127.0.0.1:27017
2026-08-13 15:30:59 [error]: MongoDB error: connect ECONNREFUSED ::1:27017, connect ECONNREFUSED 127.0.0.1:27017
2026-08-13 15:30:59 [error]: ❌ MongoDB connection error (attempt 1): connect ECONNREFUSED ::1:27017, connect ECONNREFUSED 127.0.0.1:27017
2026-08-13 15:30:59 [error]: MongoDB error: connect ECONNREFUSED ::1:27017, connect ECONNREFUSED 127.0.0.1:27017
2026-08-13 15:31:02 [error]: ❌ MongoDB connection error (attempt 1): connect ECONNREFUSED ::1:27017, connect ECONNREFUSED 127.0.0.1:27017
2026-08-13 15:31:02 [error]: MongoDB error: connect ECONNREFUSED ::1:27017, connect ECONNREFUSED 127.0.0.1:27017
2026-08-13 15:31:02 [error]: ❌ MongoDB connection error (attempt 1): connect ECONNREFUSED ::1:27017, connect ECONNREFUSED 127.0.0.1:27017
2026-08-13 15:31:02 [error]: MongoDB error: connect ECONNREFUSED ::1:27017, connect ECONNREFUSED 127.0.0.1:27017
2026-08-13 15:31:04 [error]: ❌ MongoDB connection error (attempt 1): connect ECONNREFUSED ::1:27017, connect ECONNREFUSED 127.0.0.1:27017
2026-08-13 15:31:04 [error]: MongoDB error: connect ECONNREFUSED ::1:27017, connect ECONNREFUSED 127.0.0.1:27017
2026-08-13 15:31:04 [error]: ❌ MongoDB connection error (attempt 1): connect ECONNREFUSED ::1:27017, connect ECONNREFUSED 127.0.0.1:27017
2026-08-13 15:31:04 [error]: MongoDB error: connect ECONNREFUSED ::1:27017, connect ECONNREFUSED 127.0.0.1:27017
2026-08-13 15:31:07 [error]: ❌ MongoDB connection error (attempt 1): connect ECONNREFUSED ::1:27017, connect ECONNREFUSED 127.0.0.1:27017
2026-08-13 15:31:07 [error]: MongoDB error: connect ECONNREFUSED ::1:27017, connect ECONNREFUSED 127.0.0.1:27017
2026-08-13 15:31:07 [error]: ❌ MongoDB connection error (attempt 1): connect ECONNREFUSED ::1:27017, connect ECONNREFUSED 127.0.0.1:27017
2026-08-13 15:31:07 [error]: MongoDB error: connect ECONNREFUSED ::1:27017, connect ECONNREFUSED 127.0.0.1:27017
2026-08-13 15:31:09 [error]: ❌ MongoDB connection error (attempt 1): connect ECONNREFUSED ::1:27017, connect ECONNREFUSED 127.0.0.1:27017
2026-08-13 15:31:09 [error]: MongoDB error: connect ECONNREFUSED ::1:27017, connect ECONNREFUSED 127.0.0.1:27017
2026-08-13 15:31:09 [error]: ❌ MongoDB connection error (attempt 1): connect ECONNREFUSED ::1:27017, connect ECONNREFUSED 127.0.0.1:27017
2026-08-13 15:31:09 [error]: MongoDB error: connect ECONNREFUSED ::1:27017, connect ECONNREFUSED 127.0.0.1:27017
2026-08-13 15:31:12 [error]: ❌ MongoDB connection error (attempt 1): connect ECONNREFUSED ::1:27017, connect ECONNREFUSED 127.0.0.1:27017
2026-08-13 15:31:12 [error]: MongoDB error: connect ECONNREFUSED ::1:27017, connect ECONNREFUSED 127.0.0.1:27017
2026-08-13 15:31:12 [error]: ❌ MongoDB connection error (attempt 1): connect ECONNREFUSED ::1:27017, connect ECONNREFUSED 127.0.0.1:27017
2026-08-13 15:31:12 [error]: MongoDB error: connect ECONNREFUSED ::1:27017, connect ECONNREFUSED 127.0.0.1:27017
2026-08-13 15:31:14 [error]: ❌ MongoDB connection error (attempt 1): connect ECONNREFUSED ::1:27017, connect ECONNREFUSED 127.0.0.1:27017
2026-08-13 15:31:14 [error]: MongoDB error: connect ECONNREFUSED ::1:27017, connect ECONNREFUSED 127.0.0.1:27017
2026-08-13 15:31:14 [error]: ❌ MongoDB connection error (attempt 1): connect ECONNREFUSED ::1:27017, connect ECONNREFUSED 127.0.0.1:27017
2026-08-13 15:31:14 [error]: MongoDB error: connect ECONNREFUSED ::1:27017, connect ECONNREFUSED 127.0.0.1:27017
2026-08-13 15:31:17 [error]: ❌ MongoDB connection error (attempt 1): connect ECONNREFUSED ::1:27017, connect ECONNREFUSED 127.0.0.1:27017
2026-08-13 15:31:17 [error]: MongoDB error: connect ECONNREFUSED ::1:27017, connect ECONNREFUSED 127.0.0.1:27017
2026-08-13 15:31:17 [error]: ❌ MongoDB connection error (attempt 1): connect ECONNREFUSED ::1:27017, connect ECONNREFUSED 127.0.0.1:27017
2026-08-13 15:31:17 [error]: MongoDB error: connect ECONNREFUSED ::1:27017, connect ECONNREFUSED 127.0.0.1:27017
2026-08-13 15:31:19 [error]: ❌ MongoDB connection error (attempt 1): connect ECONNREFUSED ::1:27017, connect ECONNREFUSED 127.0.0.1:27017
2026-08-13 15:31:19 [error]: MongoDB error: connect ECONNREFUSED ::1:27017, connect ECONNREFUSED 127.0.0.1:27017
2026-08-13 15:31:19 [error]: ❌ MongoDB connection error (attempt 1): connect ECONNREFUSED ::1:27017, connect ECONNREFUSED 127.0.0.1:27017
2026-08-13 15:31:19 [error]: MongoDB error: connect ECONNREFUSED ::1:27017, connect ECONNREFUSED 127.0.0.1:27017
2026-08-13 15:31:22 [error]: ❌ MongoDB connection error (attempt 1): connect ECONNREFUSED ::1:27017, connect ECONNREFUSED 127.0.0.1:27017
2026-08-13 15:31:22 [error]: MongoDB error: connect ECONNREFUSED ::1:27017, connect ECONNREFUSED 127.0.0.1:27017
2026-08-13 15:31:22 [error]: ❌ MongoDB connection error (attempt 1): connect ECONNREFUSED ::1:27017, connect ECONNREFUSED 127.0.0.1:27017
2026-08-13 15:31:22 [error]: MongoDB error: connect ECONNREFUSED ::1:27017, connect ECONNREFUSED 127.0.0.1:27017
2026-08-13 15:31:24 [error]: ❌ MongoDB connection error (attempt 1): connect ECONNREFUSED ::1:27017, connect ECONNREFUSED 127.0.0.1:27017
2026-08-13 15:31:24 [error]: MongoDB error: connect ECONNREFUSED ::1:27017, connect ECONNREFUSED 127.0.0.1:27017
2026-08-13 15:31:24 [error]: ❌ MongoDB connection error (attempt 1): connect ECONNREFUSED ::1:27017, connect ECONNREFUSED 127.0.0.1:27017
2026-08-13 15:31:24 [error]: MongoDB error: connect ECONNREFUSED ::1:27017, connect ECONNREFUSED 127.0.0.1:27017
2026-08-13 15:31:27 [error]: ❌ MongoDB connection error (attempt 1): connect ECONNREFUSED ::1:27017, connect ECONNREFUSED 127.0.0.1:27017
2026-08-13 15:31:27 [error]: MongoDB error: connect ECONNREFUSED ::1:27017, connect ECONNREFUSED 127.0.0.1:27017
2026-08-13 15:31:27 [error]: ❌ MongoDB connection error (attempt 1): connect ECONNREFUSED ::1:27017, connect ECONNREFUSED 127.0.0.1:27017
2026-08-13 15:31:27 [error]: MongoDB error: connect ECONNREFUSED ::1:27017, connect ECONNREFUSED 127.0.0.1:27017
2026-08-13 15:31:29 [error]: ❌ MongoDB connection error (attempt 1): connect ECONNREFUSED ::1:27017, connect ECONNREFUSED 127.0.0.1:27017
2026-08-13 15:31:29 [error]: MongoDB error: connect ECONNREFUSED ::1:27017, connect ECONNREFUSED 127.0.0.1:27017
2026-08-13 15:31:29 [error]: ❌ MongoDB connection error (attempt 1): connect ECONNREFUSED ::1:27017, connect ECONNREFUSED 127.0.0.1:27017
2026-08-13 15:31:29 [error]: MongoDB error: connect ECONNREFUSED ::1:27017, connect ECONNREFUSED 127.0.0.1:27017
2026-08-13 15:31:32 [error]: ❌ MongoDB connection error (attempt 1): connect ECONNREFUSED ::1:27017, connect ECONNREFUSED 127.0.0.1:27017
2026-08-13 15:31:32 [error]: MongoDB error: connect ECONNREFUSED ::1:27017, connect ECONNREFUSED 127.0.0.1:27017
2026-08-13 15:31:32 [error]: ❌ MongoDB connection error (attempt 1): connect ECONNREFUSED ::1:27017, connect ECONNREFUSED 127.0.0.1:27017
2026-08-13 15:31:32 [error]: MongoDB error: connect ECONNREFUSED ::1:27017, connect ECONNREFUSED 127.0.0.1:27017
2026-08-13 15:31:34 [error]: ❌ MongoDB connection error (attempt 1): connect ECONNREFUSED ::1:27017, connect ECONNREFUSED 127.0.0.1:27017
2026-08-13 15:31:34 [error]: MongoDB error: connect ECONNREFUSED ::1:27017, connect ECONNREFUSED 127.0.0.1:27017
2026-08-13 15:31:34 [error]: ❌ MongoDB connection error (attempt 1): connect ECONNREFUSED ::1:27017, connect ECONNREFUSED 127.0.0.1:27017
2026-08-13 15:31:34 [error]: MongoDB error: connect ECONNREFUSED ::1:27017, connect ECONNREFUSED 127.0.0.1:27017
2026-08-13 15:31:37 [error]: ❌ MongoDB connection error (attempt 1): connect ECONNREFUSED ::1:27017, connect ECONNREFUSED 127.0.0.1:27017
2026-08-13 15:31:37 [error]: MongoDB error: connect ECONNREFUSED ::1:27017, connect ECONNREFUSED 127.0.0.1:27017
2026-08-13 15:31:37 [error]: ❌ MongoDB connection error (attempt 1): connect ECONNREFUSED ::1:27017, connect ECONNREFUSED 127.0.0.1:27017
2026-08-13 15:31:37 [error]: MongoDB error: connect ECONNREFUSED ::1:27017, connect ECONNREFUSED 127.0.0.1:27017
2026-08-13 15:31:39 [error]: ❌ MongoDB connection error (attempt 1): connect ECONNREFUSED ::1:27017, connect ECONNREFUSED 127.0.0.1:27017
2026-08-13 15:31:39 [error]: MongoDB error: connect ECONNREFUSED ::1:27017, connect ECONNREFUSED 127.0.0.1:27017
2026-08-13 15:31:39 [error]: ❌ MongoDB connection error (attempt 1): connect ECONNREFUSED ::1:27017, connect ECONNREFUSED 127.0.0.1:27017
2026-08-13 15:31:39 [error]: MongoDB error: connect ECONNREFUSED ::1:27017, connect ECONNREFUSED 127.0.0.1:27017
2026-08-13 15:31:42 [error]: ❌ MongoDB connection error (attempt 1): connect ECONNREFUSED ::1:27017, connect ECONNREFUSED 127.0.0.1:27017
2026-08-13 15:31:42 [error]: MongoDB error: connect ECONNREFUSED ::1:27017, connect ECONNREFUSED 127.0.0.1:27017
2026-08-13 15:31:42 [error]: ❌ MongoDB connection error (attempt 1): connect ECONNREFUSED ::1:27017, connect ECONNREFUSED 127.0.0.1:27017
2026-08-13 15:31:42 [error]: MongoDB error: connect ECONNREFUSED ::1:27017, connect ECONNREFUSED 127.0.0.1:27017
2026-08-13 15:31:44 [error]: ❌ MongoDB connection error (attempt 1): connect ECONNREFUSED ::1:27017, connect ECONNREFUSED 127.0.0.1:27017
2026-08-13 15:31:44 [error]: MongoDB error: connect ECONNREFUSED ::1:27017, connect ECONNREFUSED 127.0.0.1:27017
2026-08-13 15:31:44 [error]: ❌ MongoDB connection error (attempt 1): connect ECONNREFUSED ::1:27017, connect ECONNREFUSED 127.0.0.1:27017
2026-08-13 15:31:44 [error]: MongoDB error: connect ECONNREFUSED ::1:27017, connect ECONNREFUSED 127.0.0.1:27017
2026-08-13 15:31:47 [error]: ❌ MongoDB connection error (attempt 1): connect ECONNREFUSED ::1:27017, connect ECONNREFUSED 127.0.0.1:27017
2026-08-13 15:31:47 [error]: MongoDB error: connect ECONNREFUSED ::1:27017, connect ECONNREFUSED 127.0.0.1:27017
2026-08-13 15:31:47 [error]: ❌ MongoDB connection error (attempt 1): connect ECONNREFUSED ::1:27017, connect ECONNREFUSED 127.0.0.1:27017
2026-08-13 15:31:47 [error]: MongoDB error: connect ECONNREFUSED ::1:27017, connect ECONNREFUSED 127.0.0.1:27017
2026-08-13 15:31:49 [error]: ❌ MongoDB connection error (attempt 1): connect ECONNREFUSED ::1:27017, connect ECONNREFUSED 127.0.0.1:27017
2026-08-13 15:31:49 [error]: MongoDB error: connect ECONNREFUSED ::1:27017, connect ECONNREFUSED 127.0.0.1:27017
2026-08-13 15:31:49 [error]: ❌ MongoDB connection error (attempt 1): connect ECONNREFUSED ::1:27017, connect ECONNREFUSED 127.0.0.1:27017
2026-08-13 15:31:49 [error]: MongoDB error: connect ECONNREFUSED ::1:27017, connect ECONNREFUSED 127.0.0.1:27017
2026-08-13 15:31:52 [error]: ❌ MongoDB connection error (attempt 1): connect ECONNREFUSED ::1:27017, connect ECONNREFUSED 127.0.0.1:27017
2026-08-13 15:31:52 [error]: MongoDB error: connect ECONNREFUSED ::1:27017, connect ECONNREFUSED 127.0.0.1:27017
2026-08-13 15:31:52 [error]: ❌ MongoDB connection error (attempt 1): connect ECONNREFUSED ::1:27017, connect ECONNREFUSED 127.0.0.1:27017
2026-08-13 15:31:52 [error]: MongoDB error: connect ECONNREFUSED ::1:27017, connect ECONNREFUSED 127.0.0.1:27017
2026-08-13 15:31:54 [error]: ❌ MongoDB connection error (attempt 1): connect ECONNREFUSED ::1:27017, connect ECONNREFUSED 127.0.0.1:27017
2026-08-13 15:31:54 [error]: MongoDB error: connect ECONNREFUSED ::1:27017, connect ECONNREFUSED 127.0.0.1:27017
2026-08-13 15:31:54 [error]: ❌ MongoDB connection error (attempt 1): connect ECONNREFUSED ::1:27017, connect ECONNREFUSED 127.0.0.1:27017
2026-08-13 15:31:54 [error]: MongoDB error: connect ECONNREFUSED ::1:27017, connect ECONNREFUSED 127.0.0.1:27017
2026-08-13 15:31:57 [error]: ❌ MongoDB connection error (attempt 1): connect ECONNREFUSED ::1:27017, connect ECONNREFUSED 127.0.0.1:27017
2026-08-13 15:31:57 [error]: MongoDB error: connect ECONNREFUSED ::1:27017, connect ECONNREFUSED 127.0.0.1:27017
2026-08-13 15:31:57 [error]: ❌ MongoDB connection error (attempt 1): connect ECONNREFUSED ::1:27017, connect ECONNREFUSED 127.0.0.1:27017
2026-08-13 15:31:57 [error]: MongoDB error: connect ECONNREFUSED ::1:27017, connect ECONNREFUSED 127.0.0.1:27017
2026-08-13 15:31:59 [error]: ❌ MongoDB connection error (attempt 1): connect ECONNREFUSED ::1:27017, connect ECONNREFUSED 127.0.0.1:27017
2026-08-13 15:31:59 [error]: MongoDB error: connect ECONNREFUSED ::1:27017, connect ECONNREFUSED 127.0.0.1:27017
2026-08-13 15:31:59 [error]: ❌ MongoDB connection error (attempt 1): connect ECONNREFUSED ::1:27017, connect ECONNREFUSED 127.0.0.1:27017
2026-08-13 15:31:59 [error]: MongoDB error: connect ECONNREFUSED ::1:27017, connect ECONNREFUSED 127.0.0.1:27017
2026-08-13 15:32:02 [error]: ❌ MongoDB connection error (attempt 1): connect ECONNREFUSED ::1:27017, connect ECONNREFUSED 127.0.0.1:27017
2026-08-13 15:32:02 [error]: MongoDB error: connect ECONNREFUSED ::1:27017, connect ECONNREFUSED 127.0.0.1:27017
2026-08-13 15:32:02 [error]: ❌ MongoDB connection error (attempt 1): connect ECONNREFUSED ::1:27017, connect ECONNREFUSED 127.0.0.1:27017
2026-08-13 15:32:02 [error]: MongoDB error: connect ECONNREFUSED ::1:27017, connect ECONNREFUSED 127.0.0.1:27017
2026-08-13 15:32:04 [error]: ❌ MongoDB connection error (attempt 1): connect ECONNREFUSED ::1:27017, connect ECONNREFUSED 127.0.0.1:27017
2026-08-13 15:32:04 [error]: MongoDB error: connect ECONNREFUSED ::1:27017, connect ECONNREFUSED 127.0.0.1:27017
2026-08-13 15:32:04 [error]: ❌ MongoDB connection error (attempt 1): connect ECONNREFUSED ::1:27017, connect ECONNREFUSED 127.0.0.1:27017
2026-08-13 15:32:04 [error]: MongoDB error: connect ECONNREFUSED ::1:27017, connect ECONNREFUSED 127.0.0.1:27017
2026-08-13 15:32:07 [error]: ❌ MongoDB connection error (attempt 1): connect ECONNREFUSED ::1:27017, connect ECONNREFUSED 127.0.0.1:27017
2026-08-13 15:32:07 [error]: MongoDB error: connect ECONNREFUSED ::1:27017, connect ECONNREFUSED 127.0.0.1:27017
2026-08-13 15:32:07 [error]: ❌ MongoDB connection error (attempt 1): connect ECONNREFUSED ::1:27017, connect ECONNREFUSED 127.0.0.1:27017
2026-08-13 15:32:07 [error]: MongoDB error: connect ECONNREFUSED ::1:27017, connect ECONNREFUSED 127.0.0.1:27017
2026-08-13 15:32:09 [error]: ❌ MongoDB connection error (attempt 1): connect ECONNREFUSED ::1:27017, connect ECONNREFUSED 127.0.0.1:27017
2026-08-13 15:32:09 [error]: MongoDB error: connect ECONNREFUSED ::1:27017, connect ECONNREFUSED 127.0.0.1:27017
2026-08-13 15:32:09 [error]: ❌ MongoDB connection error (attempt 1): connect ECONNREFUSED ::1:27017, connect ECONNREFUSED 127.0.0.1:27017
2026-08-13 15:32:09 [error]: MongoDB error: connect ECONNREFUSED ::1:27017, connect ECONNREFUSED 127.0.0.1:27017
2026-08-13 15:32:12 [error]: ❌ MongoDB connection error (attempt 1): connect ECONNREFUSED ::1:27017, connect ECONNREFUSED 127.0.0.1:27017
2026-08-13 15:32:12 [error]: MongoDB error: connect ECONNREFUSED ::1:27017, connect ECONNREFUSED 127.0.0.1:27017
2026-08-13 15:32:12 [error]: ❌ MongoDB connection error (attempt 1): connect ECONNREFUSED ::1:27017, connect ECONNREFUSED 127.0.0.1:27017
2026-08-13 15:32:12 [error]: MongoDB error: connect ECONNREFUSED ::1:27017, connect ECONNREFUSED 127.0.0.1:27017
2026-08-13 15:32:14 [error]: ❌ MongoDB connection error (attempt 1): connect ECONNREFUSED ::1:27017, connect ECONNREFUSED 127.0.0.1:27017
2026-08-13 15:32:14 [error]: MongoDB error: connect ECONNREFUSED ::1:27017, connect ECONNREFUSED 127.0.0.1:27017
2026-08-13 15:32:14 [error]: ❌ MongoDB connection error (attempt 1): connect ECONNREFUSED ::1:27017, connect ECONNREFUSED 127.0.0.1:27017
2026-08-13 15:32:14 [error]: MongoDB error: connect ECONNREFUSED ::1:27017, connect ECONNREFUSED 127.0.0.1:27017
2026-08-13 15:32:17 [error]: ❌ MongoDB connection error (attempt 1): connect ECONNREFUSED ::1:27017, connect ECONNREFUSED 127.0.0.1:27017
2026-08-13 15:32:17 [error]: MongoDB error: connect ECONNREFUSED ::1:27017, connect ECONNREFUSED 127.0.0.1:27017
2026-08-13 15:32:17 [error]: ❌ MongoDB connection error (attempt 1): connect ECONNREFUSED ::1:27017, connect ECONNREFUSED 127.0.0.1:27017
2026-08-13 15:32:17 [error]: MongoDB error: connect ECONNREFUSED ::1:27017, connect ECONNREFUSED 127.0.0.1:27017
2026-08-13 15:32:19 [error]: ❌ MongoDB connection error (attempt 1): connect ECONNREFUSED ::1:27017, connect ECONNREFUSED 127.0.0.1:27017
2026-08-13 15:32:19 [error]: MongoDB error: connect ECONNREFUSED ::1:27017, connect ECONNREFUSED 127.0.0.1:27017
2026-08-13 15:32:19 [error]: ❌ MongoDB connection error (attempt 1): connect ECONNREFUSED ::1:27017, connect ECONNREFUSED 127.0.0.1:27017
2026-08-13 15:32:19 [error]: MongoDB error: connect ECONNREFUSED ::1:27017, connect ECONNREFUSED 127.0.0.1:27017
2026-08-13 15:32:22 [error]: ❌ MongoDB connection error (attempt 1): connect ECONNREFUSED ::1:27017, connect ECONNREFUSED 127.0.0.1:27017
2026-08-13 15:32:22 [error]: MongoDB error: connect ECONNREFUSED ::1:27017, connect ECONNREFUSED 127.0.0.1:27017
2026-08-13 15:32:22 [error]: ❌ MongoDB connection error (attempt 1): connect ECONNREFUSED ::1:27017, connect ECONNREFUSED 127.0.0.1:27017
2026-08-13 15:32:22 [error]: MongoDB error: connect ECONNREFUSED ::1:27017, connect ECONNREFUSED 127.0.0.1:27017
2026-08-13 15:32:24 [error]: ❌ MongoDB connection error (attempt 1): connect ECONNREFUSED ::1:27017, connect ECONNREFUSED 127.0.0.1:27017
2026-08-13 15:32:24 [error]: MongoDB error: connect ECONNREFUSED ::1:27017, connect ECONNREFUSED 127.0.0.1:27017
2026-08-13 15:32:24 [error]: ❌ MongoDB connection error (attempt 1): connect ECONNREFUSED ::1:27017, connect ECONNREFUSED 127.0.0.1:27017
2026-08-13 15:32:24 [error]: MongoDB error: connect ECONNREFUSED ::1:27017, connect ECONNREFUSED 127.0.0.1:27017
2026-08-13 15:32:27 [error]: ❌ MongoDB connection error (attempt 1): connect ECONNREFUSED ::1:27017, connect ECONNREFUSED 127.0.0.1:27017
2026-08-13 15:32:27 [error]: MongoDB error: connect ECONNREFUSED ::1:27017, connect ECONNREFUSED 127.0.0.1:27017
2026-08-13 15:32:28 [error]: ❌ MongoDB connection error (attempt 1): connect ECONNREFUSED ::1:27017, connect ECONNREFUSED 127.0.0.1:27017
2026-08-13 15:32:28 [error]: MongoDB error: connect ECONNREFUSED ::1:27017, connect ECONNREFUSED 127.0.0.1:27017
2026-08-13 15:32:29 [error]: ❌ MongoDB connection error (attempt 1): connect ECONNREFUSED ::1:27017, connect ECONNREFUSED 127.0.0.1:27017
2026-08-13 15:32:29 [error]: MongoDB error: connect ECONNREFUSED ::1:27017, connect ECONNREFUSED 127.0.0.1:27017
2026-08-13 15:32:29 [error]: ❌ MongoDB connection error (attempt 1): connect ECONNREFUSED ::1:27017, connect ECONNREFUSED 127.0.0.1:27017
2026-08-13 15:32:29 [error]: MongoDB error: connect ECONNREFUSED ::1:27017, connect ECONNREFUSED 127.0.0.1:27017
2026-08-13 15:32:32 [error]: ❌ MongoDB connection error (attempt 1): connect ECONNREFUSED ::1:27017, connect ECONNREFUSED 127.0.0.1:27017
2026-08-13 15:32:32 [error]: MongoDB error: connect ECONNREFUSED ::1:27017, connect ECONNREFUSED 127.0.0.1:27017
2026-08-13 15:32:33 [error]: ❌ MongoDB connection error (attempt 1): connect ECONNREFUSED ::1:27017, connect ECONNREFUSED 127.0.0.1:27017
2026-08-13 15:32:33 [error]: MongoDB error: connect ECONNREFUSED ::1:27017, connect ECONNREFUSED 127.0.0.1:27017
2026-08-13 15:32:34 [error]: ❌ MongoDB connection error (attempt 1): connect ECONNREFUSED ::1:27017, connect ECONNREFUSED 127.0.0.1:27017
2026-08-13 15:32:34 [error]: MongoDB error: connect ECONNREFUSED ::1:27017, connect ECONNREFUSED 127.0.0.1:27017
2026-08-13 15:32:34 [error]: ❌ MongoDB connection error (attempt 1): connect ECONNREFUSED ::1:27017, connect ECONNREFUSED 127.0.0.1:27017
2026-08-13 15:32:34 [error]: MongoDB error: connect ECONNREFUSED ::1:27017, connect ECONNREFUSED 127.0.0.1:27017
2026-08-13 15:32:37 [error]: ❌ MongoDB connection error (attempt 1): connect ECONNREFUSED ::1:27017, connect ECONNREFUSED 127.0.0.1:27017
2026-08-13 15:32:37 [error]: MongoDB error: connect ECONNREFUSED ::1:27017, connect ECONNREFUSED 127.0.0.1:27017
2026-08-13 15:32:38 [error]: ❌ MongoDB connection error (attempt 1): connect ECONNREFUSED ::1:27017, connect ECONNREFUSED 127.0.0.1:27017
2026-08-13 15:32:38 [error]: MongoDB error: connect ECONNREFUSED ::1:27017, connect ECONNREFUSED 127.0.0.1:27017
2026-08-13 15:32:39 [error]: ❌ MongoDB connection error (attempt 1): connect ECONNREFUSED ::1:27017, connect ECONNREFUSED 127.0.0.1:27017
2026-08-13 15:32:39 [error]: MongoDB error: connect ECONNREFUSED ::1:27017, connect ECONNREFUSED 127.0.0.1:27017
2026-08-13 15:32:39 [error]: ❌ MongoDB connection error (attempt 1): connect ECONNREFUSED ::1:27017, connect ECONNREFUSED 127.0.0.1:27017
2026-08-13 15:32:39 [error]: MongoDB error: connect ECONNREFUSED ::1:27017, connect ECONNREFUSED 127.0.0.1:27017
2026-08-13 15:32:42 [error]: ❌ MongoDB connection error (attempt 1): connect ECONNREFUSED ::1:27017, connect ECONNREFUSED 127.0.0.1:27017
2026-08-13 15:32:42 [error]: MongoDB error: connect ECONNREFUSED ::1:27017, connect ECONNREFUSED 127.0.0.1:27017
2026-08-13 15:32:43 [error]: ❌ MongoDB connection error (attempt 1): connect ECONNREFUSED ::1:27017, connect ECONNREFUSED 127.0.0.1:27017
2026-08-13 15:32:43 [error]: MongoDB error: connect ECONNREFUSED ::1:27017, connect ECONNREFUSED 127.0.0.1:27017
2026-08-13 15:32:44 [error]: ❌ MongoDB connection error (attempt 1): connect ECONNREFUSED ::1:27017, connect ECONNREFUSED 127.0.0.1:27017
2026-08-13 15:32:44 [error]: MongoDB error: connect ECONNREFUSED ::1:27017, connect ECONNREFUSED 127.0.0.1:27017
2026-08-13 15:32:44 [error]: ❌ MongoDB connection error (attempt 1): connect ECONNREFUSED ::1:27017, connect ECONNREFUSED 127.0.0.1:27017
2026-08-13 15:32:44 [error]: MongoDB error: connect ECONNREFUSED ::1:27017, connect ECONNREFUSED 127.0.0.1:27017
2026-08-13 15:32:47 [error]: ❌ MongoDB connection error (attempt 1): connect ECONNREFUSED ::1:27017, connect ECONNREFUSED 127.0.0.1:27017
2026-08-13 15:32:47 [error]: MongoDB error: connect ECONNREFUSED ::1:27017, connect ECONNREFUSED 127.0.0.1:27017
2026-08-13 15:32:48 [error]: ❌ MongoDB connection error (attempt 1): connect ECONNREFUSED ::1:27017, connect ECONNREFUSED 127.0.0.1:27017
2026-08-13 15:32:48 [error]: MongoDB error: connect ECONNREFUSED ::1:27017, connect ECONNREFUSED 127.0.0.1:27017
2026-08-13 15:32:49 [error]: ❌ MongoDB connection error (attempt 1): connect ECONNREFUSED ::1:27017, connect ECONNREFUSED 127.0.0.1:27017
2026-08-13 15:32:49 [error]: MongoDB error: connect ECONNREFUSED ::1:27017, connect ECONNREFUSED 127.0.0.1:27017
2026-08-13 15:32:49 [error]: ❌ MongoDB connection error (attempt 1): connect ECONNREFUSED ::1:27017, connect ECONNREFUSED 127.0.0.1:27017
2026-08-13 15:32:49 [error]: MongoDB error: connect ECONNREFUSED ::1:27017, connect ECONNREFUSED 127.0.0.1:27017
2026-08-13 15:32:52 [error]: ❌ MongoDB connection error (attempt 1): connect ECONNREFUSED ::1:27017, connect ECONNREFUSED 127.0.0.1:27017
2026-08-13 15:32:52 [error]: MongoDB error: connect ECONNREFUSED ::1:27017, connect ECONNREFUSED 127.0.0.1:27017
2026-08-13 15:32:53 [error]: ❌ MongoDB connection error (attempt 1): connect ECONNREFUSED ::1:27017, connect ECONNREFUSED 127.0.0.1:27017
2026-08-13 15:32:53 [error]: MongoDB error: connect ECONNREFUSED ::1:27017, connect ECONNREFUSED 127.0.0.1:27017
2026-08-13 15:32:54 [error]: ❌ MongoDB connection error (attempt 1): connect ECONNREFUSED ::1:27017, connect ECONNREFUSED 127.0.0.1:27017
2026-08-13 15:32:54 [error]: MongoDB error: connect ECONNREFUSED ::1:27017, connect ECONNREFUSED 127.0.0.1:27017
2026-08-13 15:32:54 [error]: ❌ MongoDB connection error (attempt 1): connect ECONNREFUSED ::1:27017, connect ECONNREFUSED 127.0.0.1:27017
2026-08-13 15:32:54 [error]: MongoDB error: connect ECONNREFUSED ::1:27017, connect ECONNREFUSED 127.0.0.1:27017
2026-08-13 15:32:57 [error]: ❌ MongoDB connection error (attempt 1): connect ECONNREFUSED ::1:27017, connect ECONNREFUSED 127.0.0.1:27017
2026-08-13 15:32:57 [error]: MongoDB error: connect ECONNREFUSED ::1:27017, connect ECONNREFUSED 127.0.0.1:27017
2026-08-13 15:32:58 [error]: ❌ MongoDB connection error (attempt 1): connect ECONNREFUSED ::1:27017, connect ECONNREFUSED 127.0.0.1:27017
2026-08-13 15:32:58 [error]: MongoDB error: connect ECONNREFUSED ::1:27017, connect ECONNREFUSED 127.0.0.1:27017
2026-08-13 15:32:59 [error]: ❌ MongoDB connection error (attempt 1): connect ECONNREFUSED ::1:27017, connect ECONNREFUSED 127.0.0.1:27017
2026-08-13 15:32:59 [error]: MongoDB error: connect ECONNREFUSED ::1:27017, connect ECONNREFUSED 127.0.0.1:27017
2026-08-13 15:32:59 [error]: ❌ MongoDB connection error (attempt 1): connect ECONNREFUSED ::1:27017, connect ECONNREFUSED 127.0.0.1:27017
2026-08-13 15:32:59 [error]: MongoDB error: connect ECONNREFUSED ::1:27017, connect ECONNREFUSED 127.0.0.1:27017
2026-08-13 15:33:03 [error]: ❌ MongoDB connection error (attempt 1): connect ECONNREFUSED ::1:27017, connect ECONNREFUSED 127.0.0.1:27017
2026-08-13 15:33:03 [error]: MongoDB error: connect ECONNREFUSED ::1:27017, connect ECONNREFUSED 127.0.0.1:27017
2026-08-13 15:33:03 [error]: ❌ MongoDB connection error (attempt 1): connect ECONNREFUSED ::1:27017, connect ECONNREFUSED 127.0.0.1:27017
2026-08-13 15:33:03 [error]: MongoDB error: connect ECONNREFUSED ::1:27017, connect ECONNREFUSED 127.0.0.1:27017
2026-08-13 15:33:04 [error]: ❌ MongoDB connection error (attempt 1): connect ECONNREFUSED ::1:27017, connect ECONNREFUSED 127.0.0.1:27017
2026-08-13 15:33:04 [error]: MongoDB error: connect ECONNREFUSED ::1:27017, connect ECONNREFUSED 127.0.0.1:27017
2026-08-13 15:33:04 [error]: ❌ MongoDB connection error (attempt 1): connect ECONNREFUSED ::1:27017, connect ECONNREFUSED 127.0.0.1:27017
2026-08-13 15:33:04 [error]: MongoDB error: connect ECONNREFUSED ::1:27017, connect ECONNREFUSED 127.0.0.1:27017
2026-08-13 15:33:08 [error]: ❌ MongoDB connection error (attempt 1): connect ECONNREFUSED ::1:27017, connect ECONNREFUSED 127.0.0.1:27017
2026-08-13 15:33:08 [error]: MongoDB error: connect ECONNREFUSED ::1:27017, connect ECONNREFUSED 127.0.0.1:27017
2026-08-13 15:33:08 [error]: ❌ MongoDB connection error (attempt 1): connect ECONNREFUSED ::1:27017, connect ECONNREFUSED 127.0.0.1:27017
2026-08-13 15:33:08 [error]: MongoDB error: connect ECONNREFUSED ::1:27017, connect ECONNREFUSED 127.0.0.1:27017
2026-08-13 15:33:09 [error]: ❌ MongoDB connection error (attempt 1): connect ECONNREFUSED ::1:27017, connect ECONNREFUSED 127.0.0.1:27017
2026-08-13 15:33:09 [error]: MongoDB error: connect ECONNREFUSED ::1:27017, connect ECONNREFUSED 127.0.0.1:27017
2026-08-13 15:33:09 [error]: ❌ MongoDB connection error (attempt 1): connect ECONNREFUSED ::1:27017, connect ECONNREFUSED 127.0.0.1:27017
2026-08-13 15:33:09 [error]: MongoDB error: connect ECONNREFUSED ::1:27017, connect ECONNREFUSED 127.0.0.1:27017
2026-08-13 15:33:13 [error]: ❌ MongoDB connection error (attempt 1): connect ECONNREFUSED ::1:27017, connect ECONNREFUSED 127.0.0.1:27017
2026-08-13 15:33:13 [error]: MongoDB error: connect ECONNREFUSED ::1:27017, connect ECONNREFUSED 127.0.0.1:27017
2026-08-13 15:33:13 [error]: ❌ MongoDB connection error (attempt 1): connect ECONNREFUSED ::1:27017, connect ECONNREFUSED 127.0.0.1:27017
2026-08-13 15:33:13 [error]: MongoDB error: connect ECONNREFUSED ::1:27017, connect ECONNREFUSED 127.0.0.1:27017
2026-08-13 15:33:14 [error]: ❌ MongoDB connection error (attempt 1): connect ECONNREFUSED ::1:27017, connect ECONNREFUSED 127.0.0.1:27017
2026-08-13 15:33:14 [error]: MongoDB error: connect ECONNREFUSED ::1:27017, connect ECONNREFUSED 127.0.0.1:27017
2026-08-13 15:33:14 [error]: ❌ MongoDB connection error (attempt 1): connect ECONNREFUSED ::1:27017, connect ECONNREFUSED 127.0.0.1:27017
2026-08-13 15:33:14 [error]: MongoDB error: connect ECONNREFUSED ::1:27017, connect ECONNREFUSED 127.0.0.1:27017
2026-08-13 15:33:18 [error]: ❌ MongoDB connection error (attempt 1): connect ECONNREFUSED ::1:27017, connect ECONNREFUSED 127.0.0.1:27017
2026-08-13 15:33:18 [error]: MongoDB error: connect ECONNREFUSED ::1:27017, connect ECONNREFUSED 127.0.0.1:27017
2026-08-13 15:33:18 [error]: ❌ MongoDB connection error (attempt 1): connect ECONNREFUSED ::1:27017, connect ECONNREFUSED 127.0.0.1:27017
2026-08-13 15:33:18 [error]: MongoDB error: connect ECONNREFUSED ::1:27017, connect ECONNREFUSED 127.0.0.1:27017
2026-08-13 15:33:19 [error]: ❌ MongoDB connection error (attempt 1): connect ECONNREFUSED ::1:27017, connect ECONNREFUSED 127.0.0.1:27017
2026-08-13 15:33:19 [error]: MongoDB error: connect ECONNREFUSED ::1:27017, connect ECONNREFUSED 127.0.0.1:27017
2026-08-13 15:33:19 [error]: ❌ MongoDB connection error (attempt 1): connect ECONNREFUSED ::1:27017, connect ECONNREFUSED 127.0.0.1:27017
2026-08-13 15:33:19 [error]: MongoDB error: connect ECONNREFUSED ::1:27017, connect ECONNREFUSED 127.0.0.1:27017
2026-08-13 15:33:23 [error]: ❌ MongoDB connection error (attempt 1): connect ECONNREFUSED ::1:27017, connect ECONNREFUSED 127.0.0.1:27017
2026-08-13 15:33:23 [error]: MongoDB error: connect ECONNREFUSED ::1:27017, connect ECONNREFUSED 127.0.0.1:27017
2026-08-13 15:33:23 [error]: ❌ MongoDB connection error (attempt 1): connect ECONNREFUSED ::1:27017, connect ECONNREFUSED 127.0.0.1:27017
2026-08-13 15:33:23 [error]: MongoDB error: connect ECONNREFUSED ::1:27017, connect ECONNREFUSED 127.0.0.1:27017
2026-08-13 15:33:24 [error]: ❌ MongoDB connection error (attempt 1): connect ECONNREFUSED ::1:27017, connect ECONNREFUSED 127.0.0.1:27017
2026-08-13 15:33:24 [error]: MongoDB error: connect ECONNREFUSED ::1:27017, connect ECONNREFUSED 127.0.0.1:27017
2026-08-13 15:33:24 [error]: ❌ MongoDB connection error (attempt 1): connect ECONNREFUSED ::1:27017, connect ECONNREFUSED 127.0.0.1:27017
2026-08-13 15:33:24 [error]: MongoDB error: connect ECONNREFUSED ::1:27017, connect ECONNREFUSED 127.0.0.1:27017
2026-08-13 15:33:28 [error]: ❌ MongoDB connection error (attempt 1): connect ECONNREFUSED ::1:27017, connect ECONNREFUSED 127.0.0.1:27017
2026-08-13 15:33:28 [error]: MongoDB error: connect ECONNREFUSED ::1:27017, connect ECONNREFUSED 127.0.0.1:27017
2026-08-13 15:33:28 [error]: ❌ MongoDB connection error (attempt 1): connect ECONNREFUSED ::1:27017, connect ECONNREFUSED 127.0.0.1:27017
2026-08-13 15:33:28 [error]: MongoDB error: connect ECONNREFUSED ::1:27017, connect ECONNREFUSED 127.0.0.1:27017
2026-08-13 15:33:29 [error]: ❌ MongoDB connection error (attempt 1): connect ECONNREFUSED ::1:27017, connect ECONNREFUSED 127.0.0.1:27017
2026-08-13 15:33:29 [error]: MongoDB error: connect ECONNREFUSED ::1:27017, connect ECONNREFUSED 127.0.0.1:27017
2026-08-13 15:33:29 [error]: ❌ MongoDB connection error (attempt 1): connect ECONNREFUSED ::1:27017, connect ECONNREFUSED 127.0.0.1:27017
2026-08-13 15:33:29 [error]: MongoDB error: connect ECONNREFUSED ::1:27017, connect ECONNREFUSED 127.0.0.1:27017
2026-08-13 15:33:33 [error]: ❌ MongoDB connection error (attempt 1): connect ECONNREFUSED ::1:27017, connect ECONNREFUSED 127.0.0.1:27017
2026-08-13 15:33:33 [error]: MongoDB error: connect ECONNREFUSED ::1:27017, connect ECONNREFUSED 127.0.0.1:27017
2026-08-13 15:33:33 [error]: ❌ MongoDB connection error (attempt 1): connect ECONNREFUSED ::1:27017, connect ECONNREFUSED 127.0.0.1:27017
2026-08-13 15:33:33 [error]: MongoDB error: connect ECONNREFUSED ::1:27017, connect ECONNREFUSED 127.0.0.1:27017
2026-08-13 15:33:34 [error]: ❌ MongoDB connection error (attempt 1): connect ECONNREFUSED ::1:27017, connect ECONNREFUSED 127.0.0.1:27017
2026-08-13 15:33:34 [error]: MongoDB error: connect ECONNREFUSED ::1:27017, connect ECONNREFUSED 127.0.0.1:27017
2026-08-13 15:33:34 [error]: ❌ MongoDB connection error (attempt 1): connect ECONNREFUSED ::1:27017, connect ECONNREFUSED 127.0.0.1:27017
2026-08-13 15:33:34 [error]: MongoDB error: connect ECONNREFUSED ::1:27017, connect ECONNREFUSED 127.0.0.1:27017
2026-08-13 15:33:38 [error]: ❌ MongoDB connection error (attempt 1): connect ECONNREFUSED ::1:27017, connect ECONNREFUSED 127.0.0.1:27017
2026-08-13 15:33:38 [error]: MongoDB error: connect ECONNREFUSED ::1:27017, connect ECONNREFUSED 127.0.0.1:27017
2026-08-13 15:33:38 [error]: ❌ MongoDB connection error (attempt 1): connect ECONNREFUSED ::1:27017, connect ECONNREFUSED 127.0.0.1:27017
2026-08-13 15:33:38 [error]: MongoDB error: connect ECONNREFUSED ::1:27017, connect ECONNREFUSED 127.0.0.1:27017
2026-08-13 15:33:39 [error]: ❌ MongoDB connection error (attempt 1): connect ECONNREFUSED ::1:27017, connect ECONNREFUSED 127.0.0.1:27017
2026-08-13 15:33:39 [error]: MongoDB error: connect ECONNREFUSED ::1:27017, connect ECONNREFUSED 127.0.0.1:27017
2026-08-13 15:33:39 [error]: ❌ MongoDB connection error (attempt 1): connect ECONNREFUSED ::1:27017, connect ECONNREFUSED 127.0.0.1:27017
2026-08-13 15:33:39 [error]: MongoDB error: connect ECONNREFUSED ::1:27017, connect ECONNREFUSED 127.0.0.1:27017
2026-08-13 15:33:43 [error]: ❌ MongoDB connection error (attempt 1): connect ECONNREFUSED ::1:27017, connect ECONNREFUSED 127.0.0.1:27017
2026-08-13 15:33:43 [error]: MongoDB error: connect ECONNREFUSED ::1:27017, connect ECONNREFUSED 127.0.0.1:27017
2026-08-13 15:33:43 [error]: ❌ MongoDB connection error (attempt 1): connect ECONNREFUSED ::1:27017, connect ECONNREFUSED 127.0.0.1:27017
2026-08-13 15:33:43 [error]: MongoDB error: connect ECONNREFUSED ::1:27017, connect ECONNREFUSED 127.0.0.1:27017
2026-08-13 15:33:44 [error]: ❌ MongoDB connection error (attempt 1): connect ECONNREFUSED ::1:27017, connect ECONNREFUSED 127.0.0.1:27017
2026-08-13 15:33:44 [error]: MongoDB error: connect ECONNREFUSED ::1:27017, connect ECONNREFUSED 127.0.0.1:27017
2026-08-13 15:33:44 [error]: ❌ MongoDB connection error (attempt 1): connect ECONNREFUSED ::1:27017, connect ECONNREFUSED 127.0.0.1:27017
2026-08-13 15:33:44 [error]: MongoDB error: connect ECONNREFUSED ::1:27017, connect ECONNREFUSED 127.0.0.1:27017
2026-08-13 15:33:48 [error]: ❌ MongoDB connection error (attempt 1): connect ECONNREFUSED ::1:27017, connect ECONNREFUSED 127.0.0.1:27017
2026-08-13 15:33:48 [error]: MongoDB error: connect ECONNREFUSED ::1:27017, connect ECONNREFUSED 127.0.0.1:27017
2026-08-13 15:33:48 [error]: ❌ MongoDB connection error (attempt 1): connect ECONNREFUSED ::1:27017, connect ECONNREFUSED 127.0.0.1:27017
2026-08-13 15:33:48 [error]: MongoDB error: connect ECONNREFUSED ::1:27017, connect ECONNREFUSED 127.0.0.1:27017
2026-08-13 15:33:49 [error]: ❌ MongoDB connection error (attempt 1): connect ECONNREFUSED ::1:27017, connect ECONNREFUSED 127.0.0.1:27017
2026-08-13 15:33:49 [error]: MongoDB error: connect ECONNREFUSED ::1:27017, connect ECONNREFUSED 127.0.0.1:27017
2026-08-13 15:33:49 [error]: ❌ MongoDB connection error (attempt 1): connect ECONNREFUSED ::1:27017, connect ECONNREFUSED 127.0.0.1:27017
2026-08-13 15:33:49 [error]: MongoDB error: connect ECONNREFUSED ::1:27017, connect ECONNREFUSED 127.0.0.1:27017
2026-08-13 15:33:53 [error]: ❌ MongoDB connection error (attempt 1): connect ECONNREFUSED ::1:27017, connect ECONNREFUSED 127.0.0.1:27017
2026-08-13 15:33:53 [error]: MongoDB error: connect ECONNREFUSED ::1:27017, connect ECONNREFUSED 127.0.0.1:27017
2026-08-13 15:33:53 [error]: ❌ MongoDB connection error (attempt 1): connect ECONNREFUSED ::1:27017, connect ECONNREFUSED 127.0.0.1:27017
2026-08-13 15:33:53 [error]: MongoDB error: connect ECONNREFUSED ::1:27017, connect ECONNREFUSED 127.0.0.1:27017
2026-08-13 15:33:54 [error]: ❌ MongoDB connection error (attempt 1): connect ECONNREFUSED ::1:27017, connect ECONNREFUSED 127.0.0.1:27017
2026-08-13 15:33:54 [error]: MongoDB error: connect ECONNREFUSED ::1:27017, connect ECONNREFUSED 127.0.0.1:27017
2026-08-13 15:33:54 [error]: ❌ MongoDB connection error (attempt 1): connect ECONNREFUSED ::1:27017, connect ECONNREFUSED 127.0.0.1:27017
2026-08-13 15:33:54 [error]: MongoDB error: connect ECONNREFUSED ::1:27017, connect ECONNREFUSED 127.0.0.1:27017
2026-08-13 15:33:58 [error]: ❌ MongoDB connection error (attempt 1): connect ECONNREFUSED ::1:27017, connect ECONNREFUSED 127.0.0.1:27017
2026-08-13 15:33:58 [error]: MongoDB error: connect ECONNREFUSED ::1:27017, connect ECONNREFUSED 127.0.0.1:27017
2026-08-13 15:33:58 [error]: ❌ MongoDB connection error (attempt 1): connect ECONNREFUSED ::1:27017, connect ECONNREFUSED 127.0.0.1:27017
2026-08-13 15:33:58 [error]: MongoDB error: connect ECONNREFUSED ::1:27017, connect ECONNREFUSED 127.0.0.1:27017
2026-08-13 15:33:59 [error]: ❌ MongoDB connection error (attempt 1): connect ECONNREFUSED ::1:27017, connect ECONNREFUSED 127.0.0.1:27017
2026-08-13 15:33:59 [error]: MongoDB error: connect ECONNREFUSED ::1:27017, connect ECONNREFUSED 127.0.0.1:27017
2026-08-13 15:33:59 [error]: ❌ MongoDB connection error (attempt 1): connect ECONNREFUSED ::1:27017, connect ECONNREFUSED 127.0.0.1:27017
2026-08-13 15:33:59 [error]: MongoDB error: connect ECONNREFUSED ::1:27017, connect ECONNREFUSED 127.0.0.1:27017
2026-08-13 15:34:03 [error]: ❌ MongoDB connection error (attempt 1): connect ECONNREFUSED ::1:27017, connect ECONNREFUSED 127.0.0.1:27017
2026-08-13 15:34:03 [error]: MongoDB error: connect ECONNREFUSED ::1:27017, connect ECONNREFUSED 127.0.0.1:27017
2026-08-13 15:34:03 [error]: ❌ MongoDB connection error (attempt 1): connect ECONNREFUSED ::1:27017, connect ECONNREFUSED 127.0.0.1:27017
2026-08-13 15:34:03 [error]: MongoDB error: connect ECONNREFUSED ::1:27017, connect ECONNREFUSED 127.0.0.1:27017
2026-08-13 15:34:04 [error]: ❌ MongoDB connection error (attempt 1): connect ECONNREFUSED ::1:27017, connect ECONNREFUSED 127.0.0.1:27017
2026-08-13 15:34:04 [error]: MongoDB error: connect ECONNREFUSED ::1:27017, connect ECONNREFUSED 127.0.0.1:27017
2026-08-13 15:34:04 [error]: ❌ MongoDB connection error (attempt 1): connect ECONNREFUSED ::1:27017, connect ECONNREFUSED 127.0.0.1:27017
2026-08-13 15:34:04 [error]: MongoDB error: connect ECONNREFUSED ::1:27017, connect ECONNREFUSED 127.0.0.1:27017
2026-08-13 15:34:08 [error]: ❌ MongoDB connection error (attempt 1): connect ECONNREFUSED ::1:27017, connect ECONNREFUSED 127.0.0.1:27017
2026-08-13 15:34:08 [error]: MongoDB error: connect ECONNREFUSED ::1:27017, connect ECONNREFUSED 127.0.0.1:27017
2026-08-13 15:34:08 [error]: ❌ MongoDB connection error (attempt 1): connect ECONNREFUSED ::1:27017, connect ECONNREFUSED 127.0.0.1:27017
2026-08-13 15:34:08 [error]: MongoDB error: connect ECONNREFUSED ::1:27017, connect ECONNREFUSED 127.0.0.1:27017
2026-08-13 15:34:09 [error]: ❌ MongoDB connection error (attempt 1): connect ECONNREFUSED ::1:27017, connect ECONNREFUSED 127.0.0.1:27017
2026-08-13 15:34:09 [error]: MongoDB error: connect ECONNREFUSED ::1:27017, connect ECONNREFUSED 127.0.0.1:27017
2026-08-13 15:34:09 [error]: ❌ MongoDB connection error (attempt 1): connect ECONNREFUSED ::1:27017, connect ECONNREFUSED 127.0.0.1:27017
2026-08-13 15:34:09 [error]: MongoDB error: connect ECONNREFUSED ::1:27017, connect ECONNREFUSED 127.0.0.1:27017
2026-08-13 15:34:13 [error]: ❌ MongoDB connection error (attempt 1): connect ECONNREFUSED ::1:27017, connect ECONNREFUSED 127.0.0.1:27017
2026-08-13 15:34:13 [error]: MongoDB error: connect ECONNREFUSED ::1:27017, connect ECONNREFUSED 127.0.0.1:27017
2026-08-13 15:34:13 [error]: ❌ MongoDB connection error (attempt 1): connect ECONNREFUSED ::1:27017, connect ECONNREFUSED 127.0.0.1:27017
2026-08-13 15:34:13 [error]: MongoDB error: connect ECONNREFUSED ::1:27017, connect ECONNREFUSED 127.0.0.1:27017
2026-08-13 15:34:14 [error]: ❌ MongoDB connection error (attempt 1): connect ECONNREFUSED ::1:27017, connect ECONNREFUSED 127.0.0.1:27017
2026-08-13 15:34:14 [error]: MongoDB error: connect ECONNREFUSED ::1:27017, connect ECONNREFUSED 127.0.0.1:27017
2026-08-13 15:34:14 [error]: ❌ MongoDB connection error (attempt 1): connect ECONNREFUSED ::1:27017, connect ECONNREFUSED 127.0.0.1:27017
2026-08-13 15:34:14 [error]: MongoDB error: connect ECONNREFUSED ::1:27017, connect ECONNREFUSED 127.0.0.1:27017
2026-08-13 15:34:18 [error]: ❌ MongoDB connection error (attempt 1): connect ECONNREFUSED ::1:27017, connect ECONNREFUSED 127.0.0.1:27017
2026-08-13 15:34:18 [error]: MongoDB error: connect ECONNREFUSED ::1:27017, connect ECONNREFUSED 127.0.0.1:27017
2026-08-13 15:34:18 [error]: ❌ MongoDB connection error (attempt 1): connect ECONNREFUSED ::1:27017, connect ECONNREFUSED 127.0.0.1:27017
2026-08-13 15:34:18 [error]: MongoDB error: connect ECONNREFUSED ::1:27017, connect ECONNREFUSED 127.0.0.1:27017
2026-08-13 15:34:19 [error]: ❌ MongoDB connection error (attempt 1): connect ECONNREFUSED ::1:27017, connect ECONNREFUSED 127.0.0.1:27017
2026-08-13 15:34:19 [error]: MongoDB error: connect ECONNREFUSED ::1:27017, connect ECONNREFUSED 127.0.0.1:27017
2026-08-13 15:34:19 [error]: ❌ MongoDB connection error (attempt 1): connect ECONNREFUSED ::1:27017, connect ECONNREFUSED 127.0.0.1:27017
2026-08-13 15:34:19 [error]: MongoDB error: connect ECONNREFUSED ::1:27017, connect ECONNREFUSED 127.0.0.1:27017
2026-08-13 15:34:23 [error]: ❌ MongoDB connection error (attempt 1): connect ECONNREFUSED ::1:27017, connect ECONNREFUSED 127.0.0.1:27017
2026-08-13 15:34:23 [error]: MongoDB error: connect ECONNREFUSED ::1:27017, connect ECONNREFUSED 127.0.0.1:27017
2026-08-13 15:34:23 [error]: ❌ MongoDB connection error (attempt 1): connect ECONNREFUSED ::1:27017, connect ECONNREFUSED 127.0.0.1:27017
2026-08-13 15:34:23 [error]: MongoDB error: connect ECONNREFUSED ::1:27017, connect ECONNREFUSED 127.0.0.1:27017
2026-08-13 15:34:24 [error]: ❌ MongoDB connection error (attempt 1): connect ECONNREFUSED ::1:27017, connect ECONNREFUSED 127.0.0.1:27017
2026-08-13 15:34:24 [error]: MongoDB error: connect ECONNREFUSED ::1:27017, connect ECONNREFUSED 127.0.0.1:27017
2026-08-13 15:34:24 [error]: ❌ MongoDB connection error (attempt 1): connect ECONNREFUSED ::1:27017, connect ECONNREFUSED 127.0.0.1:27017
2026-08-13 15:34:24 [error]: MongoDB error: connect ECONNREFUSED ::1:27017, connect ECONNREFUSED 127.0.0.1:27017
2026-08-13 15:34:28 [error]: ❌ MongoDB connection error (attempt 1): connect ECONNREFUSED ::1:27017, connect ECONNREFUSED 127.0.0.1:27017
2026-08-13 15:34:28 [error]: MongoDB error: connect ECONNREFUSED ::1:27017, connect ECONNREFUSED 127.0.0.1:27017
2026-08-13 15:34:28 [error]: ❌ MongoDB connection error (attempt 1): connect ECONNREFUSED ::1:27017, connect ECONNREFUSED 127.0.0.1:27017
2026-08-13 15:34:28 [error]: MongoDB error: connect ECONNREFUSED ::1:27017, connect ECONNREFUSED 127.0.0.1:27017
2026-08-13 15:34:29 [error]: ❌ MongoDB connection error (attempt 1): connect ECONNREFUSED ::1:27017, connect ECONNREFUSED 127.0.0.1:27017
2026-08-13 15:34:29 [error]: MongoDB error: connect ECONNREFUSED ::1:27017, connect ECONNREFUSED 127.0.0.1:27017
2026-08-13 15:34:29 [error]: ❌ MongoDB connection error (attempt 1): connect ECONNREFUSED ::1:27017, connect ECONNREFUSED 127.0.0.1:27017
2026-08-13 15:34:29 [error]: MongoDB error: connect ECONNREFUSED ::1:27017, connect ECONNREFUSED 127.0.0.1:27017
2026-08-13 15:34:33 [error]: ❌ MongoDB connection error (attempt 1): connect ECONNREFUSED ::1:27017, connect ECONNREFUSED 127.0.0.1:27017
2026-08-13 15:34:33 [error]: MongoDB error: connect ECONNREFUSED ::1:27017, connect ECONNREFUSED 127.0.0.1:27017
2026-08-13 15:34:33 [error]: ❌ MongoDB connection error (attempt 1): connect ECONNREFUSED ::1:27017, connect ECONNREFUSED 127.0.0.1:27017
2026-08-13 15:34:33 [error]: MongoDB error: connect ECONNREFUSED ::1:27017, connect ECONNREFUSED 127.0.0.1:27017
2026-08-13 15:34:34 [error]: ❌ MongoDB connection error (attempt 1): connect ECONNREFUSED ::1:27017, connect ECONNREFUSED 127.0.0.1:27017
2026-08-13 15:34:34 [error]: MongoDB error: connect ECONNREFUSED ::1:27017, connect ECONNREFUSED 127.0.0.1:27017
2026-08-13 15:34:34 [error]: ❌ MongoDB connection error (attempt 1): connect ECONNREFUSED ::1:27017, connect ECONNREFUSED 127.0.0.1:27017
2026-08-13 15:34:34 [error]: MongoDB error: connect ECONNREFUSED ::1:27017, connect ECONNREFUSED 127.0.0.1:27017
2026-08-13 15:34:38 [error]: ❌ MongoDB connection error (attempt 1): connect ECONNREFUSED ::1:27017, connect ECONNREFUSED 127.0.0.1:27017
2026-08-13 15:34:38 [error]: MongoDB error: connect ECONNREFUSED ::1:27017, connect ECONNREFUSED 127.0.0.1:27017
2026-08-13 15:34:38 [error]: ❌ MongoDB connection error (attempt 1): connect ECONNREFUSED ::1:27017, connect ECONNREFUSED 127.0.0.1:27017
2026-08-13 15:34:38 [error]: MongoDB error: connect ECONNREFUSED ::1:27017, connect ECONNREFUSED 127.0.0.1:27017
2026-08-13 15:34:39 [error]: ❌ MongoDB connection error (attempt 1): connect ECONNREFUSED ::1:27017, connect ECONNREFUSED 127.0.0.1:27017
2026-08-13 15:34:39 [error]: MongoDB error: connect ECONNREFUSED ::1:27017, connect ECONNREFUSED 127.0.0.1:27017
2026-08-13 15:34:39 [error]: ❌ MongoDB connection error (attempt 1): connect ECONNREFUSED ::1:27017, connect ECONNREFUSED 127.0.0.1:27017
2026-08-13 15:34:39 [error]: MongoDB error: connect ECONNREFUSED ::1:27017, connect ECONNREFUSED 127.0.0.1:27017
2026-08-13 15:34:43 [error]: ❌ MongoDB connection error (attempt 1): connect ECONNREFUSED ::1:27017, connect ECONNREFUSED 127.0.0.1:27017
2026-08-13 15:34:43 [error]: MongoDB error: connect ECONNREFUSED ::1:27017, connect ECONNREFUSED 127.0.0.1:27017
2026-08-13 15:34:43 [error]: ❌ MongoDB connection error (attempt 1): connect ECONNREFUSED ::1:27017, connect ECONNREFUSED 127.0.0.1:27017
2026-08-13 15:34:43 [error]: MongoDB error: connect ECONNREFUSED ::1:27017, connect ECONNREFUSED 127.0.0.1:27017
2026-08-13 15:34:44 [error]: ❌ MongoDB connection error (attempt 1): connect ECONNREFUSED ::1:27017, connect ECONNREFUSED 127.0.0.1:27017
2026-08-13 15:34:44 [error]: MongoDB error: connect ECONNREFUSED ::1:27017, connect ECONNREFUSED 127.0.0.1:27017
2026-08-13 15:34:44 [error]: ❌ MongoDB connection error (attempt 1): connect ECONNREFUSED ::1:27017, connect ECONNREFUSED 127.0.0.1:27017
2026-08-13 15:34:44 [error]: MongoDB error: connect ECONNREFUSED ::1:27017, connect ECONNREFUSED 127.0.0.1:27017
2026-08-13 15:34:48 [error]: ❌ MongoDB connection error (attempt 1): connect ECONNREFUSED ::1:27017, connect ECONNREFUSED 127.0.0.1:27017
2026-08-13 15:34:48 [error]: MongoDB error: connect ECONNREFUSED ::1:27017, connect ECONNREFUSED 127.0.0.1:27017
2026-08-13 15:34:48 [error]: ❌ MongoDB connection error (attempt 1): connect ECONNREFUSED ::1:27017, connect ECONNREFUSED 127.0.0.1:27017
2026-08-13 15:34:48 [error]: MongoDB error: connect ECONNREFUSED ::1:27017, connect ECONNREFUSED 127.0.0.1:27017
2026-08-13 15:34:49 [error]: ❌ MongoDB connection error (attempt 1): connect ECONNREFUSED ::1:27017, connect ECONNREFUSED 127.0.0.1:27017
2026-08-13 15:34:49 [error]: MongoDB error: connect ECONNREFUSED ::1:27017, connect ECONNREFUSED 127.0.0.1:27017
2026-08-13 15:34:49 [error]: ❌ MongoDB connection error (attempt 1): connect ECONNREFUSED ::1:27017, connect ECONNREFUSED 127.0.0.1:27017
2026-08-13 15:34:49 [error]: MongoDB error: connect ECONNREFUSED ::1:27017, connect ECONNREFUSED 127.0.0.1:27017
2026-08-13 15:34:53 [error]: ❌ MongoDB connection error (attempt 1): connect ECONNREFUSED ::1:27017, connect ECONNREFUSED 127.0.0.1:27017
2026-08-13 15:34:53 [error]: MongoDB error: connect ECONNREFUSED ::1:27017, connect ECONNREFUSED 127.0.0.1:27017
2026-08-13 15:34:53 [error]: ❌ MongoDB connection error (attempt 1): connect ECONNREFUSED ::1:27017, connect ECONNREFUSED 127.0.0.1:27017
2026-08-13 15:34:53 [error]: MongoDB error: connect ECONNREFUSED ::1:27017, connect ECONNREFUSED 127.0.0.1:27017
2026-08-13 15:34:54 [error]: ❌ MongoDB connection error (attempt 1): connect ECONNREFUSED ::1:27017, connect ECONNREFUSED 127.0.0.1:27017
2026-08-13 15:34:54 [error]: MongoDB error: connect ECONNREFUSED ::1:27017, connect ECONNREFUSED 127.0.0.1:27017
2026-08-13 15:34:54 [error]: ❌ MongoDB connection error (attempt 1): connect ECONNREFUSED ::1:27017, connect ECONNREFUSED 127.0.0.1:27017
2026-08-13 15:34:54 [error]: MongoDB error: connect ECONNREFUSED ::1:27017, connect ECONNREFUSED 127.0.0.1:27017
2026-08-13 15:34:58 [error]: ❌ MongoDB connection error (attempt 1): connect ECONNREFUSED ::1:27017, connect ECONNREFUSED 127.0.0.1:27017
2026-08-13 15:34:58 [error]: MongoDB error: connect ECONNREFUSED ::1:27017, connect ECONNREFUSED 127.0.0.1:27017
2026-08-13 15:34:58 [error]: ❌ MongoDB connection error (attempt 1): connect ECONNREFUSED ::1:27017, connect ECONNREFUSED 127.0.0.1:27017
2026-08-13 15:34:58 [error]: MongoDB error: connect ECONNREFUSED ::1:27017, connect ECONNREFUSED 127.0.0.1:27017
2026-08-13 15:34:59 [error]: ❌ MongoDB connection error (attempt 1): connect ECONNREFUSED ::1:27017, connect ECONNREFUSED 127.0.0.1:27017
2026-08-13 15:34:59 [error]: MongoDB error: connect ECONNREFUSED ::1:27017, connect ECONNREFUSED 127.0.0.1:27017
2026-08-13 15:34:59 [error]: ❌ MongoDB connection error (attempt 1): connect ECONNREFUSED ::1:27017, connect ECONNREFUSED 127.0.0.1:27017
2026-08-13 15:34:59 [error]: MongoDB error: connect ECONNREFUSED ::1:27017, connect ECONNREFUSED 127.0.0.1:27017
2026-08-13 15:35:03 [error]: ❌ MongoDB connection error (attempt 1): connect ECONNREFUSED ::1:27017, connect ECONNREFUSED 127.0.0.1:27017
2026-08-13 15:35:03 [error]: MongoDB error: connect ECONNREFUSED ::1:27017, connect ECONNREFUSED 127.0.0.1:27017
2026-08-13 15:35:03 [error]: ❌ MongoDB connection error (attempt 1): connect ECONNREFUSED ::1:27017, connect ECONNREFUSED 127.0.0.1:27017
2026-08-13 15:35:03 [error]: MongoDB error: connect ECONNREFUSED ::1:27017, connect ECONNREFUSED 127.0.0.1:27017
2026-08-13 15:35:04 [error]: ❌ MongoDB connection error (attempt 1): connect ECONNREFUSED ::1:27017, connect ECONNREFUSED 127.0.0.1:27017
2026-08-13 15:35:04 [error]: MongoDB error: connect ECONNREFUSED ::1:27017, connect ECONNREFUSED 127.0.0.1:27017
2026-08-13 15:35:04 [error]: ❌ MongoDB connection error (attempt 1): connect ECONNREFUSED ::1:27017, connect ECONNREFUSED 127.0.0.1:27017
2026-08-13 15:35:04 [error]: MongoDB error: connect ECONNREFUSED ::1:27017, connect ECONNREFUSED 127.0.0.1:27017
2026-08-13 15:35:08 [error]: ❌ MongoDB connection error (attempt 1): connect ECONNREFUSED ::1:27017, connect ECONNREFUSED 127.0.0.1:27017
2026-08-13 15:35:08 [error]: MongoDB error: connect ECONNREFUSED ::1:27017, connect ECONNREFUSED 127.0.0.1:27017
2026-08-13 15:35:08 [error]: ❌ MongoDB connection error (attempt 1): connect ECONNREFUSED ::1:27017, connect ECONNREFUSED 127.0.0.1:27017
2026-08-13 15:35:08 [error]: MongoDB error: connect ECONNREFUSED ::1:27017, connect ECONNREFUSED 127.0.0.1:27017
2026-08-13 15:35:09 [error]: ❌ MongoDB connection error (attempt 1): connect ECONNREFUSED ::1:27017, connect ECONNREFUSED 127.0.0.1:27017
2026-08-13 15:35:09 [error]: MongoDB error: connect ECONNREFUSED ::1:27017, connect ECONNREFUSED 127.0.0.1:27017
2026-08-13 15:35:09 [error]: ❌ MongoDB connection error (attempt 1): connect ECONNREFUSED ::1:27017, connect ECONNREFUSED 127.0.0.1:27017
2026-08-13 15:35:09 [error]: MongoDB error: connect ECONNREFUSED ::1:27017, connect ECONNREFUSED 127.0.0.1:27017
2026-08-13 15:35:13 [error]: ❌ MongoDB connection error (attempt 1): connect ECONNREFUSED ::1:27017, connect ECONNREFUSED 127.0.0.1:27017
2026-08-13 15:35:13 [error]: MongoDB error: connect ECONNREFUSED ::1:27017, connect ECONNREFUSED 127.0.0.1:27017
2026-08-13 15:35:13 [error]: ❌ MongoDB connection error (attempt 1): connect ECONNREFUSED ::1:27017, connect ECONNREFUSED 127.0.0.1:27017
2026-08-13 15:35:13 [error]: MongoDB error: connect ECONNREFUSED ::1:27017, connect ECONNREFUSED 127.0.0.1:27017
2026-08-13 15:35:14 [error]: ❌ MongoDB connection error (attempt 1): connect ECONNREFUSED ::1:27017, connect ECONNREFUSED 127.0.0.1:27017
2026-08-13 15:35:14 [error]: MongoDB error: connect ECONNREFUSED ::1:27017, connect ECONNREFUSED 127.0.0.1:27017
2026-08-13 15:35:14 [error]: ❌ MongoDB connection error (attempt 1): connect ECONNREFUSED ::1:27017, connect ECONNREFUSED 127.0.0.1:27017
2026-08-13 15:35:14 [error]: MongoDB error: connect ECONNREFUSED ::1:27017, connect ECONNREFUSED 127.0.0.1:27017
2026-08-13 15:35:18 [error]: ❌ MongoDB connection error (attempt 1): connect ECONNREFUSED ::1:27017, connect ECONNREFUSED 127.0.0.1:27017
2026-08-13 15:35:18 [error]: MongoDB error: connect ECONNREFUSED ::1:27017, connect ECONNREFUSED 127.0.0.1:27017
2026-08-13 15:35:18 [error]: ❌ MongoDB connection error (attempt 1): connect ECONNREFUSED ::1:27017, connect ECONNREFUSED 127.0.0.1:27017
2026-08-13 15:35:18 [error]: MongoDB error: connect ECONNREFUSED ::1:27017, connect ECONNREFUSED 127.0.0.1:27017
2026-08-13 15:35:19 [error]: ❌ MongoDB connection error (attempt 1): connect ECONNREFUSED ::1:27017, connect ECONNREFUSED 127.0.0.1:27017
2026-08-13 15:35:19 [error]: MongoDB error: connect ECONNREFUSED ::1:27017, connect ECONNREFUSED 127.0.0.1:27017
2026-08-13 15:35:19 [error]: ❌ MongoDB connection error (attempt 1): connect ECONNREFUSED ::1:27017, connect ECONNREFUSED 127.0.0.1:27017
2026-08-13 15:35:19 [error]: MongoDB error: connect ECONNREFUSED ::1:27017, connect ECONNREFUSED 127.0.0.1:27017
2026-08-13 15:35:23 [error]: ❌ MongoDB connection error (attempt 1): connect ECONNREFUSED ::1:27017, connect ECONNREFUSED 127.0.0.1:27017
2026-08-13 15:35:23 [error]: MongoDB error: connect ECONNREFUSED ::1:27017, connect ECONNREFUSED 127.0.0.1:27017
2026-08-13 15:35:23 [error]: ❌ MongoDB connection error (attempt 1): connect ECONNREFUSED ::1:27017, connect ECONNREFUSED 127.0.0.1:27017
2026-08-13 15:35:23 [error]: MongoDB error: connect ECONNREFUSED ::1:27017, connect ECONNREFUSED 127.0.0.1:27017
2026-08-13 15:35:24 [error]: ❌ MongoDB connection error (attempt 1): connect ECONNREFUSED ::1:27017, connect ECONNREFUSED 127.0.0.1:27017
2026-08-13 15:35:24 [error]: MongoDB error: connect ECONNREFUSED ::1:27017, connect ECONNREFUSED 127.0.0.1:27017
2026-08-13 15:35:24 [error]: ❌ MongoDB connection error (attempt 1): connect ECONNREFUSED ::1:27017, connect ECONNREFUSED 127.0.0.1:27017
2026-08-13 15:35:24 [error]: MongoDB error: connect ECONNREFUSED ::1:27017, connect ECONNREFUSED 127.0.0.1:27017
2026-08-13 15:35:28 [error]: ❌ MongoDB connection error (attempt 1): connect ECONNREFUSED ::1:27017, connect ECONNREFUSED 127.0.0.1:27017
2026-08-13 15:35:28 [error]: MongoDB error: connect ECONNREFUSED ::1:27017, connect ECONNREFUSED 127.0.0.1:27017
2026-08-13 15:35:28 [error]: ❌ MongoDB connection error (attempt 1): connect ECONNREFUSED ::1:27017, connect ECONNREFUSED 127.0.0.1:27017
2026-08-13 15:35:28 [error]: MongoDB error: connect ECONNREFUSED ::1:27017, connect ECONNREFUSED 127.0.0.1:27017
2026-08-13 15:35:29 [error]: ❌ MongoDB connection error (attempt 1): connect ECONNREFUSED ::1:27017, connect ECONNREFUSED 127.0.0.1:27017
2026-08-13 15:35:29 [error]: MongoDB error: connect ECONNREFUSED ::1:27017, connect ECONNREFUSED 127.0.0.1:27017
2026-08-13 15:35:29 [error]: ❌ MongoDB connection error (attempt 1): connect ECONNREFUSED ::1:27017, connect ECONNREFUSED 127.0.0.1:27017
2026-08-13 15:35:30 [error]: MongoDB error: connect ECONNREFUSED ::1:27017, connect ECONNREFUSED 127.0.0.1:27017
2026-08-13 15:35:33 [error]: ❌ MongoDB connection error (attempt 1): connect ECONNREFUSED ::1:27017, connect ECONNREFUSED 127.0.0.1:27017
2026-08-13 15:35:33 [error]: MongoDB error: connect ECONNREFUSED ::1:27017, connect ECONNREFUSED 127.0.0.1:27017
2026-08-13 15:35:33 [error]: ❌ MongoDB connection error (attempt 1): connect ECONNREFUSED ::1:27017, connect ECONNREFUSED 127.0.0.1:27017
2026-08-13 15:35:33 [error]: MongoDB error: connect ECONNREFUSED ::1:27017, connect ECONNREFUSED 127.0.0.1:27017
2026-08-13 15:35:35 [error]: ❌ MongoDB connection error (attempt 1): connect ECONNREFUSED ::1:27017, connect ECONNREFUSED 127.0.0.1:27017
2026-08-13 15:35:35 [error]: MongoDB error: connect ECONNREFUSED ::1:27017, connect ECONNREFUSED 127.0.0.1:27017
2026-08-13 15:35:35 [error]: ❌ MongoDB connection error (attempt 1): connect ECONNREFUSED ::1:27017, connect ECONNREFUSED 127.0.0.1:27017
2026-08-13 15:35:35 [error]: MongoDB error: connect ECONNREFUSED ::1:27017, connect ECONNREFUSED 127.0.0.1:27017
2026-08-13 15:35:38 [error]: ❌ MongoDB connection error (attempt 1): connect ECONNREFUSED ::1:27017, connect ECONNREFUSED 127.0.0.1:27017
2026-08-13 15:35:38 [error]: MongoDB error: connect ECONNREFUSED ::1:27017, connect ECONNREFUSED 127.0.0.1:27017
2026-08-13 15:35:38 [error]: ❌ MongoDB connection error (attempt 1): connect ECONNREFUSED ::1:27017, connect ECONNREFUSED 127.0.0.1:27017
2026-08-13 15:35:38 [error]: MongoDB error: connect ECONNREFUSED ::1:27017, connect ECONNREFUSED 127.0.0.1:27017
2026-08-13 15:35:40 [error]: ❌ MongoDB connection error (attempt 1): connect ECONNREFUSED ::1:27017, connect ECONNREFUSED 127.0.0.1:27017
2026-08-13 15:35:40 [error]: MongoDB error: connect ECONNREFUSED ::1:27017, connect ECONNREFUSED 127.0.0.1:27017
2026-08-13 15:35:40 [error]: ❌ MongoDB connection error (attempt 1): connect ECONNREFUSED ::1:27017, connect ECONNREFUSED 127.0.0.1:27017
2026-08-13 15:35:40 [error]: MongoDB error: connect ECONNREFUSED ::1:27017, connect ECONNREFUSED 127.0.0.1:27017
2026-08-13 15:35:43 [error]: ❌ MongoDB connection error (attempt 1): connect ECONNREFUSED ::1:27017, connect ECONNREFUSED 127.0.0.1:27017
2026-08-13 15:35:43 [error]: MongoDB error: connect ECONNREFUSED ::1:27017, connect ECONNREFUSED 127.0.0.1:27017
2026-08-13 15:35:43 [error]: ❌ MongoDB connection error (attempt 1): connect ECONNREFUSED ::1:27017, connect ECONNREFUSED 127.0.0.1:27017
2026-08-13 15:35:43 [error]: MongoDB error: connect ECONNREFUSED ::1:27017, connect ECONNREFUSED 127.0.0.1:27017
2026-08-13 15:35:45 [error]: ❌ MongoDB connection error (attempt 1): connect ECONNREFUSED ::1:27017, connect ECONNREFUSED 127.0.0.1:27017
2026-08-13 15:35:45 [error]: MongoDB error: connect ECONNREFUSED ::1:27017, connect ECONNREFUSED 127.0.0.1:27017
2026-08-13 15:35:45 [error]: ❌ MongoDB connection error (attempt 1): connect ECONNREFUSED ::1:27017, connect ECONNREFUSED 127.0.0.1:27017
2026-08-13 15:35:45 [error]: MongoDB error: connect ECONNREFUSED ::1:27017, connect ECONNREFUSED 127.0.0.1:27017
2026-08-13 15:35:48 [error]: ❌ MongoDB connection error (attempt 1): connect ECONNREFUSED ::1:27017, connect ECONNREFUSED 127.0.0.1:27017
2026-08-13 15:35:48 [error]: MongoDB error: connect ECONNREFUSED ::1:27017, connect ECONNREFUSED 127.0.0.1:27017
2026-08-13 15:35:48 [error]: ❌ MongoDB connection error (attempt 1): connect ECONNREFUSED ::1:27017, connect ECONNREFUSED 127.0.0.1:27017
2026-08-13 15:35:48 [error]: MongoDB error: connect ECONNREFUSED ::1:27017, connect ECONNREFUSED 127.0.0.1:27017
2026-08-13 15:35:50 [error]: ❌ MongoDB connection error (attempt 1): connect ECONNREFUSED ::1:27017, connect ECONNREFUSED 127.0.0.1:27017
2026-08-13 15:35:50 [error]: MongoDB error: connect ECONNREFUSED ::1:27017, connect ECONNREFUSED 127.0.0.1:27017
2026-08-13 15:35:50 [error]: ❌ MongoDB connection error (attempt 1): connect ECONNREFUSED ::1:27017, connect ECONNREFUSED 127.0.0.1:27017
2026-08-13 15:35:50 [error]: MongoDB error: connect ECONNREFUSED ::1:27017, connect ECONNREFUSED 127.0.0.1:27017
2026-08-13 15:35:53 [error]: ❌ MongoDB connection error (attempt 1): connect ECONNREFUSED ::1:27017, connect ECONNREFUSED 127.0.0.1:27017
2026-08-13 15:35:53 [error]: MongoDB error: connect ECONNREFUSED ::1:27017, connect ECONNREFUSED 127.0.0.1:27017
2026-08-13 15:35:53 [error]: ❌ MongoDB connection error (attempt 1): connect ECONNREFUSED ::1:27017, connect ECONNREFUSED 127.0.0.1:27017
2026-08-13 15:35:53 [error]: MongoDB error: connect ECONNREFUSED ::1:27017, connect ECONNREFUSED 127.0.0.1:27017
2026-08-13 15:35:55 [error]: ❌ MongoDB connection error (attempt 1): connect ECONNREFUSED ::1:27017, connect ECONNREFUSED 127.0.0.1:27017
2026-08-13 15:35:55 [error]: MongoDB error: connect ECONNREFUSED ::1:27017, connect ECONNREFUSED 127.0.0.1:27017
2026-08-13 15:35:55 [error]: ❌ MongoDB connection error (attempt 1): connect ECONNREFUSED ::1:27017, connect ECONNREFUSED 127.0.0.1:27017
2026-08-13 15:35:55 [error]: MongoDB error: connect ECONNREFUSED ::1:27017, connect ECONNREFUSED 127.0.0.1:27017
2026-08-13 15:35:58 [error]: ❌ MongoDB connection error (attempt 1): connect ECONNREFUSED ::1:27017, connect ECONNREFUSED 127.0.0.1:27017
2026-08-13 15:35:58 [error]: MongoDB error: connect ECONNREFUSED ::1:27017, connect ECONNREFUSED 127.0.0.1:27017
2026-08-13 15:35:58 [error]: ❌ MongoDB connection error (attempt 1): connect ECONNREFUSED ::1:27017, connect ECONNREFUSED 127.0.0.1:27017
2026-08-13 15:35:58 [error]: MongoDB error: connect ECONNREFUSED ::1:27017, connect ECONNREFUSED 127.0.0.1:27017
2026-08-13 15:36:00 [error]: ❌ MongoDB connection error (attempt 1): connect ECONNREFUSED ::1:27017, connect ECONNREFUSED 127.0.0.1:27017
2026-08-13 15:36:00 [error]: MongoDB error: connect ECONNREFUSED ::1:27017, connect ECONNREFUSED 127.0.0.1:27017
2026-08-13 15:36:00 [error]: ❌ MongoDB connection error (attempt 1): connect ECONNREFUSED ::1:27017, connect ECONNREFUSED 127.0.0.1:27017
2026-08-13 15:36:00 [error]: MongoDB error: connect ECONNREFUSED ::1:27017, connect ECONNREFUSED 127.0.0.1:27017
2026-08-13 15:36:03 [error]: ❌ MongoDB connection error (attempt 1): connect ECONNREFUSED ::1:27017, connect ECONNREFUSED 127.0.0.1:27017
2026-08-13 15:36:03 [error]: MongoDB error: connect ECONNREFUSED ::1:27017, connect ECONNREFUSED 127.0.0.1:27017
2026-08-13 15:36:03 [error]: ❌ MongoDB connection error (attempt 1): connect ECONNREFUSED ::1:27017, connect ECONNREFUSED 127.0.0.1:27017
2026-08-13 15:36:03 [error]: MongoDB error: connect ECONNREFUSED ::1:27017, connect ECONNREFUSED 127.0.0.1:27017
2026-08-13 15:36:05 [error]: ❌ MongoDB connection error (attempt 1): connect ECONNREFUSED ::1:27017, connect ECONNREFUSED 127.0.0.1:27017
2026-08-13 15:36:05 [error]: MongoDB error: connect ECONNREFUSED ::1:27017, connect ECONNREFUSED 127.0.0.1:27017
2026-08-13 15:36:05 [error]: ❌ MongoDB connection error (attempt 1): connect ECONNREFUSED ::1:27017, connect ECONNREFUSED 127.0.0.1:27017
2026-08-13 15:36:05 [error]: MongoDB error: connect ECONNREFUSED ::1:27017, connect ECONNREFUSED 127.0.0.1:27017
2026-08-13 15:36:08 [error]: ❌ MongoDB connection error (attempt 1): connect ECONNREFUSED ::1:27017, connect ECONNREFUSED 127.0.0.1:27017
2026-08-13 15:36:08 [error]: MongoDB error: connect ECONNREFUSED ::1:27017, connect ECONNREFUSED 127.0.0.1:27017
2026-08-13 15:36:08 [error]: ❌ MongoDB connection error (attempt 1): connect ECONNREFUSED ::1:27017, connect ECONNREFUSED 127.0.0.1:27017
2026-08-13 15:36:08 [error]: MongoDB error: connect ECONNREFUSED ::1:27017, connect ECONNREFUSED 127.0.0.1:27017
2026-08-13 15:36:10 [error]: ❌ MongoDB connection error (attempt 1): connect ECONNREFUSED ::1:27017, connect ECONNREFUSED 127.0.0.1:27017
2026-08-13 15:36:10 [error]: MongoDB error: connect ECONNREFUSED ::1:27017, connect ECONNREFUSED 127.0.0.1:27017
2026-08-13 15:36:10 [error]: ❌ MongoDB connection error (attempt 1): connect ECONNREFUSED ::1:27017, connect ECONNREFUSED 127.0.0.1:27017
2026-08-13 15:36:10 [error]: MongoDB error: connect ECONNREFUSED ::1:27017, connect ECONNREFUSED 127.0.0.1:27017
2026-08-13 15:36:13 [error]: ❌ MongoDB connection error (attempt 1): connect ECONNREFUSED ::1:27017, connect ECONNREFUSED 127.0.0.1:27017
2026-08-13 15:36:13 [error]: MongoDB error: connect ECONNREFUSED ::1:27017, connect ECONNREFUSED 127.0.0.1:27017
2026-08-13 15:36:13 [error]: ❌ MongoDB connection error (attempt 1): connect ECONNREFUSED ::1:27017, connect ECONNREFUSED 127.0.0.1:27017
2026-08-13 15:36:13 [error]: MongoDB error: connect ECONNREFUSED ::1:27017, connect ECONNREFUSED 127.0.0.1:27017
2026-08-13 15:36:15 [error]: ❌ MongoDB connection error (attempt 1): connect ECONNREFUSED ::1:27017, connect ECONNREFUSED 127.0.0.1:27017
2026-08-13 15:36:15 [error]: MongoDB error: connect ECONNREFUSED ::1:27017, connect ECONNREFUSED 127.0.0.1:27017
2026-08-13 15:36:15 [error]: ❌ MongoDB connection error (attempt 1): connect ECONNREFUSED ::1:27017, connect ECONNREFUSED 127.0.0.1:27017
2026-08-13 15:36:15 [error]: MongoDB error: connect ECONNREFUSED ::1:27017, connect ECONNREFUSED 127.0.0.1:27017
2026-08-13 15:36:18 [error]: ❌ MongoDB connection error (attempt 1): connect ECONNREFUSED ::1:27017, connect ECONNREFUSED 127.0.0.1:27017
2026-08-13 15:36:18 [error]: MongoDB error: connect ECONNREFUSED ::1:27017, connect ECONNREFUSED 127.0.0.1:27017
2026-08-13 15:36:18 [error]: ❌ MongoDB connection error (attempt 1): connect ECONNREFUSED ::1:27017, connect ECONNREFUSED 127.0.0.1:27017
2026-08-13 15:36:18 [error]: MongoDB error: connect ECONNREFUSED ::1:27017, connect ECONNREFUSED 127.0.0.1:27017
2026-08-13 15:36:20 [error]: ❌ MongoDB connection error (attempt 1): connect ECONNREFUSED ::1:27017, connect ECONNREFUSED 127.0.0.1:27017
2026-08-13 15:36:20 [error]: MongoDB error: connect ECONNREFUSED ::1:27017, connect ECONNREFUSED 127.0.0.1:27017
2026-08-13 15:36:20 [error]: ❌ MongoDB connection error (attempt 1): connect ECONNREFUSED ::1:27017, connect ECONNREFUSED 127.0.0.1:27017
2026-08-13 15:36:20 [error]: MongoDB error: connect ECONNREFUSED ::1:27017, connect ECONNREFUSED 127.0.0.1:27017
2026-08-13 15:36:23 [error]: ❌ MongoDB connection error (attempt 1): connect ECONNREFUSED ::1:27017, connect ECONNREFUSED 127.0.0.1:27017
2026-08-13 15:36:23 [error]: MongoDB error: connect ECONNREFUSED ::1:27017, connect ECONNREFUSED 127.0.0.1:27017
2026-08-13 15:36:23 [error]: ❌ MongoDB connection error (attempt 1): connect ECONNREFUSED ::1:27017, connect ECONNREFUSED 127.0.0.1:27017
2026-08-13 15:36:23 [error]: MongoDB error: connect ECONNREFUSED ::1:27017, connect ECONNREFUSED 127.0.0.1:27017
2026-08-13 15:36:25 [error]: ❌ MongoDB connection error (attempt 1): connect ECONNREFUSED ::1:27017, connect ECONNREFUSED 127.0.0.1:27017
2026-08-13 15:36:25 [error]: MongoDB error: connect ECONNREFUSED ::1:27017, connect ECONNREFUSED 127.0.0.1:27017
2026-08-13 15:36:25 [error]: ❌ MongoDB connection error (attempt 1): connect ECONNREFUSED ::1:27017, connect ECONNREFUSED 127.0.0.1:27017
2026-08-13 15:36:25 [error]: MongoDB error: connect ECONNREFUSED ::1:27017, connect ECONNREFUSED 127.0.0.1:27017
2026-08-13 15:36:28 [error]: ❌ MongoDB connection error (attempt 1): connect ECONNREFUSED ::1:27017, connect ECONNREFUSED 127.0.0.1:27017
2026-08-13 15:36:28 [error]: MongoDB error: connect ECONNREFUSED ::1:27017, connect ECONNREFUSED 127.0.0.1:27017
2026-08-13 15:36:28 [error]: ❌ MongoDB connection error (attempt 1): connect ECONNREFUSED ::1:27017, connect ECONNREFUSED 127.0.0.1:27017
2026-08-13 15:36:28 [error]: MongoDB error: connect ECONNREFUSED ::1:27017, connect ECONNREFUSED 127.0.0.1:27017
2026-08-13 15:36:30 [error]: ❌ MongoDB connection error (attempt 1): connect ECONNREFUSED ::1:27017, connect ECONNREFUSED 127.0.0.1:27017
2026-08-13 15:36:30 [error]: MongoDB error: connect ECONNREFUSED ::1:27017, connect ECONNREFUSED 127.0.0.1:27017
2026-08-13 15:36:30 [error]: ❌ MongoDB connection error (attempt 1): connect ECONNREFUSED ::1:27017, connect ECONNREFUSED 127.0.0.1:27017
2026-08-13 15:36:30 [error]: MongoDB error: connect ECONNREFUSED ::1:27017, connect ECONNREFUSED 127.0.0.1:27017
2026-08-13 15:36:33 [error]: ❌ MongoDB connection error (attempt 1): connect ECONNREFUSED ::1:27017, connect ECONNREFUSED 127.0.0.1:27017
2026-08-13 15:36:33 [error]: MongoDB error: connect ECONNREFUSED ::1:27017, connect ECONNREFUSED 127.0.0.1:27017
2026-08-13 15:36:33 [error]: ❌ MongoDB connection error (attempt 1): connect ECONNREFUSED ::1:27017, connect ECONNREFUSED 127.0.0.1:27017
2026-08-13 15:36:33 [error]: MongoDB error: connect ECONNREFUSED ::1:27017, connect ECONNREFUSED 127.0.0.1:27017
2026-08-13 15:36:35 [error]: ❌ MongoDB connection error (attempt 1): connect ECONNREFUSED ::1:27017, connect ECONNREFUSED 127.0.0.1:27017
2026-08-13 15:36:35 [error]: MongoDB error: connect ECONNREFUSED ::1:27017, connect ECONNREFUSED 127.0.0.1:27017
2026-08-13 15:36:35 [error]: ❌ MongoDB connection error (attempt 1): connect ECONNREFUSED ::1:27017, connect ECONNREFUSED 127.0.0.1:27017
2026-08-13 15:36:35 [error]: MongoDB error: connect ECONNREFUSED ::1:27017, connect ECONNREFUSED 127.0.0.1:27017
2026-08-13 15:36:38 [error]: ❌ MongoDB connection error (attempt 1): connect ECONNREFUSED ::1:27017, connect ECONNREFUSED 127.0.0.1:27017
2026-08-13 15:36:38 [error]: MongoDB error: connect ECONNREFUSED ::1:27017, connect ECONNREFUSED 127.0.0.1:27017
2026-08-13 15:36:38 [error]: ❌ MongoDB connection error (attempt 1): connect ECONNREFUSED ::1:27017, connect ECONNREFUSED 127.0.0.1:27017
2026-08-13 15:36:38 [error]: MongoDB error: connect ECONNREFUSED ::1:27017, connect ECONNREFUSED 127.0.0.1:27017
2026-08-13 15:36:40 [error]: ❌ MongoDB connection error (attempt 1): connect ECONNREFUSED ::1:27017, connect ECONNREFUSED 127.0.0.1:27017
2026-08-13 15:36:40 [error]: MongoDB error: connect ECONNREFUSED ::1:27017, connect ECONNREFUSED 127.0.0.1:27017
2026-08-13 15:36:40 [error]: ❌ MongoDB connection error (attempt 1): connect ECONNREFUSED ::1:27017, connect ECONNREFUSED 127.0.0.1:27017
2026-08-13 15:36:40 [error]: MongoDB error: connect ECONNREFUSED ::1:27017, connect ECONNREFUSED 127.0.0.1:27017
2026-08-13 15:36:43 [error]: ❌ MongoDB connection error (attempt 1): connect ECONNREFUSED ::1:27017, connect ECONNREFUSED 127.0.0.1:27017
2026-08-13 15:36:43 [error]: MongoDB error: connect ECONNREFUSED ::1:27017, connect ECONNREFUSED 127.0.0.1:27017
2026-08-13 15:36:43 [error]: ❌ MongoDB connection error (attempt 1): connect ECONNREFUSED ::1:27017, connect ECONNREFUSED 127.0.0.1:27017
2026-08-13 15:36:43 [error]: MongoDB error: connect ECONNREFUSED ::1:27017, connect ECONNREFUSED 127.0.0.1:27017
2026-08-13 15:36:45 [error]: ❌ MongoDB connection error (attempt 1): connect ECONNREFUSED ::1:27017, connect ECONNREFUSED 127.0.0.1:27017
2026-08-13 15:36:45 [error]: MongoDB error: connect ECONNREFUSED ::1:27017, connect ECONNREFUSED 127.0.0.1:27017
2026-08-13 15:36:45 [error]: ❌ MongoDB connection error (attempt 1): connect ECONNREFUSED ::1:27017, connect ECONNREFUSED 127.0.0.1:27017
2026-08-13 15:36:45 [error]: MongoDB error: connect ECONNREFUSED ::1:27017, connect ECONNREFUSED 127.0.0.1:27017
2026-08-13 15:36:48 [error]: ❌ MongoDB connection error (attempt 1): connect ECONNREFUSED ::1:27017, connect ECONNREFUSED 127.0.0.1:27017
2026-08-13 15:36:48 [error]: MongoDB error: connect ECONNREFUSED ::1:27017, connect ECONNREFUSED 127.0.0.1:27017
2026-08-13 15:36:48 [error]: ❌ MongoDB connection error (attempt 1): connect ECONNREFUSED ::1:27017, connect ECONNREFUSED 127.0.0.1:27017
2026-08-13 15:36:48 [error]: MongoDB error: connect ECONNREFUSED ::1:27017, connect ECONNREFUSED 127.0.0.1:27017
2026-08-13 15:36:50 [error]: ❌ MongoDB connection error (attempt 1): connect ECONNREFUSED ::1:27017, connect ECONNREFUSED 127.0.0.1:27017
2026-08-13 15:36:50 [error]: MongoDB error: connect ECONNREFUSED ::1:27017, connect ECONNREFUSED 127.0.0.1:27017
2026-08-13 15:36:50 [error]: ❌ MongoDB connection error (attempt 1): connect ECONNREFUSED ::1:27017, connect ECONNREFUSED 127.0.0.1:27017
2026-08-13 15:36:50 [error]: MongoDB error: connect ECONNREFUSED ::1:27017, connect ECONNREFUSED 127.0.0.1:27017
2026-08-13 15:36:53 [error]: ❌ MongoDB connection error (attempt 1): connect ECONNREFUSED ::1:27017, connect ECONNREFUSED 127.0.0.1:27017
2026-08-13 15:36:53 [error]: MongoDB error: connect ECONNREFUSED ::1:27017, connect ECONNREFUSED 127.0.0.1:27017
2026-08-13 15:36:53 [error]: ❌ MongoDB connection error (attempt 1): connect ECONNREFUSED ::1:27017, connect ECONNREFUSED 127.0.0.1:27017
2026-08-13 15:36:53 [error]: MongoDB error: connect ECONNREFUSED ::1:27017, connect ECONNREFUSED 127.0.0.1:27017
2026-08-13 15:36:55 [error]: ❌ MongoDB connection error (attempt 1): connect ECONNREFUSED ::1:27017, connect ECONNREFUSED 127.0.0.1:27017
2026-08-13 15:36:55 [error]: MongoDB error: connect ECONNREFUSED ::1:27017, connect ECONNREFUSED 127.0.0.1:27017
2026-08-13 15:36:55 [error]: ❌ MongoDB connection error (attempt 1): connect ECONNREFUSED ::1:27017, connect ECONNREFUSED 127.0.0.1:27017
2026-08-13 15:36:55 [error]: MongoDB error: connect ECONNREFUSED ::1:27017, connect ECONNREFUSED 127.0.0.1:27017
2026-08-13 15:36:58 [error]: ❌ MongoDB connection error (attempt 1): connect ECONNREFUSED ::1:27017, connect ECONNREFUSED 127.0.0.1:27017
2026-08-13 15:36:58 [error]: MongoDB error: connect ECONNREFUSED ::1:27017, connect ECONNREFUSED 127.0.0.1:27017
2026-08-13 15:36:58 [error]: ❌ MongoDB connection error (attempt 1): connect ECONNREFUSED ::1:27017, connect ECONNREFUSED 127.0.0.1:27017
2026-08-13 15:36:58 [error]: MongoDB error: connect ECONNREFUSED ::1:27017, connect ECONNREFUSED 127.0.0.1:27017
2026-08-13 15:37:00 [error]: ❌ MongoDB connection error (attempt 1): connect ECONNREFUSED ::1:27017, connect ECONNREFUSED 127.0.0.1:27017
2026-08-13 15:37:00 [error]: MongoDB error: connect ECONNREFUSED ::1:27017, connect ECONNREFUSED 127.0.0.1:27017
2026-08-13 15:37:00 [error]: ❌ MongoDB connection error (attempt 1): connect ECONNREFUSED ::1:27017, connect ECONNREFUSED 127.0.0.1:27017
2026-08-13 15:37:00 [error]: MongoDB error: connect ECONNREFUSED ::1:27017, connect ECONNREFUSED 127.0.0.1:27017
2026-08-13 15:37:03 [error]: ❌ MongoDB connection error (attempt 1): connect ECONNREFUSED ::1:27017, connect ECONNREFUSED 127.0.0.1:27017
2026-08-13 15:37:03 [error]: MongoDB error: connect ECONNREFUSED ::1:27017, connect ECONNREFUSED 127.0.0.1:27017
2026-08-13 15:37:03 [error]: ❌ MongoDB connection error (attempt 1): connect ECONNREFUSED ::1:27017, connect ECONNREFUSED 127.0.0.1:27017
2026-08-13 15:37:03 [error]: MongoDB error: connect ECONNREFUSED ::1:27017, connect ECONNREFUSED 127.0.0.1:27017
2026-08-13 15:37:05 [error]: ❌ MongoDB connection error (attempt 1): connect ECONNREFUSED ::1:27017, connect ECONNREFUSED 127.0.0.1:27017
2026-08-13 15:37:05 [error]: MongoDB error: connect ECONNREFUSED ::1:27017, connect ECONNREFUSED 127.0.0.1:27017
2026-08-13 15:37:05 [error]: ❌ MongoDB connection error (attempt 1): connect ECONNREFUSED ::1:27017, connect ECONNREFUSED 127.0.0.1:27017
2026-08-13 15:37:05 [error]: MongoDB error: connect ECONNREFUSED ::1:27017, connect ECONNREFUSED 127.0.0.1:27017
2026-08-13 15:37:08 [error]: ❌ MongoDB connection error (attempt 1): connect ECONNREFUSED ::1:27017, connect ECONNREFUSED 127.0.0.1:27017
2026-08-13 15:37:08 [error]: MongoDB error: connect ECONNREFUSED ::1:27017, connect ECONNREFUSED 127.0.0.1:27017
2026-08-13 15:37:08 [error]: ❌ MongoDB connection error (attempt 1): connect ECONNREFUSED ::1:27017, connect ECONNREFUSED 127.0.0.1:27017
2026-08-13 15:37:08 [error]: MongoDB error: connect ECONNREFUSED ::1:27017, connect ECONNREFUSED 127.0.0.1:27017
2026-08-13 15:37:10 [error]: ❌ MongoDB connection error (attempt 1): connect ECONNREFUSED ::1:27017, connect ECONNREFUSED 127.0.0.1:27017
2026-08-13 15:37:10 [error]: MongoDB error: connect ECONNREFUSED ::1:27017, connect ECONNREFUSED 127.0.0.1:27017
2026-08-13 15:37:10 [error]: ❌ MongoDB connection error (attempt 1): connect ECONNREFUSED ::1:27017, connect ECONNREFUSED 127.0.0.1:27017
2026-08-13 15:37:10 [error]: MongoDB error: connect ECONNREFUSED ::1:27017, connect ECONNREFUSED 127.0.0.1:27017
2026-08-13 15:37:13 [error]: ❌ MongoDB connection error (attempt 1): connect ECONNREFUSED ::1:27017, connect ECONNREFUSED 127.0.0.1:27017
2026-08-13 15:37:13 [error]: MongoDB error: connect ECONNREFUSED ::1:27017, connect ECONNREFUSED 127.0.0.1:27017
2026-08-13 15:37:13 [error]: ❌ MongoDB connection error (attempt 1): connect ECONNREFUSED ::1:27017, connect ECONNREFUSED 127.0.0.1:27017
2026-08-13 15:37:13 [error]: MongoDB error: connect ECONNREFUSED ::1:27017, connect ECONNREFUSED 127.0.0.1:27017
2026-08-13 15:37:15 [error]: ❌ MongoDB connection error (attempt 1): connect ECONNREFUSED ::1:27017, connect ECONNREFUSED 127.0.0.1:27017
2026-08-13 15:37:15 [error]: MongoDB error: connect ECONNREFUSED ::1:27017, connect ECONNREFUSED 127.0.0.1:27017
2026-08-13 15:37:15 [error]: ❌ MongoDB connection error (attempt 1): connect ECONNREFUSED ::1:27017, connect ECONNREFUSED 127.0.0.1:27017
2026-08-13 15:37:15 [error]: MongoDB error: connect ECONNREFUSED ::1:27017, connect ECONNREFUSED 127.0.0.1:27017
2026-08-13 15:37:18 [error]: ❌ MongoDB connection error (attempt 1): connect ECONNREFUSED ::1:27017, connect ECONNREFUSED 127.0.0.1:27017
2026-08-13 15:37:18 [error]: MongoDB error: connect ECONNREFUSED ::1:27017, connect ECONNREFUSED 127.0.0.1:27017
2026-08-13 15:37:18 [error]: ❌ MongoDB connection error (attempt 1): connect ECONNREFUSED ::1:27017, connect ECONNREFUSED 127.0.0.1:27017
2026-08-13 15:37:18 [error]: MongoDB error: connect ECONNREFUSED ::1:27017, connect ECONNREFUSED 127.0.0.1:27017
2026-08-13 15:37:20 [error]: ❌ MongoDB connection error (attempt 1): connect ECONNREFUSED ::1:27017, connect ECONNREFUSED 127.0.0.1:27017
2026-08-13 15:37:20 [error]: MongoDB error: connect ECONNREFUSED ::1:27017, connect ECONNREFUSED 127.0.0.1:27017
2026-08-13 15:37:20 [error]: ❌ MongoDB connection error (attempt 1): connect ECONNREFUSED ::1:27017, connect ECONNREFUSED 127.0.0.1:27017
2026-08-13 15:37:20 [error]: MongoDB error: connect ECONNREFUSED ::1:27017, connect ECONNREFUSED 127.0.0.1:27017
2026-08-13 15:37:23 [error]: ❌ MongoDB connection error (attempt 1): connect ECONNREFUSED ::1:27017, connect ECONNREFUSED 127.0.0.1:27017
2026-08-13 15:37:23 [error]: MongoDB error: connect ECONNREFUSED ::1:27017, connect ECONNREFUSED 127.0.0.1:27017
2026-08-13 15:37:23 [error]: ❌ MongoDB connection error (attempt 1): connect ECONNREFUSED ::1:27017, connect ECONNREFUSED 127.0.0.1:27017
2026-08-13 15:37:23 [error]: MongoDB error: connect ECONNREFUSED ::1:27017, connect ECONNREFUSED 127.0.0.1:27017
2026-08-13 15:37:25 [error]: ❌ MongoDB connection error (attempt 1): connect ECONNREFUSED ::1:27017, connect ECONNREFUSED 127.0.0.1:27017
2026-08-13 15:37:25 [error]: MongoDB error: connect ECONNREFUSED ::1:27017, connect ECONNREFUSED 127.0.0.1:27017
2026-08-13 15:37:25 [error]: ❌ MongoDB connection error (attempt 1): connect ECONNREFUSED ::1:27017, connect ECONNREFUSED 127.0.0.1:27017
2026-08-13 15:37:25 [error]: MongoDB error: connect ECONNREFUSED ::1:27017, connect ECONNREFUSED 127.0.0.1:27017
2026-08-13 15:37:28 [error]: ❌ MongoDB connection error (attempt 1): connect ECONNREFUSED ::1:27017, connect ECONNREFUSED 127.0.0.1:27017
2026-08-13 15:37:28 [error]: MongoDB error: connect ECONNREFUSED ::1:27017, connect ECONNREFUSED 127.0.0.1:27017
2026-08-13 15:37:28 [error]: ❌ MongoDB connection error (attempt 1): connect ECONNREFUSED ::1:27017, connect ECONNREFUSED 127.0.0.1:27017
2026-08-13 15:37:28 [error]: MongoDB error: connect ECONNREFUSED ::1:27017, connect ECONNREFUSED 127.0.0.1:27017
2026-08-13 15:37:30 [error]: ❌ MongoDB connection error (attempt 1): connect ECONNREFUSED ::1:27017, connect ECONNREFUSED 127.0.0.1:27017
2026-08-13 15:37:30 [error]: MongoDB error: connect ECONNREFUSED ::1:27017, connect ECONNREFUSED 127.0.0.1:27017
2026-08-13 15:37:30 [error]: ❌ MongoDB connection error (attempt 1): connect ECONNREFUSED ::1:27017, connect ECONNREFUSED 127.0.0.1:27017
2026-08-13 15:37:30 [error]: MongoDB error: connect ECONNREFUSED ::1:27017, connect ECONNREFUSED 127.0.0.1:27017
2026-08-13 15:37:33 [error]: ❌ MongoDB connection error (attempt 1): connect ECONNREFUSED ::1:27017, connect ECONNREFUSED 127.0.0.1:27017
2026-08-13 15:37:33 [error]: MongoDB error: connect ECONNREFUSED ::1:27017, connect ECONNREFUSED 127.0.0.1:27017
2026-08-13 15:37:33 [error]: ❌ MongoDB connection error (attempt 1): connect ECONNREFUSED ::1:27017, connect ECONNREFUSED 127.0.0.1:27017
2026-08-13 15:37:33 [error]: MongoDB error: connect ECONNREFUSED ::1:27017, connect ECONNREFUSED 127.0.0.1:27017
2026-08-13 15:37:35 [error]: ❌ MongoDB connection error (attempt 1): connect ECONNREFUSED ::1:27017, connect ECONNREFUSED 127.0.0.1:27017
2026-08-13 15:37:35 [error]: MongoDB error: connect ECONNREFUSED ::1:27017, connect ECONNREFUSED 127.0.0.1:27017
2026-08-13 15:37:35 [error]: ❌ MongoDB connection error (attempt 1): connect ECONNREFUSED ::1:27017, connect ECONNREFUSED 127.0.0.1:27017
2026-08-13 15:37:35 [error]: MongoDB error: connect ECONNREFUSED ::1:27017, connect ECONNREFUSED 127.0.0.1:27017
2026-08-13 15:37:38 [error]: ❌ MongoDB connection error (attempt 1): connect ECONNREFUSED ::1:27017, connect ECONNREFUSED 127.0.0.1:27017
2026-08-13 15:37:38 [error]: MongoDB error: connect ECONNREFUSED ::1:27017, connect ECONNREFUSED 127.0.0.1:27017
2026-08-13 15:37:38 [error]: ❌ MongoDB connection error (attempt 1): connect ECONNREFUSED ::1:27017, connect ECONNREFUSED 127.0.0.1:27017
2026-08-13 15:37:38 [error]: MongoDB error: connect ECONNREFUSED ::1:27017, connect ECONNREFUSED 127.0.0.1:27017
2026-08-13 15:37:40 [error]: ❌ MongoDB connection error (attempt 1): connect ECONNREFUSED ::1:27017, connect ECONNREFUSED 127.0.0.1:27017
2026-08-13 15:37:40 [error]: MongoDB error: connect ECONNREFUSED ::1:27017, connect ECONNREFUSED 127.0.0.1:27017
2026-08-13 15:37:40 [error]: ❌ MongoDB connection error (attempt 1): connect ECONNREFUSED ::1:27017, connect ECONNREFUSED 127.0.0.1:27017
2026-08-13 15:37:40 [error]: MongoDB error: connect ECONNREFUSED ::1:27017, connect ECONNREFUSED 127.0.0.1:27017
2026-08-13 15:37:43 [error]: ❌ MongoDB connection error (attempt 1): connect ECONNREFUSED ::1:27017, connect ECONNREFUSED 127.0.0.1:27017
2026-08-13 15:37:43 [error]: MongoDB error: connect ECONNREFUSED ::1:27017, connect ECONNREFUSED 127.0.0.1:27017
2026-08-13 15:37:43 [error]: ❌ MongoDB connection error (attempt 1): connect ECONNREFUSED ::1:27017, connect ECONNREFUSED 127.0.0.1:27017
2026-08-13 15:37:43 [error]: MongoDB error: connect ECONNREFUSED ::1:27017, connect ECONNREFUSED 127.0.0.1:27017
2026-08-13 15:37:45 [error]: ❌ MongoDB connection error (attempt 1): connect ECONNREFUSED ::1:27017, connect ECONNREFUSED 127.0.0.1:27017
2026-08-13 15:37:45 [error]: MongoDB error: connect ECONNREFUSED ::1:27017, connect ECONNREFUSED 127.0.0.1:27017
2026-08-13 15:37:45 [error]: ❌ MongoDB connection error (attempt 1): connect ECONNREFUSED ::1:27017, connect ECONNREFUSED 127.0.0.1:27017
2026-08-13 15:37:45 [error]: MongoDB error: connect ECONNREFUSED ::1:27017, connect ECONNREFUSED 127.0.0.1:27017
2026-08-13 15:37:48 [error]: ❌ MongoDB connection error (attempt 1): connect ECONNREFUSED ::1:27017, connect ECONNREFUSED 127.0.0.1:27017
2026-08-13 15:37:48 [error]: MongoDB error: connect ECONNREFUSED ::1:27017, connect ECONNREFUSED 127.0.0.1:27017
2026-08-13 15:37:48 [error]: ❌ MongoDB connection error (attempt 1): connect ECONNREFUSED ::1:27017, connect ECONNREFUSED 127.0.0.1:27017
2026-08-13 15:37:48 [error]: MongoDB error: connect ECONNREFUSED ::1:27017, connect ECONNREFUSED 127.0.0.1:27017
2026-08-13 15:37:50 [error]: ❌ MongoDB connection error (attempt 1): connect ECONNREFUSED ::1:27017, connect ECONNREFUSED 127.0.0.1:27017
2026-08-13 15:37:50 [error]: MongoDB error: connect ECONNREFUSED ::1:27017, connect ECONNREFUSED 127.0.0.1:27017
2026-08-13 15:37:50 [error]: ❌ MongoDB connection error (attempt 1): connect ECONNREFUSED ::1:27017, connect ECONNREFUSED 127.0.0.1:27017
2026-08-13 15:37:50 [error]: MongoDB error: connect ECONNREFUSED ::1:27017, connect ECONNREFUSED 127.0.0.1:27017
2026-08-13 15:37:53 [error]: ❌ MongoDB connection error (attempt 1): connect ECONNREFUSED ::1:27017, connect ECONNREFUSED 127.0.0.1:27017
2026-08-13 15:37:53 [error]: MongoDB error: connect ECONNREFUSED ::1:27017, connect ECONNREFUSED 127.0.0.1:27017
2026-08-13 15:37:53 [error]: ❌ MongoDB connection error (attempt 1): connect ECONNREFUSED ::1:27017, connect ECONNREFUSED 127.0.0.1:27017
2026-08-13 15:37:53 [error]: MongoDB error: connect ECONNREFUSED ::1:27017, connect ECONNREFUSED 127.0.0.1:27017
2026-08-13 15:37:55 [error]: ❌ MongoDB connection error (attempt 1): connect ECONNREFUSED ::1:27017, connect ECONNREFUSED 127.0.0.1:27017
2026-08-13 15:37:55 [error]: MongoDB error: connect ECONNREFUSED ::1:27017, connect ECONNREFUSED 127.0.0.1:27017
2026-08-13 15:37:55 [error]: ❌ MongoDB connection error (attempt 1): connect ECONNREFUSED ::1:27017, connect ECONNREFUSED 127.0.0.1:27017
2026-08-13 15:37:55 [error]: MongoDB error: connect ECONNREFUSED ::1:27017, connect ECONNREFUSED 127.0.0.1:27017
2026-08-13 15:37:58 [error]: ❌ MongoDB connection error (attempt 1): connect ECONNREFUSED ::1:27017, connect ECONNREFUSED 127.0.0.1:27017
2026-08-13 15:37:58 [error]: MongoDB error: connect ECONNREFUSED ::1:27017, connect ECONNREFUSED 127.0.0.1:27017
2026-08-13 15:37:58 [error]: ❌ MongoDB connection error (attempt 1): connect ECONNREFUSED ::1:27017, connect ECONNREFUSED 127.0.0.1:27017
2026-08-13 15:37:58 [error]: MongoDB error: connect ECONNREFUSED ::1:27017, connect ECONNREFUSED 127.0.0.1:27017
2026-08-13 15:38:00 [error]: ❌ MongoDB connection error (attempt 1): connect ECONNREFUSED ::1:27017, connect ECONNREFUSED 127.0.0.1:27017
2026-08-13 15:38:00 [error]: MongoDB error: connect ECONNREFUSED ::1:27017, connect ECONNREFUSED 127.0.0.1:27017
2026-08-13 15:38:00 [error]: ❌ MongoDB connection error (attempt 1): connect ECONNREFUSED ::1:27017, connect ECONNREFUSED 127.0.0.1:27017
2026-08-13 15:38:00 [error]: MongoDB error: connect ECONNREFUSED ::1:27017, connect ECONNREFUSED 127.0.0.1:27017
2026-08-13 15:38:03 [error]: ❌ MongoDB connection error (attempt 1): connect ECONNREFUSED ::1:27017, connect ECONNREFUSED 127.0.0.1:27017
2026-08-13 15:38:03 [error]: MongoDB error: connect ECONNREFUSED ::1:27017, connect ECONNREFUSED 127.0.0.1:27017
2026-08-13 15:38:03 [error]: ❌ MongoDB connection error (attempt 1): connect ECONNREFUSED ::1:27017, connect ECONNREFUSED 127.0.0.1:27017
2026-08-13 15:38:03 [error]: MongoDB error: connect ECONNREFUSED ::1:27017, connect ECONNREFUSED 127.0.0.1:27017
2026-08-13 15:38:05 [error]: ❌ MongoDB connection error (attempt 1): connect ECONNREFUSED ::1:27017, connect ECONNREFUSED 127.0.0.1:27017
2026-08-13 15:38:05 [error]: MongoDB error: connect ECONNREFUSED ::1:27017, connect ECONNREFUSED 127.0.0.1:27017
2026-08-13 15:38:05 [error]: ❌ MongoDB connection error (attempt 1): connect ECONNREFUSED ::1:27017, connect ECONNREFUSED 127.0.0.1:27017
2026-08-13 15:38:05 [error]: MongoDB error: connect ECONNREFUSED ::1:27017, connect ECONNREFUSED 127.0.0.1:27017
2026-08-13 15:38:08 [error]: ❌ MongoDB connection error (attempt 1): connect ECONNREFUSED ::1:27017, connect ECONNREFUSED 127.0.0.1:27017
2026-08-13 15:38:08 [error]: MongoDB error: connect ECONNREFUSED ::1:27017, connect ECONNREFUSED 127.0.0.1:27017
2026-08-13 15:38:08 [error]: ❌ MongoDB connection error (attempt 1): connect ECONNREFUSED ::1:27017, connect ECONNREFUSED 127.0.0.1:27017
2026-08-13 15:38:08 [error]: MongoDB error: connect ECONNREFUSED ::1:27017, connect ECONNREFUSED 127.0.0.1:27017
2026-08-13 15:38:10 [error]: ❌ MongoDB connection error (attempt 1): connect ECONNREFUSED ::1:27017, connect ECONNREFUSED 127.0.0.1:27017
2026-08-13 15:38:10 [error]: MongoDB error: connect ECONNREFUSED ::1:27017, connect ECONNREFUSED 127.0.0.1:27017
2026-08-13 15:38:10 [error]: ❌ MongoDB connection error (attempt 1): connect ECONNREFUSED ::1:27017, connect ECONNREFUSED 127.0.0.1:27017
2026-08-13 15:38:10 [error]: MongoDB error: connect ECONNREFUSED ::1:27017, connect ECONNREFUSED 127.0.0.1:27017
2026-08-13 15:38:13 [error]: ❌ MongoDB connection error (attempt 1): connect ECONNREFUSED ::1:27017, connect ECONNREFUSED 127.0.0.1:27017
2026-08-13 15:38:13 [error]: MongoDB error: connect ECONNREFUSED ::1:27017, connect ECONNREFUSED 127.0.0.1:27017
2026-08-13 15:38:13 [error]: ❌ MongoDB connection error (attempt 1): connect ECONNREFUSED ::1:27017, connect ECONNREFUSED 127.0.0.1:27017
2026-08-13 15:38:14 [error]: MongoDB error: connect ECONNREFUSED ::1:27017, connect ECONNREFUSED 127.0.0.1:27017
2026-08-13 15:38:15 [error]: ❌ MongoDB connection error (attempt 1): connect ECONNREFUSED ::1:27017, connect ECONNREFUSED 127.0.0.1:27017
2026-08-13 15:38:15 [error]: MongoDB error: connect ECONNREFUSED ::1:27017, connect ECONNREFUSED 127.0.0.1:27017
2026-08-13 15:38:15 [error]: ❌ MongoDB connection error (attempt 1): connect ECONNREFUSED ::1:27017, connect ECONNREFUSED 127.0.0.1:27017
2026-08-13 15:38:15 [error]: MongoDB error: connect ECONNREFUSED ::1:27017, connect ECONNREFUSED 127.0.0.1:27017
2026-08-13 15:38:18 [error]: ❌ MongoDB connection error (attempt 1): connect ECONNREFUSED ::1:27017, connect ECONNREFUSED 127.0.0.1:27017
2026-08-13 15:38:18 [error]: MongoDB error: connect ECONNREFUSED ::1:27017, connect ECONNREFUSED 127.0.0.1:27017
2026-08-13 15:38:19 [error]: ❌ MongoDB connection error (attempt 1): connect ECONNREFUSED ::1:27017, connect ECONNREFUSED 127.0.0.1:27017
2026-08-13 15:38:19 [error]: MongoDB error: connect ECONNREFUSED ::1:27017, connect ECONNREFUSED 127.0.0.1:27017
2026-08-13 15:38:20 [error]: ❌ MongoDB connection error (attempt 1): connect ECONNREFUSED ::1:27017, connect ECONNREFUSED 127.0.0.1:27017
2026-08-13 15:38:20 [error]: MongoDB error: connect ECONNREFUSED ::1:27017, connect ECONNREFUSED 127.0.0.1:27017
2026-08-13 15:38:20 [error]: ❌ MongoDB connection error (attempt 1): connect ECONNREFUSED ::1:27017, connect ECONNREFUSED 127.0.0.1:27017
2026-08-13 15:38:20 [error]: MongoDB error: connect ECONNREFUSED ::1:27017, connect ECONNREFUSED 127.0.0.1:27017
2026-08-13 15:38:23 [error]: ❌ MongoDB connection error (attempt 1): connect ECONNREFUSED ::1:27017, connect ECONNREFUSED 127.0.0.1:27017
2026-08-13 15:38:23 [error]: MongoDB error: connect ECONNREFUSED ::1:27017, connect ECONNREFUSED 127.0.0.1:27017
2026-08-13 15:38:24 [error]: ❌ MongoDB connection error (attempt 1): connect ECONNREFUSED ::1:27017, connect ECONNREFUSED 127.0.0.1:27017
2026-08-13 15:38:24 [error]: MongoDB error: connect ECONNREFUSED ::1:27017, connect ECONNREFUSED 127.0.0.1:27017
2026-08-13 15:38:25 [error]: ❌ MongoDB connection error (attempt 1): connect ECONNREFUSED ::1:27017, connect ECONNREFUSED 127.0.0.1:27017
2026-08-13 15:38:25 [error]: MongoDB error: connect ECONNREFUSED ::1:27017, connect ECONNREFUSED 127.0.0.1:27017
2026-08-13 15:38:25 [error]: ❌ MongoDB connection error (attempt 1): connect ECONNREFUSED ::1:27017, connect ECONNREFUSED 127.0.0.1:27017
2026-08-13 15:38:25 [error]: MongoDB error: connect ECONNREFUSED ::1:27017, connect ECONNREFUSED 127.0.0.1:27017
2026-08-13 15:38:28 [error]: ❌ MongoDB connection error (attempt 1): connect ECONNREFUSED ::1:27017, connect ECONNREFUSED 127.0.0.1:27017
2026-08-13 15:38:28 [error]: MongoDB error: connect ECONNREFUSED ::1:27017, connect ECONNREFUSED 127.0.0.1:27017
2026-08-13 15:38:29 [error]: ❌ MongoDB connection error (attempt 1): connect ECONNREFUSED ::1:27017, connect ECONNREFUSED 127.0.0.1:27017
2026-08-13 15:38:29 [error]: MongoDB error: connect ECONNREFUSED ::1:27017, connect ECONNREFUSED 127.0.0.1:27017
2026-08-13 15:38:30 [error]: ❌ MongoDB connection error (attempt 1): connect ECONNREFUSED ::1:27017, connect ECONNREFUSED 127.0.0.1:27017
2026-08-13 15:38:30 [error]: MongoDB error: connect ECONNREFUSED ::1:27017, connect ECONNREFUSED 127.0.0.1:27017
2026-08-13 15:38:30 [error]: ❌ MongoDB connection error (attempt 1): connect ECONNREFUSED ::1:27017, connect ECONNREFUSED 127.0.0.1:27017
2026-08-13 15:38:30 [error]: MongoDB error: connect ECONNREFUSED ::1:27017, connect ECONNREFUSED 127.0.0.1:27017
2026-08-13 15:38:33 [error]: ❌ MongoDB connection error (attempt 1): connect ECONNREFUSED ::1:27017, connect ECONNREFUSED 127.0.0.1:27017
2026-08-13 15:38:33 [error]: MongoDB error: connect ECONNREFUSED ::1:27017, connect ECONNREFUSED 127.0.0.1:27017
2026-08-13 15:38:34 [error]: ❌ MongoDB connection error (attempt 1): connect ECONNREFUSED ::1:27017, connect ECONNREFUSED 127.0.0.1:27017
2026-08-13 15:38:34 [error]: MongoDB error: connect ECONNREFUSED ::1:27017, connect ECONNREFUSED 127.0.0.1:27017
2026-08-13 15:38:35 [error]: ❌ MongoDB connection error (attempt 1): connect ECONNREFUSED ::1:27017, connect ECONNREFUSED 127.0.0.1:27017
2026-08-13 15:38:35 [error]: MongoDB error: connect ECONNREFUSED ::1:27017, connect ECONNREFUSED 127.0.0.1:27017
2026-08-13 15:38:35 [error]: ❌ MongoDB connection error (attempt 1): connect ECONNREFUSED ::1:27017, connect ECONNREFUSED 127.0.0.1:27017
2026-08-13 15:38:35 [error]: MongoDB error: connect ECONNREFUSED ::1:27017, connect ECONNREFUSED 127.0.0.1:27017
2026-08-13 15:38:38 [error]: ❌ MongoDB connection error (attempt 1): connect ECONNREFUSED ::1:27017, connect ECONNREFUSED 127.0.0.1:27017
2026-08-13 15:38:38 [error]: MongoDB error: connect ECONNREFUSED ::1:27017, connect ECONNREFUSED 127.0.0.1:27017
2026-08-13 15:38:39 [error]: ❌ MongoDB connection error (attempt 1): connect ECONNREFUSED ::1:27017, connect ECONNREFUSED 127.0.0.1:27017
2026-08-13 15:38:39 [error]: MongoDB error: connect ECONNREFUSED ::1:27017, connect ECONNREFUSED 127.0.0.1:27017
2026-08-13 15:38:40 [error]: ❌ MongoDB connection error (attempt 1): connect ECONNREFUSED ::1:27017, connect ECONNREFUSED 127.0.0.1:27017
2026-08-13 15:38:40 [error]: MongoDB error: connect ECONNREFUSED ::1:27017, connect ECONNREFUSED 127.0.0.1:27017
2026-08-13 15:38:40 [error]: ❌ MongoDB connection error (attempt 1): connect ECONNREFUSED ::1:27017, connect ECONNREFUSED 127.0.0.1:27017
2026-08-13 15:38:40 [error]: MongoDB error: connect ECONNREFUSED ::1:27017, connect ECONNREFUSED 127.0.0.1:27017
2026-08-13 15:38:43 [error]: ❌ MongoDB connection error (attempt 1): connect ECONNREFUSED ::1:27017, connect ECONNREFUSED 127.0.0.1:27017
2026-08-13 15:38:43 [error]: MongoDB error: connect ECONNREFUSED ::1:27017, connect ECONNREFUSED 127.0.0.1:27017
2026-08-13 15:38:44 [error]: ❌ MongoDB connection error (attempt 1): connect ECONNREFUSED ::1:27017, connect ECONNREFUSED 127.0.0.1:27017
2026-08-13 15:38:44 [error]: MongoDB error: connect ECONNREFUSED ::1:27017, connect ECONNREFUSED 127.0.0.1:27017
2026-08-13 15:38:45 [error]: ❌ MongoDB connection error (attempt 1): connect ECONNREFUSED ::1:27017, connect ECONNREFUSED 127.0.0.1:27017
2026-08-13 15:38:45 [error]: MongoDB error: connect ECONNREFUSED ::1:27017, connect ECONNREFUSED 127.0.0.1:27017
2026-08-13 15:38:45 [error]: ❌ MongoDB connection error (attempt 1): connect ECONNREFUSED ::1:27017, connect ECONNREFUSED 127.0.0.1:27017
2026-08-13 15:38:45 [error]: MongoDB error: connect ECONNREFUSED ::1:27017, connect ECONNREFUSED 127.0.0.1:27017
2026-08-13 15:38:48 [error]: ❌ MongoDB connection error (attempt 1): connect ECONNREFUSED ::1:27017, connect ECONNREFUSED 127.0.0.1:27017
2026-08-13 15:38:48 [error]: MongoDB error: connect ECONNREFUSED ::1:27017, connect ECONNREFUSED 127.0.0.1:27017
2026-08-13 15:38:49 [error]: ❌ MongoDB connection error (attempt 1): connect ECONNREFUSED ::1:27017, connect ECONNREFUSED 127.0.0.1:27017
2026-08-13 15:38:49 [error]: MongoDB error: connect ECONNREFUSED ::1:27017, connect ECONNREFUSED 127.0.0.1:27017
2026-08-13 15:38:50 [error]: ❌ MongoDB connection error (attempt 1): connect ECONNREFUSED ::1:27017, connect ECONNREFUSED 127.0.0.1:27017
2026-08-13 15:38:50 [error]: MongoDB error: connect ECONNREFUSED ::1:27017, connect ECONNREFUSED 127.0.0.1:27017
2026-08-13 15:38:50 [error]: ❌ MongoDB connection error (attempt 1): connect ECONNREFUSED ::1:27017, connect ECONNREFUSED 127.0.0.1:27017
2026-08-13 15:38:50 [error]: MongoDB error: connect ECONNREFUSED ::1:27017, connect ECONNREFUSED 127.0.0.1:27017
2026-08-13 15:38:53 [error]: ❌ MongoDB connection error (attempt 1): connect ECONNREFUSED ::1:27017, connect ECONNREFUSED 127.0.0.1:27017
2026-08-13 15:38:53 [error]: MongoDB error: connect ECONNREFUSED ::1:27017, connect ECONNREFUSED 127.0.0.1:27017
2026-08-13 15:38:54 [error]: ❌ MongoDB connection error (attempt 1): connect ECONNREFUSED ::1:27017, connect ECONNREFUSED 127.0.0.1:27017
2026-08-13 15:38:54 [error]: MongoDB error: connect ECONNREFUSED ::1:27017, connect ECONNREFUSED 127.0.0.1:27017
2026-08-13 15:38:55 [error]: ❌ MongoDB connection error (attempt 1): connect ECONNREFUSED ::1:27017, connect ECONNREFUSED 127.0.0.1:27017
2026-08-13 15:38:55 [error]: MongoDB error: connect ECONNREFUSED ::1:27017, connect ECONNREFUSED 127.0.0.1:27017
2026-08-13 15:38:55 [error]: ❌ MongoDB connection error (attempt 1): connect ECONNREFUSED ::1:27017, connect ECONNREFUSED 127.0.0.1:27017
2026-08-13 15:38:55 [error]: MongoDB error: connect ECONNREFUSED ::1:27017, connect ECONNREFUSED 127.0.0.1:27017
2026-08-13 15:38:58 [error]: ❌ MongoDB connection error (attempt 1): connect ECONNREFUSED ::1:27017, connect ECONNREFUSED 127.0.0.1:27017
2026-08-13 15:38:58 [error]: MongoDB error: connect ECONNREFUSED ::1:27017, connect ECONNREFUSED 127.0.0.1:27017
2026-08-13 15:38:59 [error]: ❌ MongoDB connection error (attempt 1): connect ECONNREFUSED ::1:27017, connect ECONNREFUSED 127.0.0.1:27017
2026-08-13 15:38:59 [error]: MongoDB error: connect ECONNREFUSED ::1:27017, connect ECONNREFUSED 127.0.0.1:27017
2026-08-13 15:39:00 [error]: ❌ MongoDB connection error (attempt 1): connect ECONNREFUSED ::1:27017, connect ECONNREFUSED 127.0.0.1:27017
2026-08-13 15:39:00 [error]: MongoDB error: connect ECONNREFUSED ::1:27017, connect ECONNREFUSED 127.0.0.1:27017
2026-08-13 15:39:00 [error]: ❌ MongoDB connection error (attempt 1): connect ECONNREFUSED ::1:27017, connect ECONNREFUSED 127.0.0.1:27017
2026-08-13 15:39:00 [error]: MongoDB error: connect ECONNREFUSED ::1:27017, connect ECONNREFUSED 127.0.0.1:27017
2026-08-13 15:39:03 [error]: ❌ MongoDB connection error (attempt 1): connect ECONNREFUSED ::1:27017, connect ECONNREFUSED 127.0.0.1:27017
2026-08-13 15:39:03 [error]: MongoDB error: connect ECONNREFUSED ::1:27017, connect ECONNREFUSED 127.0.0.1:27017
2026-08-13 15:39:04 [error]: ❌ MongoDB connection error (attempt 1): connect ECONNREFUSED ::1:27017, connect ECONNREFUSED 127.0.0.1:27017
2026-08-13 15:39:04 [error]: MongoDB error: connect ECONNREFUSED ::1:27017, connect ECONNREFUSED 127.0.0.1:27017
2026-08-13 15:39:05 [error]: ❌ MongoDB connection error (attempt 1): connect ECONNREFUSED ::1:27017, connect ECONNREFUSED 127.0.0.1:27017
2026-08-13 15:39:05 [error]: MongoDB error: connect ECONNREFUSED ::1:27017, connect ECONNREFUSED 127.0.0.1:27017
2026-08-13 15:39:05 [error]: ❌ MongoDB connection error (attempt 1): connect ECONNREFUSED ::1:27017, connect ECONNREFUSED 127.0.0.1:27017
2026-08-13 15:39:05 [error]: MongoDB error: connect ECONNREFUSED ::1:27017, connect ECONNREFUSED 127.0.0.1:27017
2026-08-13 15:39:08 [error]: ❌ MongoDB connection error (attempt 1): connect ECONNREFUSED ::1:27017, connect ECONNREFUSED 127.0.0.1:27017
2026-08-13 15:39:08 [error]: MongoDB error: connect ECONNREFUSED ::1:27017, connect ECONNREFUSED 127.0.0.1:27017
2026-08-13 15:39:09 [error]: ❌ MongoDB connection error (attempt 1): connect ECONNREFUSED ::1:27017, connect ECONNREFUSED 127.0.0.1:27017
2026-08-13 15:39:09 [error]: MongoDB error: connect ECONNREFUSED ::1:27017, connect ECONNREFUSED 127.0.0.1:27017
2026-08-13 15:39:10 [error]: ❌ MongoDB connection error (attempt 1): connect ECONNREFUSED ::1:27017, connect ECONNREFUSED 127.0.0.1:27017
2026-08-13 15:39:10 [error]: MongoDB error: connect ECONNREFUSED ::1:27017, connect ECONNREFUSED 127.0.0.1:27017
2026-08-13 15:39:10 [error]: ❌ MongoDB connection error (attempt 1): connect ECONNREFUSED ::1:27017, connect ECONNREFUSED 127.0.0.1:27017
2026-08-13 15:39:10 [error]: MongoDB error: connect ECONNREFUSED ::1:27017, connect ECONNREFUSED 127.0.0.1:27017
2026-08-13 15:39:13 [error]: ❌ MongoDB connection error (attempt 1): connect ECONNREFUSED ::1:27017, connect ECONNREFUSED 127.0.0.1:27017
2026-08-13 15:39:13 [error]: MongoDB error: connect ECONNREFUSED ::1:27017, connect ECONNREFUSED 127.0.0.1:27017
2026-08-13 15:39:14 [error]: ❌ MongoDB connection error (attempt 1): connect ECONNREFUSED ::1:27017, connect ECONNREFUSED 127.0.0.1:27017
2026-08-13 15:39:14 [error]: MongoDB error: connect ECONNREFUSED ::1:27017, connect ECONNREFUSED 127.0.0.1:27017
2026-08-13 15:39:15 [error]: ❌ MongoDB connection error (attempt 1): connect ECONNREFUSED ::1:27017, connect ECONNREFUSED 127.0.0.1:27017
2026-08-13 15:39:15 [error]: MongoDB error: connect ECONNREFUSED ::1:27017, connect ECONNREFUSED 127.0.0.1:27017
2026-08-13 15:39:15 [error]: ❌ MongoDB connection error (attempt 1): connect ECONNREFUSED ::1:27017, connect ECONNREFUSED 127.0.0.1:27017
2026-08-13 15:39:15 [error]: MongoDB error: connect ECONNREFUSED ::1:27017, connect ECONNREFUSED 127.0.0.1:27017
2026-08-13 15:39:19 [error]: ❌ MongoDB connection error (attempt 1): connect ECONNREFUSED ::1:27017, connect ECONNREFUSED 127.0.0.1:27017
2026-08-13 15:39:19 [error]: MongoDB error: connect ECONNREFUSED ::1:27017, connect ECONNREFUSED 127.0.0.1:27017
2026-08-13 15:39:19 [error]: ❌ MongoDB connection error (attempt 1): connect ECONNREFUSED ::1:27017, connect ECONNREFUSED 127.0.0.1:27017
2026-08-13 15:39:19 [error]: MongoDB error: connect ECONNREFUSED ::1:27017, connect ECONNREFUSED 127.0.0.1:27017
2026-08-13 15:39:20 [error]: ❌ MongoDB connection error (attempt 1): connect ECONNREFUSED ::1:27017, connect ECONNREFUSED 127.0.0.1:27017
2026-08-13 15:39:20 [error]: MongoDB error: connect ECONNREFUSED ::1:27017, connect ECONNREFUSED 127.0.0.1:27017
2026-08-13 15:39:20 [error]: ❌ MongoDB connection error (attempt 1): connect ECONNREFUSED ::1:27017, connect ECONNREFUSED 127.0.0.1:27017
2026-08-13 15:39:20 [error]: MongoDB error: connect ECONNREFUSED ::1:27017, connect ECONNREFUSED 127.0.0.1:27017
2026-08-13 15:39:24 [error]: ❌ MongoDB connection error (attempt 1): connect ECONNREFUSED ::1:27017, connect ECONNREFUSED 127.0.0.1:27017
2026-08-13 15:39:24 [error]: MongoDB error: connect ECONNREFUSED ::1:27017, connect ECONNREFUSED 127.0.0.1:27017
2026-08-13 15:39:24 [error]: ❌ MongoDB connection error (attempt 1): connect ECONNREFUSED ::1:27017, connect ECONNREFUSED 127.0.0.1:27017
2026-08-13 15:39:24 [error]: MongoDB error: connect ECONNREFUSED ::1:27017, connect ECONNREFUSED 127.0.0.1:27017
2026-08-13 15:39:25 [error]: ❌ MongoDB connection error (attempt 1): connect ECONNREFUSED ::1:27017, connect ECONNREFUSED 127.0.0.1:27017
2026-08-13 15:39:25 [error]: MongoDB error: connect ECONNREFUSED ::1:27017, connect ECONNREFUSED 127.0.0.1:27017
2026-08-13 15:39:25 [error]: ❌ MongoDB connection error (attempt 1): connect ECONNREFUSED ::1:27017, connect ECONNREFUSED 127.0.0.1:27017
2026-08-13 15:39:25 [error]: MongoDB error: connect ECONNREFUSED ::1:27017, connect ECONNREFUSED 127.0.0.1:27017
2026-08-13 15:39:29 [error]: ❌ MongoDB connection error (attempt 1): connect ECONNREFUSED ::1:27017, connect ECONNREFUSED 127.0.0.1:27017
2026-08-13 15:39:29 [error]: MongoDB error: connect ECONNREFUSED ::1:27017, connect ECONNREFUSED 127.0.0.1:27017
2026-08-13 15:39:29 [error]: ❌ MongoDB connection error (attempt 1): connect ECONNREFUSED ::1:27017, connect ECONNREFUSED 127.0.0.1:27017
2026-08-13 15:39:29 [error]: MongoDB error: connect ECONNREFUSED ::1:27017, connect ECONNREFUSED 127.0.0.1:27017
2026-08-13 15:39:30 [error]: ❌ MongoDB connection error (attempt 1): connect ECONNREFUSED ::1:27017, connect ECONNREFUSED 127.0.0.1:27017
2026-08-13 15:39:30 [error]: MongoDB error: connect ECONNREFUSED ::1:27017, connect ECONNREFUSED 127.0.0.1:27017
2026-08-13 15:39:30 [error]: ❌ MongoDB connection error (attempt 1): connect ECONNREFUSED ::1:27017, connect ECONNREFUSED 127.0.0.1:27017
2026-08-13 15:39:30 [error]: MongoDB error: connect ECONNREFUSED ::1:27017, connect ECONNREFUSED 127.0.0.1:27017
2026-08-13 15:39:34 [error]: ❌ MongoDB connection error (attempt 1): connect ECONNREFUSED ::1:27017, connect ECONNREFUSED 127.0.0.1:27017
2026-08-13 15:39:34 [error]: MongoDB error: connect ECONNREFUSED ::1:27017, connect ECONNREFUSED 127.0.0.1:27017
2026-08-13 15:39:34 [error]: ❌ MongoDB connection error (attempt 1): connect ECONNREFUSED ::1:27017, connect ECONNREFUSED 127.0.0.1:27017
2026-08-13 15:39:34 [error]: MongoDB error: connect ECONNREFUSED ::1:27017, connect ECONNREFUSED 127.0.0.1:27017
2026-08-13 15:39:35 [error]: ❌ MongoDB connection error (attempt 1): connect ECONNREFUSED ::1:27017, connect ECONNREFUSED 127.0.0.1:27017
2026-08-13 15:39:35 [error]: MongoDB error: connect ECONNREFUSED ::1:27017, connect ECONNREFUSED 127.0.0.1:27017
2026-08-13 15:39:35 [error]: ❌ MongoDB connection error (attempt 1): connect ECONNREFUSED ::1:27017, connect ECONNREFUSED 127.0.0.1:27017
2026-08-13 15:39:35 [error]: MongoDB error: connect ECONNREFUSED ::1:27017, connect ECONNREFUSED 127.0.0.1:27017
2026-08-13 15:39:39 [error]: ❌ MongoDB connection error (attempt 1): connect ECONNREFUSED ::1:27017, connect ECONNREFUSED 127.0.0.1:27017
2026-08-13 15:39:39 [error]: MongoDB error: connect ECONNREFUSED ::1:27017, connect ECONNREFUSED 127.0.0.1:27017
2026-08-13 15:39:39 [error]: ❌ MongoDB connection error (attempt 1): connect ECONNREFUSED ::1:27017, connect ECONNREFUSED 127.0.0.1:27017
2026-08-13 15:39:39 [error]: MongoDB error: connect ECONNREFUSED ::1:27017, connect ECONNREFUSED 127.0.0.1:27017
2026-08-13 15:39:40 [error]: ❌ MongoDB connection error (attempt 1): connect ECONNREFUSED ::1:27017, connect ECONNREFUSED 127.0.0.1:27017
2026-08-13 15:39:40 [error]: MongoDB error: connect ECONNREFUSED ::1:27017, connect ECONNREFUSED 127.0.0.1:27017
2026-08-13 15:39:40 [error]: ❌ MongoDB connection error (attempt 1): connect ECONNREFUSED ::1:27017, connect ECONNREFUSED 127.0.0.1:27017
2026-08-13 15:39:40 [error]: MongoDB error: connect ECONNREFUSED ::1:27017, connect ECONNREFUSED 127.0.0.1:27017
2026-08-13 15:39:44 [error]: ❌ MongoDB connection error (attempt 1): connect ECONNREFUSED ::1:27017, connect ECONNREFUSED 127.0.0.1:27017
2026-08-13 15:39:44 [error]: MongoDB error: connect ECONNREFUSED ::1:27017, connect ECONNREFUSED 127.0.0.1:27017
2026-08-13 15:39:44 [error]: ❌ MongoDB connection error (attempt 1): connect ECONNREFUSED ::1:27017, connect ECONNREFUSED 127.0.0.1:27017
2026-08-13 15:39:44 [error]: MongoDB error: connect ECONNREFUSED ::1:27017, connect ECONNREFUSED 127.0.0.1:27017
2026-08-13 15:39:45 [error]: ❌ MongoDB connection error (attempt 1): connect ECONNREFUSED ::1:27017, connect ECONNREFUSED 127.0.0.1:27017
2026-08-13 15:39:45 [error]: MongoDB error: connect ECONNREFUSED ::1:27017, connect ECONNREFUSED 127.0.0.1:27017
2026-08-13 15:39:45 [error]: ❌ MongoDB connection error (attempt 1): connect ECONNREFUSED ::1:27017, connect ECONNREFUSED 127.0.0.1:27017
2026-08-13 15:39:45 [error]: MongoDB error: connect ECONNREFUSED ::1:27017, connect ECONNREFUSED 127.0.0.1:27017
2026-08-13 15:39:49 [error]: ❌ MongoDB connection error (attempt 1): connect ECONNREFUSED ::1:27017, connect ECONNREFUSED 127.0.0.1:27017
2026-08-13 15:39:49 [error]: MongoDB error: connect ECONNREFUSED ::1:27017, connect ECONNREFUSED 127.0.0.1:27017
2026-08-13 15:39:49 [error]: ❌ MongoDB connection error (attempt 1): connect ECONNREFUSED ::1:27017, connect ECONNREFUSED 127.0.0.1:27017
2026-08-13 15:39:49 [error]: MongoDB error: connect ECONNREFUSED ::1:27017, connect ECONNREFUSED 127.0.0.1:27017
2026-08-13 15:39:50 [error]: ❌ MongoDB connection error (attempt 1): connect ECONNREFUSED ::1:27017, connect ECONNREFUSED 127.0.0.1:27017
2026-08-13 15:39:50 [error]: MongoDB error: connect ECONNREFUSED ::1:27017, connect ECONNREFUSED 127.0.0.1:27017
2026-08-13 15:39:50 [error]: ❌ MongoDB connection error (attempt 1): connect ECONNREFUSED ::1:27017, connect ECONNREFUSED 127.0.0.1:27017
2026-08-13 15:39:50 [error]: MongoDB error: connect ECONNREFUSED ::1:27017, connect ECONNREFUSED 127.0.0.1:27017
2026-08-13 15:39:54 [error]: ❌ MongoDB connection error (attempt 1): connect ECONNREFUSED ::1:27017, connect ECONNREFUSED 127.0.0.1:27017
2026-08-13 15:39:54 [error]: MongoDB error: connect ECONNREFUSED ::1:27017, connect ECONNREFUSED 127.0.0.1:27017
2026-08-13 15:39:54 [error]: ❌ MongoDB connection error (attempt 1): connect ECONNREFUSED ::1:27017, connect ECONNREFUSED 127.0.0.1:27017
2026-08-13 15:39:54 [error]: MongoDB error: connect ECONNREFUSED ::1:27017, connect ECONNREFUSED 127.0.0.1:27017
2026-08-13 15:39:55 [error]: ❌ MongoDB connection error (attempt 1): connect ECONNREFUSED ::1:27017, connect ECONNREFUSED 127.0.0.1:27017
2026-08-13 15:39:55 [error]: MongoDB error: connect ECONNREFUSED ::1:27017, connect ECONNREFUSED 127.0.0.1:27017
2026-08-13 15:39:55 [error]: ❌ MongoDB connection error (attempt 1): connect ECONNREFUSED ::1:27017, connect ECONNREFUSED 127.0.0.1:27017
2026-08-13 15:39:55 [error]: MongoDB error: connect ECONNREFUSED ::1:27017, connect ECONNREFUSED 127.0.0.1:27017
2026-08-13 15:39:59 [error]: ❌ MongoDB connection error (attempt 1): connect ECONNREFUSED ::1:27017, connect ECONNREFUSED 127.0.0.1:27017
2026-08-13 15:39:59 [error]: MongoDB error: connect ECONNREFUSED ::1:27017, connect ECONNREFUSED 127.0.0.1:27017
2026-08-13 15:39:59 [error]: ❌ MongoDB connection error (attempt 1): connect ECONNREFUSED ::1:27017, connect ECONNREFUSED 127.0.0.1:27017
2026-08-13 15:39:59 [error]: MongoDB error: connect ECONNREFUSED ::1:27017, connect ECONNREFUSED 127.0.0.1:27017
2026-08-13 15:40:00 [error]: ❌ MongoDB connection error (attempt 1): connect ECONNREFUSED ::1:27017, connect ECONNREFUSED 127.0.0.1:27017
2026-08-13 15:40:00 [error]: MongoDB error: connect ECONNREFUSED ::1:27017, connect ECONNREFUSED 127.0.0.1:27017
2026-08-13 15:40:00 [error]: ❌ MongoDB connection error (attempt 1): connect ECONNREFUSED ::1:27017, connect ECONNREFUSED 127.0.0.1:27017
2026-08-13 15:40:00 [error]: MongoDB error: connect ECONNREFUSED ::1:27017, connect ECONNREFUSED 127.0.0.1:27017
2026-08-13 15:40:04 [error]: ❌ MongoDB connection error (attempt 1): connect ECONNREFUSED ::1:27017, connect ECONNREFUSED 127.0.0.1:27017
2026-08-13 15:40:04 [error]: MongoDB error: connect ECONNREFUSED ::1:27017, connect ECONNREFUSED 127.0.0.1:27017
2026-08-13 15:40:04 [error]: ❌ MongoDB connection error (attempt 1): connect ECONNREFUSED ::1:27017, connect ECONNREFUSED 127.0.0.1:27017
2026-08-13 15:40:04 [error]: MongoDB error: connect ECONNREFUSED ::1:27017, connect ECONNREFUSED 127.0.0.1:27017
2026-08-13 15:40:05 [error]: ❌ MongoDB connection error (attempt 1): connect ECONNREFUSED ::1:27017, connect ECONNREFUSED 127.0.0.1:27017
2026-08-13 15:40:05 [error]: MongoDB error: connect ECONNREFUSED ::1:27017, connect ECONNREFUSED 127.0.0.1:27017
2026-08-13 15:40:05 [error]: ❌ MongoDB connection error (attempt 1): connect ECONNREFUSED ::1:27017, connect ECONNREFUSED 127.0.0.1:27017
2026-08-13 15:40:05 [error]: MongoDB error: connect ECONNREFUSED ::1:27017, connect ECONNREFUSED 127.0.0.1:27017
2026-08-13 15:40:09 [error]: ❌ MongoDB connection error (attempt 1): connect ECONNREFUSED ::1:27017, connect ECONNREFUSED 127.0.0.1:27017
2026-08-13 15:40:09 [error]: MongoDB error: connect ECONNREFUSED ::1:27017, connect ECONNREFUSED 127.0.0.1:27017
2026-08-13 15:40:09 [error]: ❌ MongoDB connection error (attempt 1): connect ECONNREFUSED ::1:27017, connect ECONNREFUSED 127.0.0.1:27017
2026-08-13 15:40:09 [error]: MongoDB error: connect ECONNREFUSED ::1:27017, connect ECONNREFUSED 127.0.0.1:27017
2026-08-13 15:40:10 [error]: ❌ MongoDB connection error (attempt 1): connect ECONNREFUSED ::1:27017, connect ECONNREFUSED 127.0.0.1:27017
2026-08-13 15:40:10 [error]: MongoDB error: connect ECONNREFUSED ::1:27017, connect ECONNREFUSED 127.0.0.1:27017
2026-08-13 15:40:10 [error]: ❌ MongoDB connection error (attempt 1): connect ECONNREFUSED ::1:27017, connect ECONNREFUSED 127.0.0.1:27017
2026-08-13 15:40:10 [error]: MongoDB error: connect ECONNREFUSED ::1:27017, connect ECONNREFUSED 127.0.0.1:27017
2026-08-13 15:40:14 [error]: ❌ MongoDB connection error (attempt 1): connect ECONNREFUSED ::1:27017, connect ECONNREFUSED 127.0.0.1:27017
2026-08-13 15:40:14 [error]: MongoDB error: connect ECONNREFUSED ::1:27017, connect ECONNREFUSED 127.0.0.1:27017
2026-08-13 15:40:14 [error]: ❌ MongoDB connection error (attempt 1): connect ECONNREFUSED ::1:27017, connect ECONNREFUSED 127.0.0.1:27017
2026-08-13 15:40:14 [error]: MongoDB error: connect ECONNREFUSED ::1:27017, connect ECONNREFUSED 127.0.0.1:27017
2026-08-13 15:40:15 [error]: ❌ MongoDB connection error (attempt 1): connect ECONNREFUSED ::1:27017, connect ECONNREFUSED 127.0.0.1:27017
2026-08-13 15:40:15 [error]: MongoDB error: connect ECONNREFUSED ::1:27017, connect ECONNREFUSED 127.0.0.1:27017
2026-08-13 15:40:15 [error]: ❌ MongoDB connection error (attempt 1): connect ECONNREFUSED ::1:27017, connect ECONNREFUSED 127.0.0.1:27017
2026-08-13 15:40:15 [error]: MongoDB error: connect ECONNREFUSED ::1:27017, connect ECONNREFUSED 127.0.0.1:27017
2026-08-13 15:40:19 [error]: ❌ MongoDB connection error (attempt 1): connect ECONNREFUSED ::1:27017, connect ECONNREFUSED 127.0.0.1:27017
2026-08-13 15:40:19 [error]: MongoDB error: connect ECONNREFUSED ::1:27017, connect ECONNREFUSED 127.0.0.1:27017
2026-08-13 15:40:19 [error]: ❌ MongoDB connection error (attempt 1): connect ECONNREFUSED ::1:27017, connect ECONNREFUSED 127.0.0.1:27017
2026-08-13 15:40:19 [error]: MongoDB error: connect ECONNREFUSED ::1:27017, connect ECONNREFUSED 127.0.0.1:27017
2026-08-13 15:40:20 [error]: ❌ MongoDB connection error (attempt 1): connect ECONNREFUSED ::1:27017, connect ECONNREFUSED 127.0.0.1:27017
2026-08-13 15:40:20 [error]: MongoDB error: connect ECONNREFUSED ::1:27017, connect ECONNREFUSED 127.0.0.1:27017
2026-08-13 15:40:20 [error]: ❌ MongoDB connection error (attempt 1): connect ECONNREFUSED ::1:27017, connect ECONNREFUSED 127.0.0.1:27017
2026-08-13 15:40:20 [error]: MongoDB error: connect ECONNREFUSED ::1:27017, connect ECONNREFUSED 127.0.0.1:27017
2026-08-13 15:40:24 [error]: ❌ MongoDB connection error (attempt 1): connect ECONNREFUSED ::1:27017, connect ECONNREFUSED 127.0.0.1:27017
2026-08-13 15:40:24 [error]: MongoDB error: connect ECONNREFUSED ::1:27017, connect ECONNREFUSED 127.0.0.1:27017
2026-08-13 15:40:24 [error]: ❌ MongoDB connection error (attempt 1): connect ECONNREFUSED ::1:27017, connect ECONNREFUSED 127.0.0.1:27017
2026-08-13 15:40:24 [error]: MongoDB error: connect ECONNREFUSED ::1:27017, connect ECONNREFUSED 127.0.0.1:27017
2026-08-13 15:40:25 [error]: ❌ MongoDB connection error (attempt 1): connect ECONNREFUSED ::1:27017, connect ECONNREFUSED 127.0.0.1:27017
2026-08-13 15:40:25 [error]: MongoDB error: connect ECONNREFUSED ::1:27017, connect ECONNREFUSED 127.0.0.1:27017
2026-08-13 15:40:25 [error]: ❌ MongoDB connection error (attempt 1): connect ECONNREFUSED ::1:27017, connect ECONNREFUSED 127.0.0.1:27017
2026-08-13 15:40:25 [error]: MongoDB error: connect ECONNREFUSED ::1:27017, connect ECONNREFUSED 127.0.0.1:27017
2026-08-13 15:40:29 [error]: ❌ MongoDB connection error (attempt 1): connect ECONNREFUSED ::1:27017, connect ECONNREFUSED 127.0.0.1:27017
2026-08-13 15:40:29 [error]: MongoDB error: connect ECONNREFUSED ::1:27017, connect ECONNREFUSED 127.0.0.1:27017
2026-08-13 15:40:29 [error]: ❌ MongoDB connection error (attempt 1): connect ECONNREFUSED ::1:27017, connect ECONNREFUSED 127.0.0.1:27017
2026-08-13 15:40:29 [error]: MongoDB error: connect ECONNREFUSED ::1:27017, connect ECONNREFUSED 127.0.0.1:27017
2026-08-13 15:40:30 [error]: ❌ MongoDB connection error (attempt 1): connect ECONNREFUSED ::1:27017, connect ECONNREFUSED 127.0.0.1:27017
2026-08-13 15:40:30 [error]: MongoDB error: connect ECONNREFUSED ::1:27017, connect ECONNREFUSED 127.0.0.1:27017
2026-08-13 15:40:30 [error]: ❌ MongoDB connection error (attempt 1): connect ECONNREFUSED ::1:27017, connect ECONNREFUSED 127.0.0.1:27017
2026-08-13 15:40:30 [error]: MongoDB error: connect ECONNREFUSED ::1:27017, connect ECONNREFUSED 127.0.0.1:27017
2026-08-13 15:40:34 [error]: ❌ MongoDB connection error (attempt 1): connect ECONNREFUSED ::1:27017, connect ECONNREFUSED 127.0.0.1:27017
2026-08-13 15:40:34 [error]: MongoDB error: connect ECONNREFUSED ::1:27017, connect ECONNREFUSED 127.0.0.1:27017
2026-08-13 15:40:34 [error]: ❌ MongoDB connection error (attempt 1): connect ECONNREFUSED ::1:27017, connect ECONNREFUSED 127.0.0.1:27017
2026-08-13 15:40:34 [error]: MongoDB error: connect ECONNREFUSED ::1:27017, connect ECONNREFUSED 127.0.0.1:27017
2026-08-13 15:40:35 [error]: ❌ MongoDB connection error (attempt 1): connect ECONNREFUSED ::1:27017, connect ECONNREFUSED 127.0.0.1:27017
2026-08-13 15:40:35 [error]: MongoDB error: connect ECONNREFUSED ::1:27017, connect ECONNREFUSED 127.0.0.1:27017
2026-08-13 15:40:35 [error]: ❌ MongoDB connection error (attempt 1): connect ECONNREFUSED ::1:27017, connect ECONNREFUSED 127.0.0.1:27017
2026-08-13 15:40:35 [error]: MongoDB error: connect ECONNREFUSED ::1:27017, connect ECONNREFUSED 127.0.0.1:27017
2026-08-13 15:40:39 [error]: ❌ MongoDB connection error (attempt 1): connect ECONNREFUSED ::1:27017, connect ECONNREFUSED 127.0.0.1:27017
2026-08-13 15:40:39 [error]: MongoDB error: connect ECONNREFUSED ::1:27017, connect ECONNREFUSED 127.0.0.1:27017
2026-08-13 15:40:39 [error]: ❌ MongoDB connection error (attempt 1): connect ECONNREFUSED ::1:27017, connect ECONNREFUSED 127.0.0.1:27017
2026-08-13 15:40:39 [error]: MongoDB error: connect ECONNREFUSED ::1:27017, connect ECONNREFUSED 127.0.0.1:27017
2026-08-13 15:40:40 [error]: ❌ MongoDB connection error (attempt 1): connect ECONNREFUSED ::1:27017, connect ECONNREFUSED 127.0.0.1:27017
2026-08-13 15:40:40 [error]: MongoDB error: connect ECONNREFUSED ::1:27017, connect ECONNREFUSED 127.0.0.1:27017
2026-08-13 15:40:40 [error]: ❌ MongoDB connection error (attempt 1): connect ECONNREFUSED ::1:27017, connect ECONNREFUSED 127.0.0.1:27017
2026-08-13 15:40:40 [error]: MongoDB error: connect ECONNREFUSED ::1:27017, connect ECONNREFUSED 127.0.0.1:27017
2026-08-13 15:40:44 [error]: ❌ MongoDB connection error (attempt 1): connect ECONNREFUSED ::1:27017, connect ECONNREFUSED 127.0.0.1:27017
2026-08-13 15:40:44 [error]: MongoDB error: connect ECONNREFUSED ::1:27017, connect ECONNREFUSED 127.0.0.1:27017
2026-08-13 15:40:44 [error]: ❌ MongoDB connection error (attempt 1): connect ECONNREFUSED ::1:27017, connect ECONNREFUSED 127.0.0.1:27017
2026-08-13 15:40:44 [error]: MongoDB error: connect ECONNREFUSED ::1:27017, connect ECONNREFUSED 127.0.0.1:27017
2026-08-13 15:40:45 [error]: ❌ MongoDB connection error (attempt 1): connect ECONNREFUSED ::1:27017, connect ECONNREFUSED 127.0.0.1:27017
2026-08-13 15:40:45 [error]: MongoDB error: connect ECONNREFUSED ::1:27017, connect ECONNREFUSED 127.0.0.1:27017
2026-08-13 15:40:45 [error]: ❌ MongoDB connection error (attempt 1): connect ECONNREFUSED ::1:27017, connect ECONNREFUSED 127.0.0.1:27017
2026-08-13 15:40:45 [error]: MongoDB error: connect ECONNREFUSED ::1:27017, connect ECONNREFUSED 127.0.0.1:27017
2026-08-13 15:40:49 [error]: ❌ MongoDB connection error (attempt 1): connect ECONNREFUSED ::1:27017, connect ECONNREFUSED 127.0.0.1:27017
2026-08-13 15:40:49 [error]: MongoDB error: connect ECONNREFUSED ::1:27017, connect ECONNREFUSED 127.0.0.1:27017
2026-08-13 15:40:49 [error]: ❌ MongoDB connection error (attempt 1): connect ECONNREFUSED ::1:27017, connect ECONNREFUSED 127.0.0.1:27017
2026-08-13 15:40:49 [error]: MongoDB error: connect ECONNREFUSED ::1:27017, connect ECONNREFUSED 127.0.0.1:27017
2026-08-13 15:40:50 [error]: ❌ MongoDB connection error (attempt 1): connect ECONNREFUSED ::1:27017, connect ECONNREFUSED 127.0.0.1:27017
2026-08-13 15:40:50 [error]: MongoDB error: connect ECONNREFUSED ::1:27017, connect ECONNREFUSED 127.0.0.1:27017
2026-08-13 15:40:50 [error]: ❌ MongoDB connection error (attempt 1): connect ECONNREFUSED ::1:27017, connect ECONNREFUSED 127.0.0.1:27017
2026-08-13 15:40:50 [error]: MongoDB error: connect ECONNREFUSED ::1:27017, connect ECONNREFUSED 127.0.0.1:27017
2026-08-13 15:40:54 [error]: ❌ MongoDB connection error (attempt 1): connect ECONNREFUSED ::1:27017, connect ECONNREFUSED 127.0.0.1:27017
2026-08-13 15:40:54 [error]: MongoDB error: connect ECONNREFUSED ::1:27017, connect ECONNREFUSED 127.0.0.1:27017
2026-08-13 15:40:54 [error]: ❌ MongoDB connection error (attempt 1): connect ECONNREFUSED ::1:27017, connect ECONNREFUSED 127.0.0.1:27017
2026-08-13 15:40:54 [error]: MongoDB error: connect ECONNREFUSED ::1:27017, connect ECONNREFUSED 127.0.0.1:27017
2026-08-13 15:40:55 [error]: ❌ MongoDB connection error (attempt 1): connect ECONNREFUSED ::1:27017, connect ECONNREFUSED 127.0.0.1:27017
2026-08-13 15:40:55 [error]: MongoDB error: connect ECONNREFUSED ::1:27017, connect ECONNREFUSED 127.0.0.1:27017
2026-08-13 15:40:55 [error]: ❌ MongoDB connection error (attempt 1): connect ECONNREFUSED ::1:27017, connect ECONNREFUSED 127.0.0.1:27017
2026-08-13 15:40:55 [error]: MongoDB error: connect ECONNREFUSED ::1:27017, connect ECONNREFUSED 127.0.0.1:27017
2026-08-13 15:40:59 [error]: ❌ MongoDB connection error (attempt 1): connect ECONNREFUSED ::1:27017, connect ECONNREFUSED 127.0.0.1:27017
2026-08-13 15:40:59 [error]: MongoDB error: connect ECONNREFUSED ::1:27017, connect ECONNREFUSED 127.0.0.1:27017
2026-08-13 15:40:59 [error]: ❌ MongoDB connection error (attempt 1): connect ECONNREFUSED ::1:27017, connect ECONNREFUSED 127.0.0.1:27017
2026-08-13 15:40:59 [error]: MongoDB error: connect ECONNREFUSED ::1:27017, connect ECONNREFUSED 127.0.0.1:27017
2026-08-13 15:41:00 [error]: ❌ MongoDB connection error (attempt 1): connect ECONNREFUSED ::1:27017, connect ECONNREFUSED 127.0.0.1:27017
2026-08-13 15:41:00 [error]: MongoDB error: connect ECONNREFUSED ::1:27017, connect ECONNREFUSED 127.0.0.1:27017
2026-08-13 15:41:00 [error]: ❌ MongoDB connection error (attempt 1): connect ECONNREFUSED ::1:27017, connect ECONNREFUSED 127.0.0.1:27017
2026-08-13 15:41:00 [error]: MongoDB error: connect ECONNREFUSED ::1:27017, connect ECONNREFUSED 127.0.0.1:27017
2026-08-13 15:41:04 [error]: ❌ MongoDB connection error (attempt 1): connect ECONNREFUSED ::1:27017, connect ECONNREFUSED 127.0.0.1:27017
2026-08-13 15:41:04 [error]: MongoDB error: connect ECONNREFUSED ::1:27017, connect ECONNREFUSED 127.0.0.1:27017
2026-08-13 15:41:04 [error]: ❌ MongoDB connection error (attempt 1): connect ECONNREFUSED ::1:27017, connect ECONNREFUSED 127.0.0.1:27017
2026-08-13 15:41:04 [error]: MongoDB error: connect ECONNREFUSED ::1:27017, connect ECONNREFUSED 127.0.0.1:27017
2026-08-13 15:41:05 [error]: ❌ MongoDB connection error (attempt 1): connect ECONNREFUSED ::1:27017, connect ECONNREFUSED 127.0.0.1:27017
2026-08-13 15:41:05 [error]: MongoDB error: connect ECONNREFUSED ::1:27017, connect ECONNREFUSED 127.0.0.1:27017
2026-08-13 15:41:05 [error]: ❌ MongoDB connection error (attempt 1): connect ECONNREFUSED ::1:27017, connect ECONNREFUSED 127.0.0.1:27017
2026-08-13 15:41:05 [error]: MongoDB error: connect ECONNREFUSED ::1:27017, connect ECONNREFUSED 127.0.0.1:27017
2026-08-13 15:41:09 [error]: ❌ MongoDB connection error (attempt 1): connect ECONNREFUSED ::1:27017, connect ECONNREFUSED 127.0.0.1:27017
2026-08-13 15:41:09 [error]: MongoDB error: connect ECONNREFUSED ::1:27017, connect ECONNREFUSED 127.0.0.1:27017
2026-08-13 15:41:09 [error]: ❌ MongoDB connection error (attempt 1): connect ECONNREFUSED ::1:27017, connect ECONNREFUSED 127.0.0.1:27017
2026-08-13 15:41:09 [error]: MongoDB error: connect ECONNREFUSED ::1:27017, connect ECONNREFUSED 127.0.0.1:27017
2026-08-13 15:41:10 [error]: ❌ MongoDB connection error (attempt 1): connect ECONNREFUSED ::1:27017, connect ECONNREFUSED 127.0.0.1:27017
2026-08-13 15:41:10 [error]: MongoDB error: connect ECONNREFUSED ::1:27017, connect ECONNREFUSED 127.0.0.1:27017
2026-08-13 15:41:10 [error]: ❌ MongoDB connection error (attempt 1): connect ECONNREFUSED ::1:27017, connect ECONNREFUSED 127.0.0.1:27017
2026-08-13 15:41:10 [error]: MongoDB error: connect ECONNREFUSED ::1:27017, connect ECONNREFUSED 127.0.0.1:27017
2026-08-13 15:41:14 [error]: ❌ MongoDB connection error (attempt 1): connect ECONNREFUSED ::1:27017, connect ECONNREFUSED 127.0.0.1:27017
2026-08-13 15:41:14 [error]: MongoDB error: connect ECONNREFUSED ::1:27017, connect ECONNREFUSED 127.0.0.1:27017
2026-08-13 15:41:14 [error]: ❌ MongoDB connection error (attempt 1): connect ECONNREFUSED ::1:27017, connect ECONNREFUSED 127.0.0.1:27017
2026-08-13 15:41:14 [error]: MongoDB error: connect ECONNREFUSED ::1:27017, connect ECONNREFUSED 127.0.0.1:27017
2026-08-13 15:41:15 [error]: ❌ MongoDB connection error (attempt 1): connect ECONNREFUSED ::1:27017, connect ECONNREFUSED 127.0.0.1:27017
2026-08-13 15:41:15 [error]: MongoDB error: connect ECONNREFUSED ::1:27017, connect ECONNREFUSED 127.0.0.1:27017
2026-08-13 15:41:15 [error]: ❌ MongoDB connection error (attempt 1): connect ECONNREFUSED ::1:27017, connect ECONNREFUSED 127.0.0.1:27017
2026-08-13 15:41:15 [error]: MongoDB error: connect ECONNREFUSED ::1:27017, connect ECONNREFUSED 127.0.0.1:27017
2026-08-13 15:41:19 [error]: ❌ MongoDB connection error (attempt 1): connect ECONNREFUSED ::1:27017, connect ECONNREFUSED 127.0.0.1:27017
2026-08-13 15:41:19 [error]: MongoDB error: connect ECONNREFUSED ::1:27017, connect ECONNREFUSED 127.0.0.1:27017
2026-08-13 15:41:19 [error]: ❌ MongoDB connection error (attempt 1): connect ECONNREFUSED ::1:27017, connect ECONNREFUSED 127.0.0.1:27017
2026-08-13 15:41:19 [error]: MongoDB error: connect ECONNREFUSED ::1:27017, connect ECONNREFUSED 127.0.0.1:27017
2026-08-13 15:41:20 [error]: ❌ MongoDB connection error (attempt 1): connect ECONNREFUSED ::1:27017, connect ECONNREFUSED 127.0.0.1:27017
2026-08-13 15:41:20 [error]: MongoDB error: connect ECONNREFUSED ::1:27017, connect ECONNREFUSED 127.0.0.1:27017
2026-08-13 15:41:20 [error]: ❌ MongoDB connection error (attempt 1): connect ECONNREFUSED ::1:27017, connect ECONNREFUSED 127.0.0.1:27017
2026-08-13 15:41:20 [error]: MongoDB error: connect ECONNREFUSED ::1:27017, connect ECONNREFUSED 127.0.0.1:27017
2026-08-13 15:41:24 [error]: ❌ MongoDB connection error (attempt 1): connect ECONNREFUSED ::1:27017, connect ECONNREFUSED 127.0.0.1:27017
2026-08-13 15:41:24 [error]: MongoDB error: connect ECONNREFUSED ::1:27017, connect ECONNREFUSED 127.0.0.1:27017
2026-08-13 15:41:24 [error]: ❌ MongoDB connection error (attempt 1): connect ECONNREFUSED ::1:27017, connect ECONNREFUSED 127.0.0.1:27017
2026-08-13 15:41:24 [error]: MongoDB error: connect ECONNREFUSED ::1:27017, connect ECONNREFUSED 127.0.0.1:27017
2026-08-13 15:41:25 [error]: ❌ MongoDB connection error (attempt 1): connect ECONNREFUSED ::1:27017, connect ECONNREFUSED 127.0.0.1:27017
2026-08-13 15:41:25 [error]: MongoDB error: connect ECONNREFUSED ::1:27017, connect ECONNREFUSED 127.0.0.1:27017
2026-08-13 15:41:25 [error]: ❌ MongoDB connection error (attempt 1): connect ECONNREFUSED ::1:27017, connect ECONNREFUSED 127.0.0.1:27017
2026-08-13 15:41:25 [error]: MongoDB error: connect ECONNREFUSED ::1:27017, connect ECONNREFUSED 127.0.0.1:27017
2026-08-13 15:41:29 [error]: ❌ MongoDB connection error (attempt 1): connect ECONNREFUSED ::1:27017, connect ECONNREFUSED 127.0.0.1:27017
2026-08-13 15:41:29 [error]: MongoDB error: connect ECONNREFUSED ::1:27017, connect ECONNREFUSED 127.0.0.1:27017
2026-08-13 15:41:29 [error]: ❌ MongoDB connection error (attempt 1): connect ECONNREFUSED ::1:27017, connect ECONNREFUSED 127.0.0.1:27017
2026-08-13 15:41:29 [error]: MongoDB error: connect ECONNREFUSED ::1:27017, connect ECONNREFUSED 127.0.0.1:27017
2026-08-13 15:41:30 [error]: ❌ MongoDB connection error (attempt 1): connect ECONNREFUSED ::1:27017, connect ECONNREFUSED 127.0.0.1:27017
2026-08-13 15:41:30 [error]: MongoDB error: connect ECONNREFUSED ::1:27017, connect ECONNREFUSED 127.0.0.1:27017
2026-08-13 15:41:30 [error]: ❌ MongoDB connection error (attempt 1): connect ECONNREFUSED ::1:27017, connect ECONNREFUSED 127.0.0.1:27017
2026-08-13 15:41:30 [error]: MongoDB error: connect ECONNREFUSED ::1:27017, connect ECONNREFUSED 127.0.0.1:27017
2026-08-13 15:41:34 [error]: ❌ MongoDB connection error (attempt 1): connect ECONNREFUSED ::1:27017, connect ECONNREFUSED 127.0.0.1:27017
2026-08-13 15:41:34 [error]: MongoDB error: connect ECONNREFUSED ::1:27017, connect ECONNREFUSED 127.0.0.1:27017
2026-08-13 15:41:34 [error]: ❌ MongoDB connection error (attempt 1): connect ECONNREFUSED ::1:27017, connect ECONNREFUSED 127.0.0.1:27017
2026-08-13 15:41:34 [error]: MongoDB error: connect ECONNREFUSED ::1:27017, connect ECONNREFUSED 127.0.0.1:27017
2026-08-13 15:41:35 [error]: ❌ MongoDB connection error (attempt 1): connect ECONNREFUSED ::1:27017, connect ECONNREFUSED 127.0.0.1:27017
2026-08-13 15:41:35 [error]: MongoDB error: connect ECONNREFUSED ::1:27017, connect ECONNREFUSED 127.0.0.1:27017
2026-08-13 15:41:35 [error]: ❌ MongoDB connection error (attempt 1): connect ECONNREFUSED ::1:27017, connect ECONNREFUSED 127.0.0.1:27017
2026-08-13 15:41:35 [error]: MongoDB error: connect ECONNREFUSED ::1:27017, connect ECONNREFUSED 127.0.0.1:27017
2026-08-13 15:41:39 [error]: ❌ MongoDB connection error (attempt 1): connect ECONNREFUSED ::1:27017, connect ECONNREFUSED 127.0.0.1:27017
2026-08-13 15:41:39 [error]: MongoDB error: connect ECONNREFUSED ::1:27017, connect ECONNREFUSED 127.0.0.1:27017
2026-08-13 15:41:39 [error]: ❌ MongoDB connection error (attempt 1): connect ECONNREFUSED ::1:27017, connect ECONNREFUSED 127.0.0.1:27017
2026-08-13 15:41:39 [error]: MongoDB error: connect ECONNREFUSED ::1:27017, connect ECONNREFUSED 127.0.0.1:27017
2026-08-13 15:41:40 [error]: ❌ MongoDB connection error (attempt 1): connect ECONNREFUSED ::1:27017, connect ECONNREFUSED 127.0.0.1:27017
2026-08-13 15:41:40 [error]: MongoDB error: connect ECONNREFUSED ::1:27017, connect ECONNREFUSED 127.0.0.1:27017
2026-08-13 15:41:40 [error]: ❌ MongoDB connection error (attempt 1): connect ECONNREFUSED ::1:27017, connect ECONNREFUSED 127.0.0.1:27017
2026-08-13 15:41:40 [error]: MongoDB error: connect ECONNREFUSED ::1:27017, connect ECONNREFUSED 127.0.0.1:27017
2026-08-13 15:41:44 [error]: ❌ MongoDB connection error (attempt 1): connect ECONNREFUSED ::1:27017, connect ECONNREFUSED 127.0.0.1:27017
2026-08-13 15:41:44 [error]: MongoDB error: connect ECONNREFUSED ::1:27017, connect ECONNREFUSED 127.0.0.1:27017
2026-08-13 15:41:44 [error]: ❌ MongoDB connection error (attempt 1): connect ECONNREFUSED ::1:27017, connect ECONNREFUSED 127.0.0.1:27017
2026-08-13 15:41:44 [error]: MongoDB error: connect ECONNREFUSED ::1:27017, connect ECONNREFUSED 127.0.0.1:27017
2026-08-13 15:41:45 [error]: ❌ MongoDB connection error (attempt 1): connect ECONNREFUSED ::1:27017, connect ECONNREFUSED 127.0.0.1:27017
2026-08-13 15:41:45 [error]: MongoDB error: connect ECONNREFUSED ::1:27017, connect ECONNREFUSED 127.0.0.1:27017
2026-08-13 15:41:45 [error]: ❌ MongoDB connection error (attempt 1): connect ECONNREFUSED ::1:27017, connect ECONNREFUSED 127.0.0.1:27017
2026-08-13 15:41:45 [error]: MongoDB error: connect ECONNREFUSED ::1:27017, connect ECONNREFUSED 127.0.0.1:27017
2026-08-13 15:41:49 [error]: ❌ MongoDB connection error (attempt 1): connect ECONNREFUSED ::1:27017, connect ECONNREFUSED 127.0.0.1:27017
2026-08-13 15:41:49 [error]: MongoDB error: connect ECONNREFUSED ::1:27017, connect ECONNREFUSED 127.0.0.1:27017
2026-08-13 15:41:49 [error]: ❌ MongoDB connection error (attempt 1): connect ECONNREFUSED ::1:27017, connect ECONNREFUSED 127.0.0.1:27017
2026-08-13 15:41:49 [error]: MongoDB error: connect ECONNREFUSED ::1:27017, connect ECONNREFUSED 127.0.0.1:27017
2026-08-13 15:41:50 [error]: ❌ MongoDB connection error (attempt 1): connect ECONNREFUSED ::1:27017, connect ECONNREFUSED 127.0.0.1:27017
2026-08-13 15:41:50 [error]: MongoDB error: connect ECONNREFUSED ::1:27017, connect ECONNREFUSED 127.0.0.1:27017
2026-08-13 15:41:50 [error]: ❌ MongoDB connection error (attempt 1): connect ECONNREFUSED ::1:27017, connect ECONNREFUSED 127.0.0.1:27017
2026-08-13 15:41:50 [error]: MongoDB error: connect ECONNREFUSED ::1:27017, connect ECONNREFUSED 127.0.0.1:27017
2026-08-13 15:41:54 [error]: ❌ MongoDB connection error (attempt 1): connect ECONNREFUSED ::1:27017, connect ECONNREFUSED 127.0.0.1:27017
2026-08-13 15:41:54 [error]: MongoDB error: connect ECONNREFUSED ::1:27017, connect ECONNREFUSED 127.0.0.1:27017
2026-08-13 15:41:54 [error]: ❌ MongoDB connection error (attempt 1): connect ECONNREFUSED ::1:27017, connect ECONNREFUSED 127.0.0.1:27017
2026-08-13 15:41:54 [error]: MongoDB error: connect ECONNREFUSED ::1:27017, connect ECONNREFUSED 127.0.0.1:27017
2026-08-13 15:41:55 [error]: ❌ MongoDB connection error (attempt 1): connect ECONNREFUSED ::1:27017, connect ECONNREFUSED 127.0.0.1:27017
2026-08-13 15:41:55 [error]: MongoDB error: connect ECONNREFUSED ::1:27017, connect ECONNREFUSED 127.0.0.1:27017
2026-08-13 15:41:55 [error]: ❌ MongoDB connection error (attempt 1): connect ECONNREFUSED ::1:27017, connect ECONNREFUSED 127.0.0.1:27017
2026-08-13 15:41:55 [error]: MongoDB error: connect ECONNREFUSED ::1:27017, connect ECONNREFUSED 127.0.0.1:27017
2026-08-13 15:41:59 [error]: ❌ MongoDB connection error (attempt 1): connect ECONNREFUSED ::1:27017, connect ECONNREFUSED 127.0.0.1:27017
2026-08-13 15:41:59 [error]: MongoDB error: connect ECONNREFUSED ::1:27017, connect ECONNREFUSED 127.0.0.1:27017
2026-08-13 15:41:59 [error]: ❌ MongoDB connection error (attempt 1): connect ECONNREFUSED ::1:27017, connect ECONNREFUSED 127.0.0.1:27017
2026-08-13 15:41:59 [error]: MongoDB error: connect ECONNREFUSED ::1:27017, connect ECONNREFUSED 127.0.0.1:27017
2026-08-13 15:42:00 [error]: ❌ MongoDB connection error (attempt 1): connect ECONNREFUSED ::1:27017, connect ECONNREFUSED 127.0.0.1:27017
2026-08-13 15:42:00 [error]: MongoDB error: connect ECONNREFUSED ::1:27017, connect ECONNREFUSED 127.0.0.1:27017
2026-08-13 15:42:00 [error]: ❌ MongoDB connection error (attempt 1): connect ECONNREFUSED ::1:27017, connect ECONNREFUSED 127.0.0.1:27017
2026-08-13 15:42:00 [error]: MongoDB error: connect ECONNREFUSED ::1:27017, connect ECONNREFUSED 127.0.0.1:27017
2026-08-13 15:42:04 [error]: ❌ MongoDB connection error (attempt 1): connect ECONNREFUSED ::1:27017, connect ECONNREFUSED 127.0.0.1:27017
2026-08-13 15:42:04 [error]: MongoDB error: connect ECONNREFUSED ::1:27017, connect ECONNREFUSED 127.0.0.1:27017
2026-08-13 15:42:04 [error]: ❌ MongoDB connection error (attempt 1): connect ECONNREFUSED ::1:27017, connect ECONNREFUSED 127.0.0.1:27017
2026-08-13 15:42:04 [error]: MongoDB error: connect ECONNREFUSED ::1:27017, connect ECONNREFUSED 127.0.0.1:27017
2026-08-13 15:42:05 [error]: ❌ MongoDB connection error (attempt 1): connect ECONNREFUSED ::1:27017, connect ECONNREFUSED 127.0.0.1:27017
2026-08-13 15:42:05 [error]: MongoDB error: connect ECONNREFUSED ::1:27017, connect ECONNREFUSED 127.0.0.1:27017
2026-08-13 15:42:05 [error]: ❌ MongoDB connection error (attempt 1): connect ECONNREFUSED ::1:27017, connect ECONNREFUSED 127.0.0.1:27017
2026-08-13 15:42:05 [error]: MongoDB error: connect ECONNREFUSED ::1:27017, connect ECONNREFUSED 127.0.0.1:27017
2026-08-13 15:42:09 [error]: ❌ MongoDB connection error (attempt 1): connect ECONNREFUSED ::1:27017, connect ECONNREFUSED 127.0.0.1:27017
2026-08-13 15:42:09 [error]: MongoDB error: connect ECONNREFUSED ::1:27017, connect ECONNREFUSED 127.0.0.1:27017
2026-08-13 15:42:09 [error]: ❌ MongoDB connection error (attempt 1): connect ECONNREFUSED ::1:27017, connect ECONNREFUSED 127.0.0.1:27017
2026-08-13 15:42:09 [error]: MongoDB error: connect ECONNREFUSED ::1:27017, connect ECONNREFUSED 127.0.0.1:27017
2026-08-13 15:42:10 [error]: ❌ MongoDB connection error (attempt 1): connect ECONNREFUSED ::1:27017, connect ECONNREFUSED 127.0.0.1:27017
2026-08-13 15:42:10 [error]: MongoDB error: connect ECONNREFUSED ::1:27017, connect ECONNREFUSED 127.0.0.1:27017
2026-08-13 15:42:10 [error]: ❌ MongoDB connection error (attempt 1): connect ECONNREFUSED ::1:27017, connect ECONNREFUSED 127.0.0.1:27017
2026-08-13 15:42:10 [error]: MongoDB error: connect ECONNREFUSED ::1:27017, connect ECONNREFUSED 127.0.0.1:27017
2026-08-13 15:42:14 [error]: ❌ MongoDB connection error (attempt 1): connect ECONNREFUSED ::1:27017, connect ECONNREFUSED 127.0.0.1:27017
2026-08-13 15:42:14 [error]: MongoDB error: connect ECONNREFUSED ::1:27017, connect ECONNREFUSED 127.0.0.1:27017
2026-08-13 15:42:14 [error]: ❌ MongoDB connection error (attempt 1): connect ECONNREFUSED ::1:27017, connect ECONNREFUSED 127.0.0.1:27017
2026-08-13 15:42:14 [error]: MongoDB error: connect ECONNREFUSED ::1:27017, connect ECONNREFUSED 127.0.0.1:27017
2026-08-13 15:42:15 [error]: ❌ MongoDB connection error (attempt 1): connect ECONNREFUSED ::1:27017, connect ECONNREFUSED 127.0.0.1:27017
2026-08-13 15:42:15 [error]: MongoDB error: connect ECONNREFUSED ::1:27017, connect ECONNREFUSED 127.0.0.1:27017
2026-08-13 15:42:15 [error]: ❌ MongoDB connection error (attempt 1): connect ECONNREFUSED ::1:27017, connect ECONNREFUSED 127.0.0.1:27017
2026-08-13 15:42:15 [error]: MongoDB error: connect ECONNREFUSED ::1:27017, connect ECONNREFUSED 127.0.0.1:27017
2026-08-13 15:42:19 [error]: ❌ MongoDB connection error (attempt 1): connect ECONNREFUSED ::1:27017, connect ECONNREFUSED 127.0.0.1:27017
2026-08-13 15:42:19 [error]: MongoDB error: connect ECONNREFUSED ::1:27017, connect ECONNREFUSED 127.0.0.1:27017
2026-08-13 15:42:19 [error]: ❌ MongoDB connection error (attempt 1): connect ECONNREFUSED ::1:27017, connect ECONNREFUSED 127.0.0.1:27017
2026-08-13 15:42:19 [error]: MongoDB error: connect ECONNREFUSED ::1:27017, connect ECONNREFUSED 127.0.0.1:27017
2026-08-13 15:42:20 [error]: ❌ MongoDB connection error (attempt 1): connect ECONNREFUSED ::1:27017, connect ECONNREFUSED 127.0.0.1:27017
2026-08-13 15:42:20 [error]: MongoDB error: connect ECONNREFUSED ::1:27017, connect ECONNREFUSED 127.0.0.1:27017
2026-08-13 15:42:20 [error]: ❌ MongoDB connection error (attempt 1): connect ECONNREFUSED ::1:27017, connect ECONNREFUSED 127.0.0.1:27017
2026-08-13 15:42:20 [error]: MongoDB error: connect ECONNREFUSED ::1:27017, connect ECONNREFUSED 127.0.0.1:27017
2026-08-13 15:42:24 [error]: ❌ MongoDB connection error (attempt 1): connect ECONNREFUSED ::1:27017, connect ECONNREFUSED 127.0.0.1:27017
2026-08-13 15:42:24 [error]: MongoDB error: connect ECONNREFUSED ::1:27017, connect ECONNREFUSED 127.0.0.1:27017
2026-08-13 15:42:24 [error]: ❌ MongoDB connection error (attempt 1): connect ECONNREFUSED ::1:27017, connect ECONNREFUSED 127.0.0.1:27017
2026-08-13 15:42:24 [error]: MongoDB error: connect ECONNREFUSED ::1:27017, connect ECONNREFUSED 127.0.0.1:27017
2026-08-13 15:42:26 [error]: ❌ MongoDB connection error (attempt 1): connect ECONNREFUSED ::1:27017, connect ECONNREFUSED 127.0.0.1:27017
2026-08-13 15:42:26 [error]: MongoDB error: connect ECONNREFUSED ::1:27017, connect ECONNREFUSED 127.0.0.1:27017
2026-08-13 15:42:26 [error]: ❌ MongoDB connection error (attempt 1): connect ECONNREFUSED ::1:27017, connect ECONNREFUSED 127.0.0.1:27017
2026-08-13 15:42:26 [error]: MongoDB error: connect ECONNREFUSED ::1:27017, connect ECONNREFUSED 127.0.0.1:27017
2026-08-13 15:42:29 [error]: ❌ MongoDB connection error (attempt 1): connect ECONNREFUSED ::1:27017, connect ECONNREFUSED 127.0.0.1:27017
2026-08-13 15:42:29 [error]: MongoDB error: connect ECONNREFUSED ::1:27017, connect ECONNREFUSED 127.0.0.1:27017
2026-08-13 15:42:29 [error]: ❌ MongoDB connection error (attempt 1): connect ECONNREFUSED ::1:27017, connect ECONNREFUSED 127.0.0.1:27017
2026-08-13 15:42:29 [error]: MongoDB error: connect ECONNREFUSED ::1:27017, connect ECONNREFUSED 127.0.0.1:27017
2026-08-13 15:42:31 [error]: ❌ MongoDB connection error (attempt 1): connect ECONNREFUSED ::1:27017, connect ECONNREFUSED 127.0.0.1:27017
2026-08-13 15:42:31 [error]: MongoDB error: connect ECONNREFUSED ::1:27017, connect ECONNREFUSED 127.0.0.1:27017
2026-08-13 15:42:31 [error]: ❌ MongoDB connection error (attempt 1): connect ECONNREFUSED ::1:27017, connect ECONNREFUSED 127.0.0.1:27017
2026-08-13 15:42:31 [error]: MongoDB error: connect ECONNREFUSED ::1:27017, connect ECONNREFUSED 127.0.0.1:27017
2026-08-13 15:42:34 [error]: ❌ MongoDB connection error (attempt 1): connect ECONNREFUSED ::1:27017, connect ECONNREFUSED 127.0.0.1:27017
2026-08-13 15:42:34 [error]: MongoDB error: connect ECONNREFUSED ::1:27017, connect ECONNREFUSED 127.0.0.1:27017
2026-08-13 15:42:34 [error]: ❌ MongoDB connection error (attempt 1): connect ECONNREFUSED ::1:27017, connect ECONNREFUSED 127.0.0.1:27017
2026-08-13 15:42:34 [error]: MongoDB error: connect ECONNREFUSED ::1:27017, connect ECONNREFUSED 127.0.0.1:27017
2026-08-13 15:42:36 [error]: ❌ MongoDB connection error (attempt 1): connect ECONNREFUSED ::1:27017, connect ECONNREFUSED 127.0.0.1:27017
2026-08-13 15:42:36 [error]: MongoDB error: connect ECONNREFUSED ::1:27017, connect ECONNREFUSED 127.0.0.1:27017
2026-08-13 15:42:36 [error]: ❌ MongoDB connection error (attempt 1): connect ECONNREFUSED ::1:27017, connect ECONNREFUSED 127.0.0.1:27017
2026-08-13 15:42:36 [error]: MongoDB error: connect ECONNREFUSED ::1:27017, connect ECONNREFUSED 127.0.0.1:27017
2026-08-13 15:42:39 [error]: ❌ MongoDB connection error (attempt 1): connect ECONNREFUSED ::1:27017, connect ECONNREFUSED 127.0.0.1:27017
2026-08-13 15:42:39 [error]: MongoDB error: connect ECONNREFUSED ::1:27017, connect ECONNREFUSED 127.0.0.1:27017
2026-08-13 15:42:39 [error]: ❌ MongoDB connection error (attempt 1): connect ECONNREFUSED ::1:27017, connect ECONNREFUSED 127.0.0.1:27017
2026-08-13 15:42:39 [error]: MongoDB error: connect ECONNREFUSED ::1:27017, connect ECONNREFUSED 127.0.0.1:27017
2026-08-13 15:42:41 [error]: ❌ MongoDB connection error (attempt 1): connect ECONNREFUSED ::1:27017, connect ECONNREFUSED 127.0.0.1:27017
2026-08-13 15:42:41 [error]: MongoDB error: connect ECONNREFUSED ::1:27017, connect ECONNREFUSED 127.0.0.1:27017
2026-08-13 15:42:41 [error]: ❌ MongoDB connection error (attempt 1): connect ECONNREFUSED ::1:27017, connect ECONNREFUSED 127.0.0.1:27017
2026-08-13 15:42:41 [error]: MongoDB error: connect ECONNREFUSED ::1:27017, connect ECONNREFUSED 127.0.0.1:27017
2026-08-13 15:42:44 [error]: ❌ MongoDB connection error (attempt 1): connect ECONNREFUSED ::1:27017, connect ECONNREFUSED 127.0.0.1:27017
2026-08-13 15:42:44 [error]: MongoDB error: connect ECONNREFUSED ::1:27017, connect ECONNREFUSED 127.0.0.1:27017
2026-08-13 15:42:44 [error]: ❌ MongoDB connection error (attempt 1): connect ECONNREFUSED ::1:27017, connect ECONNREFUSED 127.0.0.1:27017
2026-08-13 15:42:44 [error]: MongoDB error: connect ECONNREFUSED ::1:27017, connect ECONNREFUSED 127.0.0.1:27017
2026-08-13 15:42:46 [error]: ❌ MongoDB connection error (attempt 1): connect ECONNREFUSED ::1:27017, connect ECONNREFUSED 127.0.0.1:27017
2026-08-13 15:42:46 [error]: MongoDB error: connect ECONNREFUSED ::1:27017, connect ECONNREFUSED 127.0.0.1:27017
2026-08-13 15:42:46 [error]: ❌ MongoDB connection error (attempt 1): connect ECONNREFUSED ::1:27017, connect ECONNREFUSED 127.0.0.1:27017
2026-08-13 15:42:46 [error]: MongoDB error: connect ECONNREFUSED ::1:27017, connect ECONNREFUSED 127.0.0.1:27017
2026-08-13 15:42:49 [error]: ❌ MongoDB connection error (attempt 1): connect ECONNREFUSED ::1:27017, connect ECONNREFUSED 127.0.0.1:27017
2026-08-13 15:42:49 [error]: MongoDB error: connect ECONNREFUSED ::1:27017, connect ECONNREFUSED 127.0.0.1:27017
2026-08-13 15:42:49 [error]: ❌ MongoDB connection error (attempt 1): connect ECONNREFUSED ::1:27017, connect ECONNREFUSED 127.0.0.1:27017
2026-08-13 15:42:49 [error]: MongoDB error: connect ECONNREFUSED ::1:27017, connect ECONNREFUSED 127.0.0.1:27017
2026-08-13 15:42:51 [error]: ❌ MongoDB connection error (attempt 1): connect ECONNREFUSED ::1:27017, connect ECONNREFUSED 127.0.0.1:27017
2026-08-13 15:42:51 [error]: MongoDB error: connect ECONNREFUSED ::1:27017, connect ECONNREFUSED 127.0.0.1:27017
2026-08-13 15:42:51 [error]: ❌ MongoDB connection error (attempt 1): connect ECONNREFUSED ::1:27017, connect ECONNREFUSED 127.0.0.1:27017
2026-08-13 15:42:51 [error]: MongoDB error: connect ECONNREFUSED ::1:27017, connect ECONNREFUSED 127.0.0.1:27017
2026-08-13 15:42:54 [error]: ❌ MongoDB connection error (attempt 1): connect ECONNREFUSED ::1:27017, connect ECONNREFUSED 127.0.0.1:27017
2026-08-13 15:42:54 [error]: MongoDB error: connect ECONNREFUSED ::1:27017, connect ECONNREFUSED 127.0.0.1:27017
2026-08-13 15:42:54 [error]: ❌ MongoDB connection error (attempt 1): connect ECONNREFUSED ::1:27017, connect ECONNREFUSED 127.0.0.1:27017
2026-08-13 15:42:54 [error]: MongoDB error: connect ECONNREFUSED ::1:27017, connect ECONNREFUSED 127.0.0.1:27017
2026-08-13 15:42:56 [error]: ❌ MongoDB connection error (attempt 1): connect ECONNREFUSED ::1:27017, connect ECONNREFUSED 127.0.0.1:27017
2026-08-13 15:42:56 [error]: MongoDB error: connect ECONNREFUSED ::1:27017, connect ECONNREFUSED 127.0.0.1:27017
2026-08-13 15:42:56 [error]: ❌ MongoDB connection error (attempt 1): connect ECONNREFUSED ::1:27017, connect ECONNREFUSED 127.0.0.1:27017
2026-08-13 15:42:56 [error]: MongoDB error: connect ECONNREFUSED ::1:27017, connect ECONNREFUSED 127.0.0.1:27017
2026-08-13 15:42:59 [error]: ❌ MongoDB connection error (attempt 1): connect ECONNREFUSED ::1:27017, connect ECONNREFUSED 127.0.0.1:27017
2026-08-13 15:42:59 [error]: MongoDB error: connect ECONNREFUSED ::1:27017, connect ECONNREFUSED 127.0.0.1:27017
2026-08-13 15:42:59 [error]: ❌ MongoDB connection error (attempt 1): connect ECONNREFUSED ::1:27017, connect ECONNREFUSED 127.0.0.1:27017
2026-08-13 15:42:59 [error]: MongoDB error: connect ECONNREFUSED ::1:27017, connect ECONNREFUSED 127.0.0.1:27017
2026-08-13 15:43:01 [error]: ❌ MongoDB connection error (attempt 1): connect ECONNREFUSED ::1:27017, connect ECONNREFUSED 127.0.0.1:27017
2026-08-13 15:43:01 [error]: MongoDB error: connect ECONNREFUSED ::1:27017, connect ECONNREFUSED 127.0.0.1:27017
2026-08-13 15:43:01 [error]: ❌ MongoDB connection error (attempt 1): connect ECONNREFUSED ::1:27017, connect ECONNREFUSED 127.0.0.1:27017
2026-08-13 15:43:01 [error]: MongoDB error: connect ECONNREFUSED ::1:27017, connect ECONNREFUSED 127.0.0.1:27017
2026-08-13 15:43:04 [error]: ❌ MongoDB connection error (attempt 1): connect ECONNREFUSED ::1:27017, connect ECONNREFUSED 127.0.0.1:27017
2026-08-13 15:43:04 [error]: MongoDB error: connect ECONNREFUSED ::1:27017, connect ECONNREFUSED 127.0.0.1:27017
2026-08-13 15:43:04 [error]: ❌ MongoDB connection error (attempt 1): connect ECONNREFUSED ::1:27017, connect ECONNREFUSED 127.0.0.1:27017
2026-08-13 15:43:04 [error]: MongoDB error: connect ECONNREFUSED ::1:27017, connect ECONNREFUSED 127.0.0.1:27017
2026-08-13 15:43:06 [error]: ❌ MongoDB connection error (attempt 1): connect ECONNREFUSED ::1:27017, connect ECONNREFUSED 127.0.0.1:27017
2026-08-13 15:43:06 [error]: MongoDB error: connect ECONNREFUSED ::1:27017, connect ECONNREFUSED 127.0.0.1:27017
2026-08-13 15:43:06 [error]: ❌ MongoDB connection error (attempt 1): connect ECONNREFUSED ::1:27017, connect ECONNREFUSED 127.0.0.1:27017
2026-08-13 15:43:06 [error]: MongoDB error: connect ECONNREFUSED ::1:27017, connect ECONNREFUSED 127.0.0.1:27017
2026-08-13 15:43:09 [error]: ❌ MongoDB connection error (attempt 1): connect ECONNREFUSED ::1:27017, connect ECONNREFUSED 127.0.0.1:27017
2026-08-13 15:43:09 [error]: MongoDB error: connect ECONNREFUSED ::1:27017, connect ECONNREFUSED 127.0.0.1:27017
2026-08-13 15:43:09 [error]: ❌ MongoDB connection error (attempt 1): connect ECONNREFUSED ::1:27017, connect ECONNREFUSED 127.0.0.1:27017
2026-08-13 15:43:09 [error]: MongoDB error: connect ECONNREFUSED ::1:27017, connect ECONNREFUSED 127.0.0.1:27017
2026-08-13 15:43:11 [error]: ❌ MongoDB connection error (attempt 1): connect ECONNREFUSED ::1:27017, connect ECONNREFUSED 127.0.0.1:27017
2026-08-13 15:43:11 [error]: MongoDB error: connect ECONNREFUSED ::1:27017, connect ECONNREFUSED 127.0.0.1:27017
2026-08-13 15:43:11 [error]: ❌ MongoDB connection error (attempt 1): connect ECONNREFUSED ::1:27017, connect ECONNREFUSED 127.0.0.1:27017
2026-08-13 15:43:11 [error]: MongoDB error: connect ECONNREFUSED ::1:27017, connect ECONNREFUSED 127.0.0.1:27017
2026-08-13 15:43:14 [error]: ❌ MongoDB connection error (attempt 1): connect ECONNREFUSED ::1:27017, connect ECONNREFUSED 127.0.0.1:27017
2026-08-13 15:43:14 [error]: MongoDB error: connect ECONNREFUSED ::1:27017, connect ECONNREFUSED 127.0.0.1:27017
2026-08-13 15:43:14 [error]: ❌ MongoDB connection error (attempt 1): connect ECONNREFUSED ::1:27017, connect ECONNREFUSED 127.0.0.1:27017
2026-08-13 15:43:14 [error]: MongoDB error: connect ECONNREFUSED ::1:27017, connect ECONNREFUSED 127.0.0.1:27017
2026-08-13 15:43:16 [error]: ❌ MongoDB connection error (attempt 1): connect ECONNREFUSED ::1:27017, connect ECONNREFUSED 127.0.0.1:27017
2026-08-13 15:43:16 [error]: MongoDB error: connect ECONNREFUSED ::1:27017, connect ECONNREFUSED 127.0.0.1:27017
2026-08-13 15:43:16 [error]: ❌ MongoDB connection error (attempt 1): connect ECONNREFUSED ::1:27017, connect ECONNREFUSED 127.0.0.1:27017
2026-08-13 15:43:16 [error]: MongoDB error: connect ECONNREFUSED ::1:27017, connect ECONNREFUSED 127.0.0.1:27017
2026-08-13 15:43:19 [error]: ❌ MongoDB connection error (attempt 1): connect ECONNREFUSED ::1:27017, connect ECONNREFUSED 127.0.0.1:27017
2026-08-13 15:43:19 [error]: MongoDB error: connect ECONNREFUSED ::1:27017, connect ECONNREFUSED 127.0.0.1:27017
2026-08-13 15:43:19 [error]: ❌ MongoDB connection error (attempt 1): connect ECONNREFUSED ::1:27017, connect ECONNREFUSED 127.0.0.1:27017
2026-08-13 15:43:19 [error]: MongoDB error: connect ECONNREFUSED ::1:27017, connect ECONNREFUSED 127.0.0.1:27017
2026-08-13 15:43:21 [error]: ❌ MongoDB connection error (attempt 1): connect ECONNREFUSED ::1:27017, connect ECONNREFUSED 127.0.0.1:27017
2026-08-13 15:43:21 [error]: MongoDB error: connect ECONNREFUSED ::1:27017, connect ECONNREFUSED 127.0.0.1:27017
2026-08-13 15:43:21 [error]: ❌ MongoDB connection error (attempt 1): connect ECONNREFUSED ::1:27017, connect ECONNREFUSED 127.0.0.1:27017
2026-08-13 15:43:21 [error]: MongoDB error: connect ECONNREFUSED ::1:27017, connect ECONNREFUSED 127.0.0.1:27017
2026-08-13 15:43:24 [error]: ❌ MongoDB connection error (attempt 1): connect ECONNREFUSED ::1:27017, connect ECONNREFUSED 127.0.0.1:27017
2026-08-13 15:43:24 [error]: MongoDB error: connect ECONNREFUSED ::1:27017, connect ECONNREFUSED 127.0.0.1:27017
2026-08-13 15:43:24 [error]: ❌ MongoDB connection error (attempt 1): connect ECONNREFUSED ::1:27017, connect ECONNREFUSED 127.0.0.1:27017
2026-08-13 15:43:24 [error]: MongoDB error: connect ECONNREFUSED ::1:27017, connect ECONNREFUSED 127.0.0.1:27017
2026-08-13 15:43:26 [error]: ❌ MongoDB connection error (attempt 1): connect ECONNREFUSED ::1:27017, connect ECONNREFUSED 127.0.0.1:27017
2026-08-13 15:43:26 [error]: MongoDB error: connect ECONNREFUSED ::1:27017, connect ECONNREFUSED 127.0.0.1:27017
2026-08-13 15:43:26 [error]: ❌ MongoDB connection error (attempt 1): connect ECONNREFUSED ::1:27017, connect ECONNREFUSED 127.0.0.1:27017
2026-08-13 15:43:26 [error]: MongoDB error: connect ECONNREFUSED ::1:27017, connect ECONNREFUSED 127.0.0.1:27017
2026-08-13 15:43:29 [error]: ❌ MongoDB connection error (attempt 1): connect ECONNREFUSED ::1:27017, connect ECONNREFUSED 127.0.0.1:27017
2026-08-13 15:43:29 [error]: MongoDB error: connect ECONNREFUSED ::1:27017, connect ECONNREFUSED 127.0.0.1:27017
2026-08-13 15:43:29 [error]: ❌ MongoDB connection error (attempt 1): connect ECONNREFUSED ::1:27017, connect ECONNREFUSED 127.0.0.1:27017
2026-08-13 15:43:29 [error]: MongoDB error: connect ECONNREFUSED ::1:27017, connect ECONNREFUSED 127.0.0.1:27017
2026-08-13 15:43:31 [error]: ❌ MongoDB connection error (attempt 1): connect ECONNREFUSED ::1:27017, connect ECONNREFUSED 127.0.0.1:27017
2026-08-13 15:43:31 [error]: MongoDB error: connect ECONNREFUSED ::1:27017, connect ECONNREFUSED 127.0.0.1:27017
2026-08-13 15:43:31 [error]: ❌ MongoDB connection error (attempt 1): connect ECONNREFUSED ::1:27017, connect ECONNREFUSED 127.0.0.1:27017
2026-08-13 15:43:31 [error]: MongoDB error: connect ECONNREFUSED ::1:27017, connect ECONNREFUSED 127.0.0.1:27017
2026-08-13 15:43:34 [error]: ❌ MongoDB connection error (attempt 1): connect ECONNREFUSED ::1:27017, connect ECONNREFUSED 127.0.0.1:27017
2026-08-13 15:43:34 [error]: MongoDB error: connect ECONNREFUSED ::1:27017, connect ECONNREFUSED 127.0.0.1:27017
2026-08-13 15:43:34 [error]: ❌ MongoDB connection error (attempt 1): connect ECONNREFUSED ::1:27017, connect ECONNREFUSED 127.0.0.1:27017
2026-08-13 15:43:34 [error]: MongoDB error: connect ECONNREFUSED ::1:27017, connect ECONNREFUSED 127.0.0.1:27017
2026-08-13 15:43:36 [error]: ❌ MongoDB connection error (attempt 1): connect ECONNREFUSED ::1:27017, connect ECONNREFUSED 127.0.0.1:27017
2026-08-13 15:43:36 [error]: MongoDB error: connect ECONNREFUSED ::1:27017, connect ECONNREFUSED 127.0.0.1:27017
2026-08-13 15:43:36 [error]: ❌ MongoDB connection error (attempt 1): connect ECONNREFUSED ::1:27017, connect ECONNREFUSED 127.0.0.1:27017
2026-08-13 15:43:36 [error]: MongoDB error: connect ECONNREFUSED ::1:27017, connect ECONNREFUSED 127.0.0.1:27017
2026-08-13 15:43:39 [error]: ❌ MongoDB connection error (attempt 1): connect ECONNREFUSED ::1:27017, connect ECONNREFUSED 127.0.0.1:27017
2026-08-13 15:43:39 [error]: MongoDB error: connect ECONNREFUSED ::1:27017, connect ECONNREFUSED 127.0.0.1:27017
2026-08-13 15:43:39 [error]: ❌ MongoDB connection error (attempt 1): connect ECONNREFUSED ::1:27017, connect ECONNREFUSED 127.0.0.1:27017
2026-08-13 15:43:39 [error]: MongoDB error: connect ECONNREFUSED ::1:27017, connect ECONNREFUSED 127.0.0.1:27017
2026-08-13 15:43:41 [error]: ❌ MongoDB connection error (attempt 1): connect ECONNREFUSED ::1:27017, connect ECONNREFUSED 127.0.0.1:27017
2026-08-13 15:43:41 [error]: MongoDB error: connect ECONNREFUSED ::1:27017, connect ECONNREFUSED 127.0.0.1:27017
2026-08-13 15:43:41 [error]: ❌ MongoDB connection error (attempt 1): connect ECONNREFUSED ::1:27017, connect ECONNREFUSED 127.0.0.1:27017
2026-08-13 15:43:41 [error]: MongoDB error: connect ECONNREFUSED ::1:27017, connect ECONNREFUSED 127.0.0.1:27017
2026-08-13 15:43:44 [error]: ❌ MongoDB connection error (attempt 1): connect ECONNREFUSED ::1:27017, connect ECONNREFUSED 127.0.0.1:27017
2026-08-13 15:43:44 [error]: MongoDB error: connect ECONNREFUSED ::1:27017, connect ECONNREFUSED 127.0.0.1:27017
2026-08-13 15:43:44 [error]: ❌ MongoDB connection error (attempt 1): connect ECONNREFUSED ::1:27017, connect ECONNREFUSED 127.0.0.1:27017
2026-08-13 15:43:44 [error]: MongoDB error: connect ECONNREFUSED ::1:27017, connect ECONNREFUSED 127.0.0.1:27017
2026-08-13 15:43:46 [error]: ❌ MongoDB connection error (attempt 1): connect ECONNREFUSED ::1:27017, connect ECONNREFUSED 127.0.0.1:27017
2026-08-13 15:43:46 [error]: MongoDB error: connect ECONNREFUSED ::1:27017, connect ECONNREFUSED 127.0.0.1:27017
2026-08-13 15:43:46 [error]: ❌ MongoDB connection error (attempt 1): connect ECONNREFUSED ::1:27017, connect ECONNREFUSED 127.0.0.1:27017
2026-08-13 15:43:46 [error]: MongoDB error: connect ECONNREFUSED ::1:27017, connect ECONNREFUSED 127.0.0.1:27017
2026-08-13 15:43:49 [error]: ❌ MongoDB connection error (attempt 1): connect ECONNREFUSED ::1:27017, connect ECONNREFUSED 127.0.0.1:27017
2026-08-13 15:43:49 [error]: MongoDB error: connect ECONNREFUSED ::1:27017, connect ECONNREFUSED 127.0.0.1:27017
2026-08-13 15:43:49 [error]: ❌ MongoDB connection error (attempt 1): connect ECONNREFUSED ::1:27017, connect ECONNREFUSED 127.0.0.1:27017
2026-08-13 15:43:49 [error]: MongoDB error: connect ECONNREFUSED ::1:27017, connect ECONNREFUSED 127.0.0.1:27017
2026-08-13 15:43:51 [error]: ❌ MongoDB connection error (attempt 1): connect ECONNREFUSED ::1:27017, connect ECONNREFUSED 127.0.0.1:27017
2026-08-13 15:43:51 [error]: MongoDB error: connect ECONNREFUSED ::1:27017, connect ECONNREFUSED 127.0.0.1:27017
2026-08-13 15:43:51 [error]: ❌ MongoDB connection error (attempt 1): connect ECONNREFUSED ::1:27017, connect ECONNREFUSED 127.0.0.1:27017
2026-08-13 15:43:51 [error]: MongoDB error: connect ECONNREFUSED ::1:27017, connect ECONNREFUSED 127.0.0.1:27017
2026-08-13 15:43:54 [error]: ❌ MongoDB connection error (attempt 1): connect ECONNREFUSED ::1:27017, connect ECONNREFUSED 127.0.0.1:27017
2026-08-13 15:43:54 [error]: MongoDB error: connect ECONNREFUSED ::1:27017, connect ECONNREFUSED 127.0.0.1:27017
2026-08-13 15:43:54 [error]: ❌ MongoDB connection error (attempt 1): connect ECONNREFUSED ::1:27017, connect ECONNREFUSED 127.0.0.1:27017
2026-08-13 15:43:54 [error]: MongoDB error: connect ECONNREFUSED ::1:27017, connect ECONNREFUSED 127.0.0.1:27017
2026-08-13 15:43:56 [error]: ❌ MongoDB connection error (attempt 1): connect ECONNREFUSED ::1:27017, connect ECONNREFUSED 127.0.0.1:27017
2026-08-13 15:43:56 [error]: MongoDB error: connect ECONNREFUSED ::1:27017, connect ECONNREFUSED 127.0.0.1:27017
2026-08-13 15:43:56 [error]: ❌ MongoDB connection error (attempt 1): connect ECONNREFUSED ::1:27017, connect ECONNREFUSED 127.0.0.1:27017
2026-08-13 15:43:56 [error]: MongoDB error: connect ECONNREFUSED ::1:27017, connect ECONNREFUSED 127.0.0.1:27017
2026-08-13 15:43:59 [error]: ❌ MongoDB connection error (attempt 1): connect ECONNREFUSED ::1:27017, connect ECONNREFUSED 127.0.0.1:27017
2026-08-13 15:43:59 [error]: MongoDB error: connect ECONNREFUSED ::1:27017, connect ECONNREFUSED 127.0.0.1:27017
2026-08-13 15:43:59 [error]: ❌ MongoDB connection error (attempt 1): connect ECONNREFUSED ::1:27017, connect ECONNREFUSED 127.0.0.1:27017
2026-08-13 15:43:59 [error]: MongoDB error: connect ECONNREFUSED ::1:27017, connect ECONNREFUSED 127.0.0.1:27017
2026-08-13 15:44:01 [error]: ❌ MongoDB connection error (attempt 1): connect ECONNREFUSED ::1:27017, connect ECONNREFUSED 127.0.0.1:27017
2026-08-13 15:44:01 [error]: MongoDB error: connect ECONNREFUSED ::1:27017, connect ECONNREFUSED 127.0.0.1:27017
2026-08-13 15:44:01 [error]: ❌ MongoDB connection error (attempt 1): connect ECONNREFUSED ::1:27017, connect ECONNREFUSED 127.0.0.1:27017
2026-08-13 15:44:01 [error]: MongoDB error: connect ECONNREFUSED ::1:27017, connect ECONNREFUSED 127.0.0.1:27017
2026-08-13 15:44:04 [error]: ❌ MongoDB connection error (attempt 1): connect ECONNREFUSED ::1:27017, connect ECONNREFUSED 127.0.0.1:27017
2026-08-13 15:44:04 [error]: MongoDB error: connect ECONNREFUSED ::1:27017, connect ECONNREFUSED 127.0.0.1:27017
2026-08-13 15:44:04 [error]: ❌ MongoDB connection error (attempt 1): connect ECONNREFUSED ::1:27017, connect ECONNREFUSED 127.0.0.1:27017
2026-08-13 15:44:04 [error]: MongoDB error: connect ECONNREFUSED ::1:27017, connect ECONNREFUSED 127.0.0.1:27017
2026-08-13 15:44:06 [error]: ❌ MongoDB connection error (attempt 1): connect ECONNREFUSED ::1:27017, connect ECONNREFUSED 127.0.0.1:27017
2026-08-13 15:44:06 [error]: MongoDB error: connect ECONNREFUSED ::1:27017, connect ECONNREFUSED 127.0.0.1:27017
2026-08-13 15:44:06 [error]: ❌ MongoDB connection error (attempt 1): connect ECONNREFUSED ::1:27017, connect ECONNREFUSED 127.0.0.1:27017
2026-08-13 15:44:06 [error]: MongoDB error: connect ECONNREFUSED ::1:27017, connect ECONNREFUSED 127.0.0.1:27017
2026-08-13 15:44:09 [error]: ❌ MongoDB connection error (attempt 1): connect ECONNREFUSED ::1:27017, connect ECONNREFUSED 127.0.0.1:27017
2026-08-13 15:44:09 [error]: MongoDB error: connect ECONNREFUSED ::1:27017, connect ECONNREFUSED 127.0.0.1:27017
2026-08-13 15:44:09 [error]: ❌ MongoDB connection error (attempt 1): connect ECONNREFUSED ::1:27017, connect ECONNREFUSED 127.0.0.1:27017
2026-08-13 15:44:09 [error]: MongoDB error: connect ECONNREFUSED ::1:27017, connect ECONNREFUSED 127.0.0.1:27017
2026-08-13 15:44:11 [error]: ❌ MongoDB connection error (attempt 1): connect ECONNREFUSED ::1:27017, connect ECONNREFUSED 127.0.0.1:27017
2026-08-13 15:44:11 [error]: MongoDB error: connect ECONNREFUSED ::1:27017, connect ECONNREFUSED 127.0.0.1:27017
2026-08-13 15:44:11 [error]: ❌ MongoDB connection error (attempt 1): connect ECONNREFUSED ::1:27017, connect ECONNREFUSED 127.0.0.1:27017
2026-08-13 15:44:11 [error]: MongoDB error: connect ECONNREFUSED ::1:27017, connect ECONNREFUSED 127.0.0.1:27017
2026-08-13 15:44:14 [error]: ❌ MongoDB connection error (attempt 1): connect ECONNREFUSED ::1:27017, connect ECONNREFUSED 127.0.0.1:27017
2026-08-13 15:44:14 [error]: MongoDB error: connect ECONNREFUSED ::1:27017, connect ECONNREFUSED 127.0.0.1:27017
2026-08-13 15:44:14 [error]: ❌ MongoDB connection error (attempt 1): connect ECONNREFUSED ::1:27017, connect ECONNREFUSED 127.0.0.1:27017
2026-08-13 15:44:14 [error]: MongoDB error: connect ECONNREFUSED ::1:27017, connect ECONNREFUSED 127.0.0.1:27017
2026-08-13 15:44:16 [error]: ❌ MongoDB connection error (attempt 1): connect ECONNREFUSED ::1:27017, connect ECONNREFUSED 127.0.0.1:27017
2026-08-13 15:44:16 [error]: MongoDB error: connect ECONNREFUSED ::1:27017, connect ECONNREFUSED 127.0.0.1:27017
2026-08-13 15:44:16 [error]: ❌ MongoDB connection error (attempt 1): connect ECONNREFUSED ::1:27017, connect ECONNREFUSED 127.0.0.1:27017
2026-08-13 15:44:16 [error]: MongoDB error: connect ECONNREFUSED ::1:27017, connect ECONNREFUSED 127.0.0.1:27017
2026-08-13 15:44:19 [error]: ❌ MongoDB connection error (attempt 1): connect ECONNREFUSED ::1:27017, connect ECONNREFUSED 127.0.0.1:27017
2026-08-13 15:44:19 [error]: MongoDB error: connect ECONNREFUSED ::1:27017, connect ECONNREFUSED 127.0.0.1:27017
2026-08-13 15:44:19 [error]: ❌ MongoDB connection error (attempt 1): connect ECONNREFUSED ::1:27017, connect ECONNREFUSED 127.0.0.1:27017
2026-08-13 15:44:19 [error]: MongoDB error: connect ECONNREFUSED ::1:27017, connect ECONNREFUSED 127.0.0.1:27017
2026-08-13 15:44:21 [error]: ❌ MongoDB connection error (attempt 1): connect ECONNREFUSED ::1:27017, connect ECONNREFUSED 127.0.0.1:27017
2026-08-13 15:44:21 [error]: MongoDB error: connect ECONNREFUSED ::1:27017, connect ECONNREFUSED 127.0.0.1:27017
2026-08-13 15:44:21 [error]: ❌ MongoDB connection error (attempt 1): connect ECONNREFUSED ::1:27017, connect ECONNREFUSED 127.0.0.1:27017
2026-08-13 15:44:21 [error]: MongoDB error: connect ECONNREFUSED ::1:27017, connect ECONNREFUSED 127.0.0.1:27017
2026-08-13 15:44:24 [error]: ❌ MongoDB connection error (attempt 1): connect ECONNREFUSED ::1:27017, connect ECONNREFUSED 127.0.0.1:27017
2026-08-13 15:44:24 [error]: MongoDB error: connect ECONNREFUSED ::1:27017, connect ECONNREFUSED 127.0.0.1:27017
2026-08-13 15:44:24 [error]: ❌ MongoDB connection error (attempt 1): connect ECONNREFUSED ::1:27017, connect ECONNREFUSED 127.0.0.1:27017
2026-08-13 15:44:24 [error]: MongoDB error: connect ECONNREFUSED ::1:27017, connect ECONNREFUSED 127.0.0.1:27017
2026-08-13 15:44:26 [error]: ❌ MongoDB connection error (attempt 1): connect ECONNREFUSED ::1:27017, connect ECONNREFUSED 127.0.0.1:27017
2026-08-13 15:44:26 [error]: MongoDB error: connect ECONNREFUSED ::1:27017, connect ECONNREFUSED 127.0.0.1:27017
2026-08-13 15:44:26 [error]: ❌ MongoDB connection error (attempt 1): connect ECONNREFUSED ::1:27017, connect ECONNREFUSED 127.0.0.1:27017
2026-08-13 15:44:26 [error]: MongoDB error: connect ECONNREFUSED ::1:27017, connect ECONNREFUSED 127.0.0.1:27017
2026-08-13 15:44:29 [error]: ❌ MongoDB connection error (attempt 1): connect ECONNREFUSED ::1:27017, connect ECONNREFUSED 127.0.0.1:27017
2026-08-13 15:44:29 [error]: MongoDB error: connect ECONNREFUSED ::1:27017, connect ECONNREFUSED 127.0.0.1:27017
2026-08-13 15:44:29 [error]: ❌ MongoDB connection error (attempt 1): connect ECONNREFUSED ::1:27017, connect ECONNREFUSED 127.0.0.1:27017
2026-08-13 15:44:29 [error]: MongoDB error: connect ECONNREFUSED ::1:27017, connect ECONNREFUSED 127.0.0.1:27017
2026-08-13 15:44:31 [error]: ❌ MongoDB connection error (attempt 1): connect ECONNREFUSED ::1:27017, connect ECONNREFUSED 127.0.0.1:27017
2026-08-13 15:44:31 [error]: MongoDB error: connect ECONNREFUSED ::1:27017, connect ECONNREFUSED 127.0.0.1:27017
2026-08-13 15:44:31 [error]: ❌ MongoDB connection error (attempt 1): connect ECONNREFUSED ::1:27017, connect ECONNREFUSED 127.0.0.1:27017
2026-08-13 15:44:31 [error]: MongoDB error: connect ECONNREFUSED ::1:27017, connect ECONNREFUSED 127.0.0.1:27017
2026-08-13 15:44:34 [error]: ❌ MongoDB connection error (attempt 1): connect ECONNREFUSED ::1:27017, connect ECONNREFUSED 127.0.0.1:27017
2026-08-13 15:44:34 [error]: MongoDB error: connect ECONNREFUSED ::1:27017, connect ECONNREFUSED 127.0.0.1:27017
2026-08-13 15:44:34 [error]: ❌ MongoDB connection error (attempt 1): connect ECONNREFUSED ::1:27017, connect ECONNREFUSED 127.0.0.1:27017
2026-08-13 15:44:34 [error]: MongoDB error: connect ECONNREFUSED ::1:27017, connect ECONNREFUSED 127.0.0.1:27017
2026-08-13 15:44:36 [error]: ❌ MongoDB connection error (attempt 1): connect ECONNREFUSED ::1:27017, connect ECONNREFUSED 127.0.0.1:27017
2026-08-13 15:44:36 [error]: MongoDB error: connect ECONNREFUSED ::1:27017, connect ECONNREFUSED 127.0.0.1:27017
2026-08-13 15:44:36 [error]: ❌ MongoDB connection error (attempt 1): connect ECONNREFUSED ::1:27017, connect ECONNREFUSED 127.0.0.1:27017
2026-08-13 15:44:36 [error]: MongoDB error: connect ECONNREFUSED ::1:27017, connect ECONNREFUSED 127.0.0.1:27017
2026-08-13 15:44:39 [error]: ❌ MongoDB connection error (attempt 1): connect ECONNREFUSED ::1:27017, connect ECONNREFUSED 127.0.0.1:27017
2026-08-13 15:44:39 [error]: MongoDB error: connect ECONNREFUSED ::1:27017, connect ECONNREFUSED 127.0.0.1:27017
2026-08-13 15:44:39 [error]: ❌ MongoDB connection error (attempt 1): connect ECONNREFUSED ::1:27017, connect ECONNREFUSED 127.0.0.1:27017
2026-08-13 15:44:39 [error]: MongoDB error: connect ECONNREFUSED ::1:27017, connect ECONNREFUSED 127.0.0.1:27017
2026-08-13 15:44:41 [error]: ❌ MongoDB connection error (attempt 1): connect ECONNREFUSED ::1:27017, connect ECONNREFUSED 127.0.0.1:27017
2026-08-13 15:44:41 [error]: MongoDB error: connect ECONNREFUSED ::1:27017, connect ECONNREFUSED 127.0.0.1:27017
2026-08-13 15:44:41 [error]: ❌ MongoDB connection error (attempt 1): connect ECONNREFUSED ::1:27017, connect ECONNREFUSED 127.0.0.1:27017
2026-08-13 15:44:41 [error]: MongoDB error: connect ECONNREFUSED ::1:27017, connect ECONNREFUSED 127.0.0.1:27017
2026-08-13 15:44:44 [error]: ❌ MongoDB connection error (attempt 1): connect ECONNREFUSED ::1:27017, connect ECONNREFUSED 127.0.0.1:27017
2026-08-13 15:44:44 [error]: MongoDB error: connect ECONNREFUSED ::1:27017, connect ECONNREFUSED 127.0.0.1:27017
2026-08-13 15:44:44 [error]: ❌ MongoDB connection error (attempt 1): connect ECONNREFUSED ::1:27017, connect ECONNREFUSED 127.0.0.1:27017
2026-08-13 15:44:44 [error]: MongoDB error: connect ECONNREFUSED ::1:27017, connect ECONNREFUSED 127.0.0.1:27017
2026-08-13 15:44:46 [error]: ❌ MongoDB connection error (attempt 1): connect ECONNREFUSED ::1:27017, connect ECONNREFUSED 127.0.0.1:27017
2026-08-13 15:44:46 [error]: MongoDB error: connect ECONNREFUSED ::1:27017, connect ECONNREFUSED 127.0.0.1:27017
2026-08-13 15:44:46 [error]: ❌ MongoDB connection error (attempt 1): connect ECONNREFUSED ::1:27017, connect ECONNREFUSED 127.0.0.1:27017
2026-08-13 15:44:46 [error]: MongoDB error: connect ECONNREFUSED ::1:27017, connect ECONNREFUSED 127.0.0.1:27017
2026-08-13 15:44:49 [error]: ❌ MongoDB connection error (attempt 1): connect ECONNREFUSED ::1:27017, connect ECONNREFUSED 127.0.0.1:27017
2026-08-13 15:44:49 [error]: MongoDB error: connect ECONNREFUSED ::1:27017, connect ECONNREFUSED 127.0.0.1:27017
2026-08-13 15:44:49 [error]: ❌ MongoDB connection error (attempt 1): connect ECONNREFUSED ::1:27017, connect ECONNREFUSED 127.0.0.1:27017
2026-08-13 15:44:49 [error]: MongoDB error: connect ECONNREFUSED ::1:27017, connect ECONNREFUSED 127.0.0.1:27017
2026-08-13 15:44:51 [error]: ❌ MongoDB connection error (attempt 1): connect ECONNREFUSED ::1:27017, connect ECONNREFUSED 127.0.0.1:27017
2026-08-13 15:44:51 [error]: MongoDB error: connect ECONNREFUSED ::1:27017, connect ECONNREFUSED 127.0.0.1:27017
2026-08-13 15:44:51 [error]: ❌ MongoDB connection error (attempt 1): connect ECONNREFUSED ::1:27017, connect ECONNREFUSED 127.0.0.1:27017
2026-08-13 15:44:51 [error]: MongoDB error: connect ECONNREFUSED ::1:27017, connect ECONNREFUSED 127.0.0.1:27017
2026-08-13 15:44:54 [error]: ❌ MongoDB connection error (attempt 1): connect ECONNREFUSED ::1:27017, connect ECONNREFUSED 127.0.0.1:27017
2026-08-13 15:44:54 [error]: MongoDB error: connect ECONNREFUSED ::1:27017, connect ECONNREFUSED 127.0.0.1:27017
2026-08-13 15:44:54 [error]: ❌ MongoDB connection error (attempt 1): connect ECONNREFUSED ::1:27017, connect ECONNREFUSED 127.0.0.1:27017
2026-08-13 15:44:54 [error]: MongoDB error: connect ECONNREFUSED ::1:27017, connect ECONNREFUSED 127.0.0.1:27017
2026-08-13 15:44:56 [error]: ❌ MongoDB connection error (attempt 1): connect ECONNREFUSED ::1:27017, connect ECONNREFUSED 127.0.0.1:27017
2026-08-13 15:44:56 [error]: MongoDB error: connect ECONNREFUSED ::1:27017, connect ECONNREFUSED 127.0.0.1:27017
2026-08-13 15:44:56 [error]: ❌ MongoDB connection error (attempt 1): connect ECONNREFUSED ::1:27017, connect ECONNREFUSED 127.0.0.1:27017
2026-08-13 15:44:56 [error]: MongoDB error: connect ECONNREFUSED ::1:27017, connect ECONNREFUSED 127.0.0.1:27017
2026-08-13 15:44:59 [error]: ❌ MongoDB connection error (attempt 1): connect ECONNREFUSED ::1:27017, connect ECONNREFUSED 127.0.0.1:27017
2026-08-13 15:44:59 [error]: MongoDB error: connect ECONNREFUSED ::1:27017, connect ECONNREFUSED 127.0.0.1:27017
2026-08-13 15:44:59 [error]: ❌ MongoDB connection error (attempt 1): connect ECONNREFUSED ::1:27017, connect ECONNREFUSED 127.0.0.1:27017
2026-08-13 15:44:59 [error]: MongoDB error: connect ECONNREFUSED ::1:27017, connect ECONNREFUSED 127.0.0.1:27017
2026-08-13 15:45:01 [error]: ❌ MongoDB connection error (attempt 1): connect ECONNREFUSED ::1:27017, connect ECONNREFUSED 127.0.0.1:27017
2026-08-13 15:45:01 [error]: MongoDB error: connect ECONNREFUSED ::1:27017, connect ECONNREFUSED 127.0.0.1:27017
2026-08-13 15:45:01 [error]: ❌ MongoDB connection error (attempt 1): connect ECONNREFUSED ::1:27017, connect ECONNREFUSED 127.0.0.1:27017
2026-08-13 15:45:01 [error]: MongoDB error: connect ECONNREFUSED ::1:27017, connect ECONNREFUSED 127.0.0.1:27017
2026-08-13 15:45:04 [error]: ❌ MongoDB connection error (attempt 1): connect ECONNREFUSED ::1:27017, connect ECONNREFUSED 127.0.0.1:27017
2026-08-13 15:45:04 [error]: MongoDB error: connect ECONNREFUSED ::1:27017, connect ECONNREFUSED 127.0.0.1:27017
2026-08-13 15:45:04 [error]: ❌ MongoDB connection error (attempt 1): connect ECONNREFUSED ::1:27017, connect ECONNREFUSED 127.0.0.1:27017
2026-08-13 15:45:04 [error]: MongoDB error: connect ECONNREFUSED ::1:27017, connect ECONNREFUSED 127.0.0.1:27017
2026-08-13 15:45:06 [error]: ❌ MongoDB connection error (attempt 1): connect ECONNREFUSED ::1:27017, connect ECONNREFUSED 127.0.0.1:27017
2026-08-13 15:45:06 [error]: MongoDB error: connect ECONNREFUSED ::1:27017, connect ECONNREFUSED 127.0.0.1:27017
2026-08-13 15:45:06 [error]: ❌ MongoDB connection error (attempt 1): connect ECONNREFUSED ::1:27017, connect ECONNREFUSED 127.0.0.1:27017
2026-08-13 15:45:06 [error]: MongoDB error: connect ECONNREFUSED ::1:27017, connect ECONNREFUSED 127.0.0.1:27017
2026-08-13 15:45:09 [error]: ❌ MongoDB connection error (attempt 1): connect ECONNREFUSED ::1:27017, connect ECONNREFUSED 127.0.0.1:27017
2026-08-13 15:45:09 [error]: MongoDB error: connect ECONNREFUSED ::1:27017, connect ECONNREFUSED 127.0.0.1:27017
2026-08-13 15:45:09 [error]: ❌ MongoDB connection error (attempt 1): connect ECONNREFUSED ::1:27017, connect ECONNREFUSED 127.0.0.1:27017
2026-08-13 15:45:09 [error]: MongoDB error: connect ECONNREFUSED ::1:27017, connect ECONNREFUSED 127.0.0.1:27017
2026-08-13 15:45:11 [error]: ❌ MongoDB connection error (attempt 1): connect ECONNREFUSED ::1:27017, connect ECONNREFUSED 127.0.0.1:27017
2026-08-13 15:45:11 [error]: MongoDB error: connect ECONNREFUSED ::1:27017, connect ECONNREFUSED 127.0.0.1:27017
2026-08-13 15:45:11 [error]: ❌ MongoDB connection error (attempt 1): connect ECONNREFUSED ::1:27017, connect ECONNREFUSED 127.0.0.1:27017
2026-08-13 15:45:11 [error]: MongoDB error: connect ECONNREFUSED ::1:27017, connect ECONNREFUSED 127.0.0.1:27017
2026-08-13 15:45:14 [error]: ❌ MongoDB connection error (attempt 1): connect ECONNREFUSED ::1:27017, connect ECONNREFUSED 127.0.0.1:27017
2026-08-13 15:45:14 [error]: MongoDB error: connect ECONNREFUSED ::1:27017, connect ECONNREFUSED 127.0.0.1:27017
2026-08-13 15:45:14 [error]: ❌ MongoDB connection error (attempt 1): connect ECONNREFUSED ::1:27017, connect ECONNREFUSED 127.0.0.1:27017
2026-08-13 15:45:14 [error]: MongoDB error: connect ECONNREFUSED ::1:27017, connect ECONNREFUSED 127.0.0.1:27017
2026-08-13 15:45:16 [error]: ❌ MongoDB connection error (attempt 1): connect ECONNREFUSED ::1:27017, connect ECONNREFUSED 127.0.0.1:27017
2026-08-13 15:45:16 [error]: MongoDB error: connect ECONNREFUSED ::1:27017, connect ECONNREFUSED 127.0.0.1:27017
2026-08-13 15:45:16 [error]: ❌ MongoDB connection error (attempt 1): connect ECONNREFUSED ::1:27017, connect ECONNREFUSED 127.0.0.1:27017
2026-08-13 15:45:16 [error]: MongoDB error: connect ECONNREFUSED ::1:27017, connect ECONNREFUSED 127.0.0.1:27017
2026-08-13 15:45:19 [error]: ❌ MongoDB connection error (attempt 1): connect ECONNREFUSED ::1:27017, connect ECONNREFUSED 127.0.0.1:27017
2026-08-13 15:45:19 [error]: MongoDB error: connect ECONNREFUSED ::1:27017, connect ECONNREFUSED 127.0.0.1:27017
2026-08-13 15:45:19 [error]: ❌ MongoDB connection error (attempt 1): connect ECONNREFUSED ::1:27017, connect ECONNREFUSED 127.0.0.1:27017
2026-08-13 15:45:19 [error]: MongoDB error: connect ECONNREFUSED ::1:27017, connect ECONNREFUSED 127.0.0.1:27017
2026-08-13 15:45:21 [error]: ❌ MongoDB connection error (attempt 1): connect ECONNREFUSED ::1:27017, connect ECONNREFUSED 127.0.0.1:27017
2026-08-13 15:45:21 [error]: MongoDB error: connect ECONNREFUSED ::1:27017, connect ECONNREFUSED 127.0.0.1:27017
2026-08-13 15:45:21 [error]: ❌ MongoDB connection error (attempt 1): connect ECONNREFUSED ::1:27017, connect ECONNREFUSED 127.0.0.1:27017
2026-08-13 15:45:21 [error]: MongoDB error: connect ECONNREFUSED ::1:27017, connect ECONNREFUSED 127.0.0.1:27017
2026-08-13 15:45:24 [error]: ❌ MongoDB connection error (attempt 1): connect ECONNREFUSED ::1:27017, connect ECONNREFUSED 127.0.0.1:27017
2026-08-13 15:45:24 [error]: MongoDB error: connect ECONNREFUSED ::1:27017, connect ECONNREFUSED 127.0.0.1:27017
2026-08-13 15:45:24 [error]: ❌ MongoDB connection error (attempt 1): connect ECONNREFUSED ::1:27017, connect ECONNREFUSED 127.0.0.1:27017
2026-08-13 15:45:24 [error]: MongoDB error: connect ECONNREFUSED ::1:27017, connect ECONNREFUSED 127.0.0.1:27017
2026-08-13 15:45:26 [error]: ❌ MongoDB connection error (attempt 1): connect ECONNREFUSED ::1:27017, connect ECONNREFUSED 127.0.0.1:27017
2026-08-13 15:45:26 [error]: MongoDB error: connect ECONNREFUSED ::1:27017, connect ECONNREFUSED 127.0.0.1:27017
2026-08-13 15:45:26 [error]: ❌ MongoDB connection error (attempt 1): connect ECONNREFUSED ::1:27017, connect ECONNREFUSED 127.0.0.1:27017
2026-08-13 15:45:26 [error]: MongoDB error: connect ECONNREFUSED ::1:27017, connect ECONNREFUSED 127.0.0.1:27017
2026-08-13 15:45:29 [error]: ❌ MongoDB connection error (attempt 1): connect ECONNREFUSED ::1:27017, connect ECONNREFUSED 127.0.0.1:27017
2026-08-13 15:45:29 [error]: MongoDB error: connect ECONNREFUSED ::1:27017, connect ECONNREFUSED 127.0.0.1:27017
2026-08-13 15:45:29 [error]: ❌ MongoDB connection error (attempt 1): connect ECONNREFUSED ::1:27017, connect ECONNREFUSED 127.0.0.1:27017
2026-08-13 15:45:29 [error]: MongoDB error: connect ECONNREFUSED ::1:27017, connect ECONNREFUSED 127.0.0.1:27017
2026-08-13 15:45:31 [error]: ❌ MongoDB connection error (attempt 1): connect ECONNREFUSED ::1:27017, connect ECONNREFUSED 127.0.0.1:27017
2026-08-13 15:45:31 [error]: MongoDB error: connect ECONNREFUSED ::1:27017, connect ECONNREFUSED 127.0.0.1:27017
2026-08-13 15:45:31 [error]: ❌ MongoDB connection error (attempt 1): connect ECONNREFUSED ::1:27017, connect ECONNREFUSED 127.0.0.1:27017
2026-08-13 15:45:31 [error]: MongoDB error: connect ECONNREFUSED ::1:27017, connect ECONNREFUSED 127.0.0.1:27017
2026-08-13 15:45:34 [error]: ❌ MongoDB connection error (attempt 1): connect ECONNREFUSED ::1:27017, connect ECONNREFUSED 127.0.0.1:27017
2026-08-13 15:45:34 [error]: MongoDB error: connect ECONNREFUSED ::1:27017, connect ECONNREFUSED 127.0.0.1:27017
2026-08-13 15:45:35 [error]: ❌ MongoDB connection error (attempt 1): connect ECONNREFUSED ::1:27017, connect ECONNREFUSED 127.0.0.1:27017
2026-08-13 15:45:35 [error]: MongoDB error: connect ECONNREFUSED ::1:27017, connect ECONNREFUSED 127.0.0.1:27017
2026-08-13 15:45:36 [error]: ❌ MongoDB connection error (attempt 1): connect ECONNREFUSED ::1:27017, connect ECONNREFUSED 127.0.0.1:27017
2026-08-13 15:45:36 [error]: MongoDB error: connect ECONNREFUSED ::1:27017, connect ECONNREFUSED 127.0.0.1:27017
2026-08-13 15:45:36 [error]: ❌ MongoDB connection error (attempt 1): connect ECONNREFUSED ::1:27017, connect ECONNREFUSED 127.0.0.1:27017
2026-08-13 15:45:36 [error]: MongoDB error: connect ECONNREFUSED ::1:27017, connect ECONNREFUSED 127.0.0.1:27017
2026-08-13 15:45:39 [error]: ❌ MongoDB connection error (attempt 1): connect ECONNREFUSED ::1:27017, connect ECONNREFUSED 127.0.0.1:27017
2026-08-13 15:45:39 [error]: MongoDB error: connect ECONNREFUSED ::1:27017, connect ECONNREFUSED 127.0.0.1:27017
2026-08-13 15:45:40 [error]: ❌ MongoDB connection error (attempt 1): connect ECONNREFUSED ::1:27017, connect ECONNREFUSED 127.0.0.1:27017
2026-08-13 15:45:40 [error]: MongoDB error: connect ECONNREFUSED ::1:27017, connect ECONNREFUSED 127.0.0.1:27017
2026-08-13 15:45:41 [error]: ❌ MongoDB connection error (attempt 1): connect ECONNREFUSED ::1:27017, connect ECONNREFUSED 127.0.0.1:27017
2026-08-13 15:45:41 [error]: MongoDB error: connect ECONNREFUSED ::1:27017, connect ECONNREFUSED 127.0.0.1:27017
2026-08-13 15:45:41 [error]: ❌ MongoDB connection error (attempt 1): connect ECONNREFUSED ::1:27017, connect ECONNREFUSED 127.0.0.1:27017
2026-08-13 15:45:41 [error]: MongoDB error: connect ECONNREFUSED ::1:27017, connect ECONNREFUSED 127.0.0.1:27017
2026-08-13 15:45:44 [error]: ❌ MongoDB connection error (attempt 1): connect ECONNREFUSED ::1:27017, connect ECONNREFUSED 127.0.0.1:27017
2026-08-13 15:45:44 [error]: MongoDB error: connect ECONNREFUSED ::1:27017, connect ECONNREFUSED 127.0.0.1:27017
2026-08-13 15:45:45 [error]: ❌ MongoDB connection error (attempt 1): connect ECONNREFUSED ::1:27017, connect ECONNREFUSED 127.0.0.1:27017
2026-08-13 15:45:45 [error]: MongoDB error: connect ECONNREFUSED ::1:27017, connect ECONNREFUSED 127.0.0.1:27017
2026-08-13 15:45:46 [error]: ❌ MongoDB connection error (attempt 1): connect ECONNREFUSED ::1:27017, connect ECONNREFUSED 127.0.0.1:27017
2026-08-13 15:45:46 [error]: MongoDB error: connect ECONNREFUSED ::1:27017, connect ECONNREFUSED 127.0.0.1:27017
2026-08-13 15:45:46 [error]: ❌ MongoDB connection error (attempt 1): connect ECONNREFUSED ::1:27017, connect ECONNREFUSED 127.0.0.1:27017
2026-08-13 15:45:46 [error]: MongoDB error: connect ECONNREFUSED ::1:27017, connect ECONNREFUSED 127.0.0.1:27017
2026-08-13 15:45:49 [error]: ❌ MongoDB connection error (attempt 1): connect ECONNREFUSED ::1:27017, connect ECONNREFUSED 127.0.0.1:27017
2026-08-13 15:45:49 [error]: MongoDB error: connect ECONNREFUSED ::1:27017, connect ECONNREFUSED 127.0.0.1:27017
2026-08-13 15:45:50 [error]: ❌ MongoDB connection error (attempt 1): connect ECONNREFUSED ::1:27017, connect ECONNREFUSED 127.0.0.1:27017
2026-08-13 15:45:50 [error]: MongoDB error: connect ECONNREFUSED ::1:27017, connect ECONNREFUSED 127.0.0.1:27017
2026-08-13 15:45:51 [error]: ❌ MongoDB connection error (attempt 1): connect ECONNREFUSED ::1:27017, connect ECONNREFUSED 127.0.0.1:27017
2026-08-13 15:45:51 [error]: MongoDB error: connect ECONNREFUSED ::1:27017, connect ECONNREFUSED 127.0.0.1:27017
2026-08-13 15:45:51 [error]: ❌ MongoDB connection error (attempt 1): connect ECONNREFUSED ::1:27017, connect ECONNREFUSED 127.0.0.1:27017
2026-08-13 15:45:51 [error]: MongoDB error: connect ECONNREFUSED ::1:27017, connect ECONNREFUSED 127.0.0.1:27017
2026-08-13 15:45:54 [error]: ❌ MongoDB connection error (attempt 1): connect ECONNREFUSED ::1:27017, connect ECONNREFUSED 127.0.0.1:27017
2026-08-13 15:45:54 [error]: MongoDB error: connect ECONNREFUSED ::1:27017, connect ECONNREFUSED 127.0.0.1:27017
2026-08-13 15:45:55 [error]: ❌ MongoDB connection error (attempt 1): connect ECONNREFUSED ::1:27017, connect ECONNREFUSED 127.0.0.1:27017
2026-08-13 15:45:55 [error]: MongoDB error: connect ECONNREFUSED ::1:27017, connect ECONNREFUSED 127.0.0.1:27017
2026-08-13 15:45:56 [error]: ❌ MongoDB connection error (attempt 1): connect ECONNREFUSED ::1:27017, connect ECONNREFUSED 127.0.0.1:27017
2026-08-13 15:45:56 [error]: MongoDB error: connect ECONNREFUSED ::1:27017, connect ECONNREFUSED 127.0.0.1:27017
2026-08-13 15:45:56 [error]: ❌ MongoDB connection error (attempt 1): connect ECONNREFUSED ::1:27017, connect ECONNREFUSED 127.0.0.1:27017
2026-08-13 15:45:56 [error]: MongoDB error: connect ECONNREFUSED ::1:27017, connect ECONNREFUSED 127.0.0.1:27017
2026-08-13 15:45:59 [error]: ❌ MongoDB connection error (attempt 1): connect ECONNREFUSED ::1:27017, connect ECONNREFUSED 127.0.0.1:27017
2026-08-13 15:45:59 [error]: MongoDB error: connect ECONNREFUSED ::1:27017, connect ECONNREFUSED 127.0.0.1:27017
2026-08-13 15:46:00 [error]: ❌ MongoDB connection error (attempt 1): connect ECONNREFUSED ::1:27017, connect ECONNREFUSED 127.0.0.1:27017
2026-08-13 15:46:00 [error]: MongoDB error: connect ECONNREFUSED ::1:27017, connect ECONNREFUSED 127.0.0.1:27017
2026-08-13 15:46:01 [error]: ❌ MongoDB connection error (attempt 1): connect ECONNREFUSED ::1:27017, connect ECONNREFUSED 127.0.0.1:27017
2026-08-13 15:46:01 [error]: MongoDB error: connect ECONNREFUSED ::1:27017, connect ECONNREFUSED 127.0.0.1:27017
2026-08-13 15:46:01 [error]: ❌ MongoDB connection error (attempt 1): connect ECONNREFUSED ::1:27017, connect ECONNREFUSED 127.0.0.1:27017
2026-08-13 15:46:01 [error]: MongoDB error: connect ECONNREFUSED ::1:27017, connect ECONNREFUSED 127.0.0.1:27017
2026-08-13 15:46:05 [error]: ❌ MongoDB connection error (attempt 1): connect ECONNREFUSED ::1:27017, connect ECONNREFUSED 127.0.0.1:27017
2026-08-13 15:46:05 [error]: MongoDB error: connect ECONNREFUSED ::1:27017, connect ECONNREFUSED 127.0.0.1:27017
2026-08-13 15:46:05 [error]: ❌ MongoDB connection error (attempt 1): connect ECONNREFUSED ::1:27017, connect ECONNREFUSED 127.0.0.1:27017
2026-08-13 15:46:05 [error]: MongoDB error: connect ECONNREFUSED ::1:27017, connect ECONNREFUSED 127.0.0.1:27017
2026-08-13 15:46:06 [error]: ❌ MongoDB connection error (attempt 1): connect ECONNREFUSED ::1:27017, connect ECONNREFUSED 127.0.0.1:27017
2026-08-13 15:46:06 [error]: MongoDB error: connect ECONNREFUSED ::1:27017, connect ECONNREFUSED 127.0.0.1:27017
2026-08-13 15:46:06 [error]: ❌ MongoDB connection error (attempt 1): connect ECONNREFUSED ::1:27017, connect ECONNREFUSED 127.0.0.1:27017
2026-08-13 15:46:06 [error]: MongoDB error: connect ECONNREFUSED ::1:27017, connect ECONNREFUSED 127.0.0.1:27017
2026-08-13 15:46:10 [error]: ❌ MongoDB connection error (attempt 1): connect ECONNREFUSED ::1:27017, connect ECONNREFUSED 127.0.0.1:27017
2026-08-13 15:46:10 [error]: MongoDB error: connect ECONNREFUSED ::1:27017, connect ECONNREFUSED 127.0.0.1:27017
2026-08-13 15:46:10 [error]: ❌ MongoDB connection error (attempt 1): connect ECONNREFUSED ::1:27017, connect ECONNREFUSED 127.0.0.1:27017
2026-08-13 15:46:10 [error]: MongoDB error: connect ECONNREFUSED ::1:27017, connect ECONNREFUSED 127.0.0.1:27017
2026-08-13 15:46:11 [error]: ❌ MongoDB connection error (attempt 1): connect ECONNREFUSED ::1:27017, connect ECONNREFUSED 127.0.0.1:27017
2026-08-13 15:46:11 [error]: MongoDB error: connect ECONNREFUSED ::1:27017, connect ECONNREFUSED 127.0.0.1:27017
2026-08-13 15:46:11 [error]: ❌ MongoDB connection error (attempt 1): connect ECONNREFUSED ::1:27017, connect ECONNREFUSED 127.0.0.1:27017
2026-08-13 15:46:11 [error]: MongoDB error: connect ECONNREFUSED ::1:27017, connect ECONNREFUSED 127.0.0.1:27017
2026-08-13 15:46:15 [error]: ❌ MongoDB connection error (attempt 1): connect ECONNREFUSED ::1:27017, connect ECONNREFUSED 127.0.0.1:27017
2026-08-13 15:46:15 [error]: MongoDB error: connect ECONNREFUSED ::1:27017, connect ECONNREFUSED 127.0.0.1:27017
2026-08-13 15:46:15 [error]: ❌ MongoDB connection error (attempt 1): connect ECONNREFUSED ::1:27017, connect ECONNREFUSED 127.0.0.1:27017
2026-08-13 15:46:15 [error]: MongoDB error: connect ECONNREFUSED ::1:27017, connect ECONNREFUSED 127.0.0.1:27017
2026-08-13 15:46:16 [error]: ❌ MongoDB connection error (attempt 1): connect ECONNREFUSED ::1:27017, connect ECONNREFUSED 127.0.0.1:27017
2026-08-13 15:46:16 [error]: MongoDB error: connect ECONNREFUSED ::1:27017, connect ECONNREFUSED 127.0.0.1:27017
2026-08-13 15:46:16 [error]: ❌ MongoDB connection error (attempt 1): connect ECONNREFUSED ::1:27017, connect ECONNREFUSED 127.0.0.1:27017
2026-08-13 15:46:16 [error]: MongoDB error: connect ECONNREFUSED ::1:27017, connect ECONNREFUSED 127.0.0.1:27017
2026-08-13 15:46:20 [error]: ❌ MongoDB connection error (attempt 1): connect ECONNREFUSED ::1:27017, connect ECONNREFUSED 127.0.0.1:27017
2026-08-13 15:46:20 [error]: MongoDB error: connect ECONNREFUSED ::1:27017, connect ECONNREFUSED 127.0.0.1:27017
2026-08-13 15:46:20 [error]: ❌ MongoDB connection error (attempt 1): connect ECONNREFUSED ::1:27017, connect ECONNREFUSED 127.0.0.1:27017
2026-08-13 15:46:20 [error]: MongoDB error: connect ECONNREFUSED ::1:27017, connect ECONNREFUSED 127.0.0.1:27017
2026-08-13 15:46:21 [error]: ❌ MongoDB connection error (attempt 1): connect ECONNREFUSED ::1:27017, connect ECONNREFUSED 127.0.0.1:27017
2026-08-13 15:46:21 [error]: MongoDB error: connect ECONNREFUSED ::1:27017, connect ECONNREFUSED 127.0.0.1:27017
2026-08-13 15:46:21 [error]: ❌ MongoDB connection error (attempt 1): connect ECONNREFUSED ::1:27017, connect ECONNREFUSED 127.0.0.1:27017
2026-08-13 15:46:21 [error]: MongoDB error: connect ECONNREFUSED ::1:27017, connect ECONNREFUSED 127.0.0.1:27017
2026-08-13 15:46:25 [error]: ❌ MongoDB connection error (attempt 1): connect ECONNREFUSED ::1:27017, connect ECONNREFUSED 127.0.0.1:27017
2026-08-13 15:46:25 [error]: MongoDB error: connect ECONNREFUSED ::1:27017, connect ECONNREFUSED 127.0.0.1:27017
2026-08-13 15:46:25 [error]: ❌ MongoDB connection error (attempt 1): connect ECONNREFUSED ::1:27017, connect ECONNREFUSED 127.0.0.1:27017
2026-08-13 15:46:25 [error]: MongoDB error: connect ECONNREFUSED ::1:27017, connect ECONNREFUSED 127.0.0.1:27017
2026-08-13 15:46:26 [error]: ❌ MongoDB connection error (attempt 1): connect ECONNREFUSED ::1:27017, connect ECONNREFUSED 127.0.0.1:27017
2026-08-13 15:46:26 [error]: MongoDB error: connect ECONNREFUSED ::1:27017, connect ECONNREFUSED 127.0.0.1:27017
2026-08-13 15:46:26 [error]: ❌ MongoDB connection error (attempt 1): connect ECONNREFUSED ::1:27017, connect ECONNREFUSED 127.0.0.1:27017
2026-08-13 15:46:26 [error]: MongoDB error: connect ECONNREFUSED ::1:27017, connect ECONNREFUSED 127.0.0.1:27017
2026-08-13 15:46:30 [error]: ❌ MongoDB connection error (attempt 1): connect ECONNREFUSED ::1:27017, connect ECONNREFUSED 127.0.0.1:27017
2026-08-13 15:46:30 [error]: MongoDB error: connect ECONNREFUSED ::1:27017, connect ECONNREFUSED 127.0.0.1:27017
2026-08-13 15:46:30 [error]: ❌ MongoDB connection error (attempt 1): connect ECONNREFUSED ::1:27017, connect ECONNREFUSED 127.0.0.1:27017
2026-08-13 15:46:30 [error]: MongoDB error: connect ECONNREFUSED ::1:27017, connect ECONNREFUSED 127.0.0.1:27017
2026-08-13 15:46:31 [error]: ❌ MongoDB connection error (attempt 1): connect ECONNREFUSED ::1:27017, connect ECONNREFUSED 127.0.0.1:27017
2026-08-13 15:46:31 [error]: MongoDB error: connect ECONNREFUSED ::1:27017, connect ECONNREFUSED 127.0.0.1:27017
2026-08-13 15:46:31 [error]: ❌ MongoDB connection error (attempt 1): connect ECONNREFUSED ::1:27017, connect ECONNREFUSED 127.0.0.1:27017
2026-08-13 15:46:31 [error]: MongoDB error: connect ECONNREFUSED ::1:27017, connect ECONNREFUSED 127.0.0.1:27017
2026-08-13 15:46:35 [error]: ❌ MongoDB connection error (attempt 1): connect ECONNREFUSED ::1:27017, connect ECONNREFUSED 127.0.0.1:27017
2026-08-13 15:46:35 [error]: MongoDB error: connect ECONNREFUSED ::1:27017, connect ECONNREFUSED 127.0.0.1:27017
2026-08-13 15:46:35 [error]: ❌ MongoDB connection error (attempt 1): connect ECONNREFUSED ::1:27017, connect ECONNREFUSED 127.0.0.1:27017
2026-08-13 15:46:35 [error]: MongoDB error: connect ECONNREFUSED ::1:27017, connect ECONNREFUSED 127.0.0.1:27017
2026-08-13 15:46:36 [error]: ❌ MongoDB connection error (attempt 1): connect ECONNREFUSED ::1:27017, connect ECONNREFUSED 127.0.0.1:27017
2026-08-13 15:46:36 [error]: MongoDB error: connect ECONNREFUSED ::1:27017, connect ECONNREFUSED 127.0.0.1:27017
2026-08-13 15:46:36 [error]: ❌ MongoDB connection error (attempt 1): connect ECONNREFUSED ::1:27017, connect ECONNREFUSED 127.0.0.1:27017
2026-08-13 15:46:36 [error]: MongoDB error: connect ECONNREFUSED ::1:27017, connect ECONNREFUSED 127.0.0.1:27017
2026-08-13 15:46:40 [error]: ❌ MongoDB connection error (attempt 1): connect ECONNREFUSED ::1:27017, connect ECONNREFUSED 127.0.0.1:27017
2026-08-13 15:46:40 [error]: MongoDB error: connect ECONNREFUSED ::1:27017, connect ECONNREFUSED 127.0.0.1:27017
2026-08-13 15:46:40 [error]: ❌ MongoDB connection error (attempt 1): connect ECONNREFUSED ::1:27017, connect ECONNREFUSED 127.0.0.1:27017
2026-08-13 15:46:40 [error]: MongoDB error: connect ECONNREFUSED ::1:27017, connect ECONNREFUSED 127.0.0.1:27017
2026-08-13 15:46:41 [error]: ❌ MongoDB connection error (attempt 1): connect ECONNREFUSED ::1:27017, connect ECONNREFUSED 127.0.0.1:27017
2026-08-13 15:46:41 [error]: MongoDB error: connect ECONNREFUSED ::1:27017, connect ECONNREFUSED 127.0.0.1:27017
2026-08-13 15:46:41 [error]: ❌ MongoDB connection error (attempt 1): connect ECONNREFUSED ::1:27017, connect ECONNREFUSED 127.0.0.1:27017
2026-08-13 15:46:41 [error]: MongoDB error: connect ECONNREFUSED ::1:27017, connect ECONNREFUSED 127.0.0.1:27017
2026-08-13 15:46:45 [error]: ❌ MongoDB connection error (attempt 1): connect ECONNREFUSED ::1:27017, connect ECONNREFUSED 127.0.0.1:27017
2026-08-13 15:46:45 [error]: MongoDB error: connect ECONNREFUSED ::1:27017, connect ECONNREFUSED 127.0.0.1:27017
2026-08-13 15:46:45 [error]: ❌ MongoDB connection error (attempt 1): connect ECONNREFUSED ::1:27017, connect ECONNREFUSED 127.0.0.1:27017
2026-08-13 15:46:45 [error]: MongoDB error: connect ECONNREFUSED ::1:27017, connect ECONNREFUSED 127.0.0.1:27017
2026-08-13 15:46:46 [error]: ❌ MongoDB connection error (attempt 1): connect ECONNREFUSED ::1:27017, connect ECONNREFUSED 127.0.0.1:27017
2026-08-13 15:46:46 [error]: MongoDB error: connect ECONNREFUSED ::1:27017, connect ECONNREFUSED 127.0.0.1:27017
2026-08-13 15:46:46 [error]: ❌ MongoDB connection error (attempt 1): connect ECONNREFUSED ::1:27017, connect ECONNREFUSED 127.0.0.1:27017
2026-08-13 15:46:46 [error]: MongoDB error: connect ECONNREFUSED ::1:27017, connect ECONNREFUSED 127.0.0.1:27017
2026-08-13 15:46:50 [error]: ❌ MongoDB connection error (attempt 1): connect ECONNREFUSED ::1:27017, connect ECONNREFUSED 127.0.0.1:27017
2026-08-13 15:46:50 [error]: MongoDB error: connect ECONNREFUSED ::1:27017, connect ECONNREFUSED 127.0.0.1:27017
2026-08-13 15:46:50 [error]: ❌ MongoDB connection error (attempt 1): connect ECONNREFUSED ::1:27017, connect ECONNREFUSED 127.0.0.1:27017
2026-08-13 15:46:50 [error]: MongoDB error: connect ECONNREFUSED ::1:27017, connect ECONNREFUSED 127.0.0.1:27017
2026-08-13 15:46:51 [error]: ❌ MongoDB connection error (attempt 1): connect ECONNREFUSED ::1:27017, connect ECONNREFUSED 127.0.0.1:27017
2026-08-13 15:46:51 [error]: MongoDB error: connect ECONNREFUSED ::1:27017, connect ECONNREFUSED 127.0.0.1:27017
2026-08-13 15:46:51 [error]: ❌ MongoDB connection error (attempt 1): connect ECONNREFUSED ::1:27017, connect ECONNREFUSED 127.0.0.1:27017
2026-08-13 15:46:51 [error]: MongoDB error: connect ECONNREFUSED ::1:27017, connect ECONNREFUSED 127.0.0.1:27017
2026-08-13 15:46:55 [error]: ❌ MongoDB connection error (attempt 1): connect ECONNREFUSED ::1:27017, connect ECONNREFUSED 127.0.0.1:27017
2026-08-13 15:46:55 [error]: MongoDB error: connect ECONNREFUSED ::1:27017, connect ECONNREFUSED 127.0.0.1:27017
2026-08-13 15:46:55 [error]: ❌ MongoDB connection error (attempt 1): connect ECONNREFUSED ::1:27017, connect ECONNREFUSED 127.0.0.1:27017
2026-08-13 15:46:55 [error]: MongoDB error: connect ECONNREFUSED ::1:27017, connect ECONNREFUSED 127.0.0.1:27017
2026-08-13 15:46:56 [error]: ❌ MongoDB connection error (attempt 1): connect ECONNREFUSED ::1:27017, connect ECONNREFUSED 127.0.0.1:27017
2026-08-13 15:46:56 [error]: MongoDB error: connect ECONNREFUSED ::1:27017, connect ECONNREFUSED 127.0.0.1:27017
2026-08-13 15:46:56 [error]: ❌ MongoDB connection error (attempt 1): connect ECONNREFUSED ::1:27017, connect ECONNREFUSED 127.0.0.1:27017
2026-08-13 15:46:56 [error]: MongoDB error: connect ECONNREFUSED ::1:27017, connect ECONNREFUSED 127.0.0.1:27017
2026-08-13 15:47:00 [error]: ❌ MongoDB connection error (attempt 1): connect ECONNREFUSED ::1:27017, connect ECONNREFUSED 127.0.0.1:27017
2026-08-13 15:47:00 [error]: MongoDB error: connect ECONNREFUSED ::1:27017, connect ECONNREFUSED 127.0.0.1:27017
2026-08-13 15:47:00 [error]: ❌ MongoDB connection error (attempt 1): connect ECONNREFUSED ::1:27017, connect ECONNREFUSED 127.0.0.1:27017
2026-08-13 15:47:00 [error]: MongoDB error: connect ECONNREFUSED ::1:27017, connect ECONNREFUSED 127.0.0.1:27017
2026-08-13 15:47:01 [error]: ❌ MongoDB connection error (attempt 1): connect ECONNREFUSED ::1:27017, connect ECONNREFUSED 127.0.0.1:27017
2026-08-13 15:47:01 [error]: MongoDB error: connect ECONNREFUSED ::1:27017, connect ECONNREFUSED 127.0.0.1:27017
2026-08-13 15:47:01 [error]: ❌ MongoDB connection error (attempt 1): connect ECONNREFUSED ::1:27017, connect ECONNREFUSED 127.0.0.1:27017
2026-08-13 15:47:01 [error]: MongoDB error: connect ECONNREFUSED ::1:27017, connect ECONNREFUSED 127.0.0.1:27017
2026-08-13 15:47:05 [error]: ❌ MongoDB connection error (attempt 1): connect ECONNREFUSED ::1:27017, connect ECONNREFUSED 127.0.0.1:27017
2026-08-13 15:47:05 [error]: MongoDB error: connect ECONNREFUSED ::1:27017, connect ECONNREFUSED 127.0.0.1:27017
2026-08-13 15:47:05 [error]: ❌ MongoDB connection error (attempt 1): connect ECONNREFUSED ::1:27017, connect ECONNREFUSED 127.0.0.1:27017
2026-08-13 15:47:05 [error]: MongoDB error: connect ECONNREFUSED ::1:27017, connect ECONNREFUSED 127.0.0.1:27017
2026-08-13 15:47:06 [error]: ❌ MongoDB connection error (attempt 1): connect ECONNREFUSED ::1:27017, connect ECONNREFUSED 127.0.0.1:27017
2026-08-13 15:47:06 [error]: MongoDB error: connect ECONNREFUSED ::1:27017, connect ECONNREFUSED 127.0.0.1:27017
2026-08-13 15:47:06 [error]: ❌ MongoDB connection error (attempt 1): connect ECONNREFUSED ::1:27017, connect ECONNREFUSED 127.0.0.1:27017
2026-08-13 15:47:06 [error]: MongoDB error: connect ECONNREFUSED ::1:27017, connect ECONNREFUSED 127.0.0.1:27017
2026-08-13 15:47:10 [error]: ❌ MongoDB connection error (attempt 1): connect ECONNREFUSED ::1:27017, connect ECONNREFUSED 127.0.0.1:27017
2026-08-13 15:47:10 [error]: MongoDB error: connect ECONNREFUSED ::1:27017, connect ECONNREFUSED 127.0.0.1:27017
2026-08-13 15:47:10 [error]: ❌ MongoDB connection error (attempt 1): connect ECONNREFUSED ::1:27017, connect ECONNREFUSED 127.0.0.1:27017
2026-08-13 15:47:10 [error]: MongoDB error: connect ECONNREFUSED ::1:27017, connect ECONNREFUSED 127.0.0.1:27017
2026-08-13 15:47:11 [error]: ❌ MongoDB connection error (attempt 1): connect ECONNREFUSED ::1:27017, connect ECONNREFUSED 127.0.0.1:27017
2026-08-13 15:47:11 [error]: MongoDB error: connect ECONNREFUSED ::1:27017, connect ECONNREFUSED 127.0.0.1:27017
2026-08-13 15:47:11 [error]: ❌ MongoDB connection error (attempt 1): connect ECONNREFUSED ::1:27017, connect ECONNREFUSED 127.0.0.1:27017
2026-08-13 15:47:11 [error]: MongoDB error: connect ECONNREFUSED ::1:27017, connect ECONNREFUSED 127.0.0.1:27017
2026-08-13 15:47:15 [error]: ❌ MongoDB connection error (attempt 1): connect ECONNREFUSED ::1:27017, connect ECONNREFUSED 127.0.0.1:27017
2026-08-13 15:47:15 [error]: MongoDB error: connect ECONNREFUSED ::1:27017, connect ECONNREFUSED 127.0.0.1:27017
2026-08-13 15:47:15 [error]: ❌ MongoDB connection error (attempt 1): connect ECONNREFUSED ::1:27017, connect ECONNREFUSED 127.0.0.1:27017
2026-08-13 15:47:15 [error]: MongoDB error: connect ECONNREFUSED ::1:27017, connect ECONNREFUSED 127.0.0.1:27017
2026-08-13 15:47:16 [error]: ❌ MongoDB connection error (attempt 1): connect ECONNREFUSED ::1:27017, connect ECONNREFUSED 127.0.0.1:27017
2026-08-13 15:47:16 [error]: MongoDB error: connect ECONNREFUSED ::1:27017, connect ECONNREFUSED 127.0.0.1:27017
2026-08-13 15:47:16 [error]: ❌ MongoDB connection error (attempt 1): connect ECONNREFUSED ::1:27017, connect ECONNREFUSED 127.0.0.1:27017
2026-08-13 15:47:16 [error]: MongoDB error: connect ECONNREFUSED ::1:27017, connect ECONNREFUSED 127.0.0.1:27017
2026-08-13 15:47:20 [error]: ❌ MongoDB connection error (attempt 1): connect ECONNREFUSED ::1:27017, connect ECONNREFUSED 127.0.0.1:27017
2026-08-13 15:47:20 [error]: MongoDB error: connect ECONNREFUSED ::1:27017, connect ECONNREFUSED 127.0.0.1:27017
2026-08-13 15:47:20 [error]: ❌ MongoDB connection error (attempt 1): connect ECONNREFUSED ::1:27017, connect ECONNREFUSED 127.0.0.1:27017
2026-08-13 15:47:20 [error]: MongoDB error: connect ECONNREFUSED ::1:27017, connect ECONNREFUSED 127.0.0.1:27017
2026-08-13 15:47:21 [error]: ❌ MongoDB connection error (attempt 1): connect ECONNREFUSED ::1:27017, connect ECONNREFUSED 127.0.0.1:27017
2026-08-13 15:47:21 [error]: MongoDB error: connect ECONNREFUSED ::1:27017, connect ECONNREFUSED 127.0.0.1:27017
2026-08-13 15:47:21 [error]: ❌ MongoDB connection error (attempt 1): connect ECONNREFUSED ::1:27017, connect ECONNREFUSED 127.0.0.1:27017
2026-08-13 15:47:21 [error]: MongoDB error: connect ECONNREFUSED ::1:27017, connect ECONNREFUSED 127.0.0.1:27017
2026-08-13 15:47:25 [error]: ❌ MongoDB connection error (attempt 1): connect ECONNREFUSED ::1:27017, connect ECONNREFUSED 127.0.0.1:27017
2026-08-13 15:47:25 [error]: MongoDB error: connect ECONNREFUSED ::1:27017, connect ECONNREFUSED 127.0.0.1:27017
2026-08-13 15:47:25 [error]: ❌ MongoDB connection error (attempt 1): connect ECONNREFUSED ::1:27017, connect ECONNREFUSED 127.0.0.1:27017
2026-08-13 15:47:25 [error]: MongoDB error: connect ECONNREFUSED ::1:27017, connect ECONNREFUSED 127.0.0.1:27017
2026-08-13 15:47:26 [error]: ❌ MongoDB connection error (attempt 1): connect ECONNREFUSED ::1:27017, connect ECONNREFUSED 127.0.0.1:27017
2026-08-13 15:47:26 [error]: MongoDB error: connect ECONNREFUSED ::1:27017, connect ECONNREFUSED 127.0.0.1:27017
2026-08-13 15:47:26 [error]: ❌ MongoDB connection error (attempt 1): connect ECONNREFUSED ::1:27017, connect ECONNREFUSED 127.0.0.1:27017
2026-08-13 15:47:26 [error]: MongoDB error: connect ECONNREFUSED ::1:27017, connect ECONNREFUSED 127.0.0.1:27017
2026-08-13 15:47:30 [error]: ❌ MongoDB connection error (attempt 1): connect ECONNREFUSED ::1:27017, connect ECONNREFUSED 127.0.0.1:27017
2026-08-13 15:47:30 [error]: MongoDB error: connect ECONNREFUSED ::1:27017, connect ECONNREFUSED 127.0.0.1:27017
2026-08-13 15:47:30 [error]: ❌ MongoDB connection error (attempt 1): connect ECONNREFUSED ::1:27017, connect ECONNREFUSED 127.0.0.1:27017
2026-08-13 15:47:30 [error]: MongoDB error: connect ECONNREFUSED ::1:27017, connect ECONNREFUSED 127.0.0.1:27017
2026-08-13 15:47:31 [error]: ❌ MongoDB connection error (attempt 1): connect ECONNREFUSED ::1:27017, connect ECONNREFUSED 127.0.0.1:27017
2026-08-13 15:47:31 [error]: MongoDB error: connect ECONNREFUSED ::1:27017, connect ECONNREFUSED 127.0.0.1:27017
2026-08-13 15:47:31 [error]: ❌ MongoDB connection error (attempt 1): connect ECONNREFUSED ::1:27017, connect ECONNREFUSED 127.0.0.1:27017
2026-08-13 15:47:31 [error]: MongoDB error: connect ECONNREFUSED ::1:27017, connect ECONNREFUSED 127.0.0.1:27017
2026-08-13 15:47:35 [error]: ❌ MongoDB connection error (attempt 1): connect ECONNREFUSED ::1:27017, connect ECONNREFUSED 127.0.0.1:27017
2026-08-13 15:47:35 [error]: MongoDB error: connect ECONNREFUSED ::1:27017, connect ECONNREFUSED 127.0.0.1:27017
2026-08-13 15:47:35 [error]: ❌ MongoDB connection error (attempt 1): connect ECONNREFUSED ::1:27017, connect ECONNREFUSED 127.0.0.1:27017
2026-08-13 15:47:35 [error]: MongoDB error: connect ECONNREFUSED ::1:27017, connect ECONNREFUSED 127.0.0.1:27017
2026-08-13 15:47:36 [error]: ❌ MongoDB connection error (attempt 1): connect ECONNREFUSED ::1:27017, connect ECONNREFUSED 127.0.0.1:27017
2026-08-13 15:47:36 [error]: MongoDB error: connect ECONNREFUSED ::1:27017, connect ECONNREFUSED 127.0.0.1:27017
2026-08-13 15:47:36 [error]: ❌ MongoDB connection error (attempt 1): connect ECONNREFUSED ::1:27017, connect ECONNREFUSED 127.0.0.1:27017
2026-08-13 15:47:36 [error]: MongoDB error: connect ECONNREFUSED ::1:27017, connect ECONNREFUSED 127.0.0.1:27017
2026-08-13 15:47:40 [error]: ❌ MongoDB connection error (attempt 1): connect ECONNREFUSED ::1:27017, connect ECONNREFUSED 127.0.0.1:27017
2026-08-13 15:47:40 [error]: MongoDB error: connect ECONNREFUSED ::1:27017, connect ECONNREFUSED 127.0.0.1:27017
2026-08-13 15:47:40 [error]: ❌ MongoDB connection error (attempt 1): connect ECONNREFUSED ::1:27017, connect ECONNREFUSED 127.0.0.1:27017
2026-08-13 15:47:40 [error]: MongoDB error: connect ECONNREFUSED ::1:27017, connect ECONNREFUSED 127.0.0.1:27017
2026-08-13 15:47:41 [error]: ❌ MongoDB connection error (attempt 1): connect ECONNREFUSED ::1:27017, connect ECONNREFUSED 127.0.0.1:27017
2026-08-13 15:47:41 [error]: MongoDB error: connect ECONNREFUSED ::1:27017, connect ECONNREFUSED 127.0.0.1:27017
2026-08-13 15:47:41 [error]: ❌ MongoDB connection error (attempt 1): connect ECONNREFUSED ::1:27017, connect ECONNREFUSED 127.0.0.1:27017
2026-08-13 15:47:41 [error]: MongoDB error: connect ECONNREFUSED ::1:27017, connect ECONNREFUSED 127.0.0.1:27017
2026-08-13 15:47:45 [error]: ❌ MongoDB connection error (attempt 1): connect ECONNREFUSED ::1:27017, connect ECONNREFUSED 127.0.0.1:27017
2026-08-13 15:47:45 [error]: MongoDB error: connect ECONNREFUSED ::1:27017, connect ECONNREFUSED 127.0.0.1:27017
2026-08-13 15:47:45 [error]: ❌ MongoDB connection error (attempt 1): connect ECONNREFUSED ::1:27017, connect ECONNREFUSED 127.0.0.1:27017
2026-08-13 15:47:45 [error]: MongoDB error: connect ECONNREFUSED ::1:27017, connect ECONNREFUSED 127.0.0.1:27017
2026-08-13 15:47:46 [error]: ❌ MongoDB connection error (attempt 1): connect ECONNREFUSED ::1:27017, connect ECONNREFUSED 127.0.0.1:27017
2026-08-13 15:47:46 [error]: MongoDB error: connect ECONNREFUSED ::1:27017, connect ECONNREFUSED 127.0.0.1:27017
2026-08-13 15:47:46 [error]: ❌ MongoDB connection error (attempt 1): connect ECONNREFUSED ::1:27017, connect ECONNREFUSED 127.0.0.1:27017
2026-08-13 15:47:46 [error]: MongoDB error: connect ECONNREFUSED ::1:27017, connect ECONNREFUSED 127.0.0.1:27017
2026-08-13 15:47:50 [error]: ❌ MongoDB connection error (attempt 1): connect ECONNREFUSED ::1:27017, connect ECONNREFUSED 127.0.0.1:27017
2026-08-13 15:47:50 [error]: MongoDB error: connect ECONNREFUSED ::1:27017, connect ECONNREFUSED 127.0.0.1:27017
2026-08-13 15:47:50 [error]: ❌ MongoDB connection error (attempt 1): connect ECONNREFUSED ::1:27017, connect ECONNREFUSED 127.0.0.1:27017
2026-08-13 15:47:50 [error]: MongoDB error: connect ECONNREFUSED ::1:27017, connect ECONNREFUSED 127.0.0.1:27017
2026-08-13 15:47:51 [error]: ❌ MongoDB connection error (attempt 1): connect ECONNREFUSED ::1:27017, connect ECONNREFUSED 127.0.0.1:27017
2026-08-13 15:47:51 [error]: MongoDB error: connect ECONNREFUSED ::1:27017, connect ECONNREFUSED 127.0.0.1:27017
2026-08-13 15:47:51 [error]: ❌ MongoDB connection error (attempt 1): connect ECONNREFUSED ::1:27017, connect ECONNREFUSED 127.0.0.1:27017
2026-08-13 15:47:51 [error]: MongoDB error: connect ECONNREFUSED ::1:27017, connect ECONNREFUSED 127.0.0.1:27017
2026-08-13 15:47:55 [error]: ❌ MongoDB connection error (attempt 1): connect ECONNREFUSED ::1:27017, connect ECONNREFUSED 127.0.0.1:27017
2026-08-13 15:47:55 [error]: MongoDB error: connect ECONNREFUSED ::1:27017, connect ECONNREFUSED 127.0.0.1:27017
2026-08-13 15:47:55 [error]: ❌ MongoDB connection error (attempt 1): connect ECONNREFUSED ::1:27017, connect ECONNREFUSED 127.0.0.1:27017
2026-08-13 15:47:55 [error]: MongoDB error: connect ECONNREFUSED ::1:27017, connect ECONNREFUSED 127.0.0.1:27017
2026-08-13 15:47:56 [error]: ❌ MongoDB connection error (attempt 1): connect ECONNREFUSED ::1:27017, connect ECONNREFUSED 127.0.0.1:27017
2026-08-13 15:47:56 [error]: MongoDB error: connect ECONNREFUSED ::1:27017, connect ECONNREFUSED 127.0.0.1:27017
2026-08-13 15:47:56 [error]: ❌ MongoDB connection error (attempt 1): connect ECONNREFUSED ::1:27017, connect ECONNREFUSED 127.0.0.1:27017
2026-08-13 15:47:56 [error]: MongoDB error: connect ECONNREFUSED ::1:27017, connect ECONNREFUSED 127.0.0.1:27017
2026-08-13 15:48:00 [error]: ❌ MongoDB connection error (attempt 1): connect ECONNREFUSED ::1:27017, connect ECONNREFUSED 127.0.0.1:27017
2026-08-13 15:48:00 [error]: MongoDB error: connect ECONNREFUSED ::1:27017, connect ECONNREFUSED 127.0.0.1:27017
2026-08-13 15:48:00 [error]: ❌ MongoDB connection error (attempt 1): connect ECONNREFUSED ::1:27017, connect ECONNREFUSED 127.0.0.1:27017
2026-08-13 15:48:00 [error]: MongoDB error: connect ECONNREFUSED ::1:27017, connect ECONNREFUSED 127.0.0.1:27017
2026-08-13 15:48:01 [error]: ❌ MongoDB connection error (attempt 1): connect ECONNREFUSED ::1:27017, connect ECONNREFUSED 127.0.0.1:27017
2026-08-13 15:48:01 [error]: MongoDB error: connect ECONNREFUSED ::1:27017, connect ECONNREFUSED 127.0.0.1:27017
2026-08-13 15:48:01 [error]: ❌ MongoDB connection error (attempt 1): connect ECONNREFUSED ::1:27017, connect ECONNREFUSED 127.0.0.1:27017
2026-08-13 15:48:01 [error]: MongoDB error: connect ECONNREFUSED ::1:27017, connect ECONNREFUSED 127.0.0.1:27017
2026-08-13 15:48:05 [error]: ❌ MongoDB connection error (attempt 1): connect ECONNREFUSED ::1:27017, connect ECONNREFUSED 127.0.0.1:27017
2026-08-13 15:48:05 [error]: MongoDB error: connect ECONNREFUSED ::1:27017, connect ECONNREFUSED 127.0.0.1:27017
2026-08-13 15:48:05 [error]: ❌ MongoDB connection error (attempt 1): connect ECONNREFUSED ::1:27017, connect ECONNREFUSED 127.0.0.1:27017
2026-08-13 15:48:05 [error]: MongoDB error: connect ECONNREFUSED ::1:27017, connect ECONNREFUSED 127.0.0.1:27017
2026-08-13 15:48:06 [error]: ❌ MongoDB connection error (attempt 1): connect ECONNREFUSED ::1:27017, connect ECONNREFUSED 127.0.0.1:27017
2026-08-13 15:48:06 [error]: MongoDB error: connect ECONNREFUSED ::1:27017, connect ECONNREFUSED 127.0.0.1:27017
2026-08-13 15:48:06 [error]: ❌ MongoDB connection error (attempt 1): connect ECONNREFUSED ::1:27017, connect ECONNREFUSED 127.0.0.1:27017
2026-08-13 15:48:06 [error]: MongoDB error: connect ECONNREFUSED ::1:27017, connect ECONNREFUSED 127.0.0.1:27017
2026-08-13 15:48:10 [error]: ❌ MongoDB connection error (attempt 1): connect ECONNREFUSED ::1:27017, connect ECONNREFUSED 127.0.0.1:27017
2026-08-13 15:48:10 [error]: MongoDB error: connect ECONNREFUSED ::1:27017, connect ECONNREFUSED 127.0.0.1:27017
2026-08-13 15:48:10 [error]: ❌ MongoDB connection error (attempt 1): connect ECONNREFUSED ::1:27017, connect ECONNREFUSED 127.0.0.1:27017
2026-08-13 15:48:10 [error]: MongoDB error: connect ECONNREFUSED ::1:27017, connect ECONNREFUSED 127.0.0.1:27017
2026-08-13 15:48:11 [error]: ❌ MongoDB connection error (attempt 1): connect ECONNREFUSED ::1:27017, connect ECONNREFUSED 127.0.0.1:27017
2026-08-13 15:48:11 [error]: MongoDB error: connect ECONNREFUSED ::1:27017, connect ECONNREFUSED 127.0.0.1:27017
2026-08-13 15:48:11 [error]: ❌ MongoDB connection error (attempt 1): connect ECONNREFUSED ::1:27017, connect ECONNREFUSED 127.0.0.1:27017
2026-08-13 15:48:11 [error]: MongoDB error: connect ECONNREFUSED ::1:27017, connect ECONNREFUSED 127.0.0.1:27017
2026-08-13 15:48:15 [error]: ❌ MongoDB connection error (attempt 1): connect ECONNREFUSED ::1:27017, connect ECONNREFUSED 127.0.0.1:27017
2026-08-13 15:48:15 [error]: MongoDB error: connect ECONNREFUSED ::1:27017, connect ECONNREFUSED 127.0.0.1:27017
2026-08-13 15:48:15 [error]: ❌ MongoDB connection error (attempt 1): connect ECONNREFUSED ::1:27017, connect ECONNREFUSED 127.0.0.1:27017
2026-08-13 15:48:15 [error]: MongoDB error: connect ECONNREFUSED ::1:27017, connect ECONNREFUSED 127.0.0.1:27017
2026-08-13 15:48:16 [error]: ❌ MongoDB connection error (attempt 1): connect ECONNREFUSED ::1:27017, connect ECONNREFUSED 127.0.0.1:27017
2026-08-13 15:48:16 [error]: MongoDB error: connect ECONNREFUSED ::1:27017, connect ECONNREFUSED 127.0.0.1:27017
2026-08-13 15:48:16 [error]: ❌ MongoDB connection error (attempt 1): connect ECONNREFUSED ::1:27017, connect ECONNREFUSED 127.0.0.1:27017
2026-08-13 15:48:16 [error]: MongoDB error: connect ECONNREFUSED ::1:27017, connect ECONNREFUSED 127.0.0.1:27017
2026-08-13 15:48:20 [error]: ❌ MongoDB connection error (attempt 1): connect ECONNREFUSED ::1:27017, connect ECONNREFUSED 127.0.0.1:27017
2026-08-13 15:48:20 [error]: MongoDB error: connect ECONNREFUSED ::1:27017, connect ECONNREFUSED 127.0.0.1:27017
2026-08-13 15:48:20 [error]: ❌ MongoDB connection error (attempt 1): connect ECONNREFUSED ::1:27017, connect ECONNREFUSED 127.0.0.1:27017
2026-08-13 15:48:20 [error]: MongoDB error: connect ECONNREFUSED ::1:27017, connect ECONNREFUSED 127.0.0.1:27017
2026-08-13 15:48:21 [error]: ❌ MongoDB connection error (attempt 1): connect ECONNREFUSED ::1:27017, connect ECONNREFUSED 127.0.0.1:27017
2026-08-13 15:48:21 [error]: MongoDB error: connect ECONNREFUSED ::1:27017, connect ECONNREFUSED 127.0.0.1:27017
2026-08-13 15:48:21 [error]: ❌ MongoDB connection error (attempt 1): connect ECONNREFUSED ::1:27017, connect ECONNREFUSED 127.0.0.1:27017
2026-08-13 15:48:21 [error]: MongoDB error: connect ECONNREFUSED ::1:27017, connect ECONNREFUSED 127.0.0.1:27017
2026-08-13 15:48:25 [error]: ❌ MongoDB connection error (attempt 1): connect ECONNREFUSED ::1:27017, connect ECONNREFUSED 127.0.0.1:27017
2026-08-13 15:48:25 [error]: MongoDB error: connect ECONNREFUSED ::1:27017, connect ECONNREFUSED 127.0.0.1:27017
2026-08-13 15:48:25 [error]: ❌ MongoDB connection error (attempt 1): connect ECONNREFUSED ::1:27017, connect ECONNREFUSED 127.0.0.1:27017
2026-08-13 15:48:25 [error]: MongoDB error: connect ECONNREFUSED ::1:27017, connect ECONNREFUSED 127.0.0.1:27017
2026-08-13 15:48:26 [error]: ❌ MongoDB connection error (attempt 1): connect ECONNREFUSED ::1:27017, connect ECONNREFUSED 127.0.0.1:27017
2026-08-13 15:48:26 [error]: MongoDB error: connect ECONNREFUSED ::1:27017, connect ECONNREFUSED 127.0.0.1:27017
2026-08-13 15:48:26 [error]: ❌ MongoDB connection error (attempt 1): connect ECONNREFUSED ::1:27017, connect ECONNREFUSED 127.0.0.1:27017
2026-08-13 15:48:26 [error]: MongoDB error: connect ECONNREFUSED ::1:27017, connect ECONNREFUSED 127.0.0.1:27017
2026-08-13 15:48:30 [error]: ❌ MongoDB connection error (attempt 1): connect ECONNREFUSED ::1:27017, connect ECONNREFUSED 127.0.0.1:27017
2026-08-13 15:48:30 [error]: MongoDB error: connect ECONNREFUSED ::1:27017, connect ECONNREFUSED 127.0.0.1:27017
2026-08-13 15:48:30 [error]: ❌ MongoDB connection error (attempt 1): connect ECONNREFUSED ::1:27017, connect ECONNREFUSED 127.0.0.1:27017
2026-08-13 15:48:30 [error]: MongoDB error: connect ECONNREFUSED ::1:27017, connect ECONNREFUSED 127.0.0.1:27017
2026-08-13 15:48:31 [error]: ❌ MongoDB connection error (attempt 1): connect ECONNREFUSED ::1:27017, connect ECONNREFUSED 127.0.0.1:27017
2026-08-13 15:48:31 [error]: MongoDB error: connect ECONNREFUSED ::1:27017, connect ECONNREFUSED 127.0.0.1:27017
2026-08-13 15:48:31 [error]: ❌ MongoDB connection error (attempt 1): connect ECONNREFUSED ::1:27017, connect ECONNREFUSED 127.0.0.1:27017
2026-08-13 15:48:31 [error]: MongoDB error: connect ECONNREFUSED ::1:27017, connect ECONNREFUSED 127.0.0.1:27017
2026-08-13 15:48:35 [error]: ❌ MongoDB connection error (attempt 1): connect ECONNREFUSED ::1:27017, connect ECONNREFUSED 127.0.0.1:27017
2026-08-13 15:48:35 [error]: MongoDB error: connect ECONNREFUSED ::1:27017, connect ECONNREFUSED 127.0.0.1:27017
2026-08-13 15:48:35 [error]: ❌ MongoDB connection error (attempt 1): connect ECONNREFUSED ::1:27017, connect ECONNREFUSED 127.0.0.1:27017
2026-08-13 15:48:35 [error]: MongoDB error: connect ECONNREFUSED ::1:27017, connect ECONNREFUSED 127.0.0.1:27017
2026-08-13 15:48:36 [error]: ❌ MongoDB connection error (attempt 1): connect ECONNREFUSED ::1:27017, connect ECONNREFUSED 127.0.0.1:27017
2026-08-13 15:48:36 [error]: MongoDB error: connect ECONNREFUSED ::1:27017, connect ECONNREFUSED 127.0.0.1:27017
2026-08-13 15:48:36 [error]: ❌ MongoDB connection error (attempt 1): connect ECONNREFUSED ::1:27017, connect ECONNREFUSED 127.0.0.1:27017
2026-08-13 15:48:36 [error]: MongoDB error: connect ECONNREFUSED ::1:27017, connect ECONNREFUSED 127.0.0.1:27017
2026-08-13 15:48:40 [error]: ❌ MongoDB connection error (attempt 1): connect ECONNREFUSED ::1:27017, connect ECONNREFUSED 127.0.0.1:27017
2026-08-13 15:48:40 [error]: MongoDB error: connect ECONNREFUSED ::1:27017, connect ECONNREFUSED 127.0.0.1:27017
2026-08-13 15:48:40 [error]: ❌ MongoDB connection error (attempt 1): connect ECONNREFUSED ::1:27017, connect ECONNREFUSED 127.0.0.1:27017
2026-08-13 15:48:40 [error]: MongoDB error: connect ECONNREFUSED ::1:27017, connect ECONNREFUSED 127.0.0.1:27017
2026-08-13 15:48:41 [error]: ❌ MongoDB connection error (attempt 1): connect ECONNREFUSED ::1:27017, connect ECONNREFUSED 127.0.0.1:27017
2026-08-13 15:48:41 [error]: MongoDB error: connect ECONNREFUSED ::1:27017, connect ECONNREFUSED 127.0.0.1:27017
2026-08-13 15:48:41 [error]: ❌ MongoDB connection error (attempt 1): connect ECONNREFUSED ::1:27017, connect ECONNREFUSED 127.0.0.1:27017
2026-08-13 15:48:41 [error]: MongoDB error: connect ECONNREFUSED ::1:27017, connect ECONNREFUSED 127.0.0.1:27017
2026-08-13 15:48:45 [error]: ❌ MongoDB connection error (attempt 1): connect ECONNREFUSED ::1:27017, connect ECONNREFUSED 127.0.0.1:27017
2026-08-13 15:48:45 [error]: MongoDB error: connect ECONNREFUSED ::1:27017, connect ECONNREFUSED 127.0.0.1:27017
2026-08-13 15:48:45 [error]: ❌ MongoDB connection error (attempt 1): connect ECONNREFUSED ::1:27017, connect ECONNREFUSED 127.0.0.1:27017
2026-08-13 15:48:45 [error]: MongoDB error: connect ECONNREFUSED ::1:27017, connect ECONNREFUSED 127.0.0.1:27017
2026-08-13 15:48:46 [error]: ❌ MongoDB connection error (attempt 1): connect ECONNREFUSED ::1:27017, connect ECONNREFUSED 127.0.0.1:27017
2026-08-13 15:48:46 [error]: MongoDB error: connect ECONNREFUSED ::1:27017, connect ECONNREFUSED 127.0.0.1:27017
2026-08-13 15:48:46 [error]: ❌ MongoDB connection error (attempt 1): connect ECONNREFUSED ::1:27017, connect ECONNREFUSED 127.0.0.1:27017
2026-08-13 15:48:46 [error]: MongoDB error: connect ECONNREFUSED ::1:27017, connect ECONNREFUSED 127.0.0.1:27017
2026-08-13 15:48:50 [error]: ❌ MongoDB connection error (attempt 1): connect ECONNREFUSED ::1:27017, connect ECONNREFUSED 127.0.0.1:27017
2026-08-13 15:48:50 [error]: MongoDB error: connect ECONNREFUSED ::1:27017, connect ECONNREFUSED 127.0.0.1:27017
2026-08-13 15:48:50 [error]: ❌ MongoDB connection error (attempt 1): connect ECONNREFUSED ::1:27017, connect ECONNREFUSED 127.0.0.1:27017
2026-08-13 15:48:50 [error]: MongoDB error: connect ECONNREFUSED ::1:27017, connect ECONNREFUSED 127.0.0.1:27017
2026-08-13 15:48:52 [error]: ❌ MongoDB connection error (attempt 1): connect ECONNREFUSED ::1:27017, connect ECONNREFUSED 127.0.0.1:27017
2026-08-13 15:48:52 [error]: MongoDB error: connect ECONNREFUSED ::1:27017, connect ECONNREFUSED 127.0.0.1:27017
2026-08-13 15:48:52 [error]: ❌ MongoDB connection error (attempt 1): connect ECONNREFUSED ::1:27017, connect ECONNREFUSED 127.0.0.1:27017
2026-08-13 15:48:52 [error]: MongoDB error: connect ECONNREFUSED ::1:27017, connect ECONNREFUSED 127.0.0.1:27017
2026-08-13 15:48:55 [error]: ❌ MongoDB connection error (attempt 1): connect ECONNREFUSED ::1:27017, connect ECONNREFUSED 127.0.0.1:27017
2026-08-13 15:48:55 [error]: MongoDB error: connect ECONNREFUSED ::1:27017, connect ECONNREFUSED 127.0.0.1:27017
2026-08-13 15:48:55 [error]: ❌ MongoDB connection error (attempt 1): connect ECONNREFUSED ::1:27017, connect ECONNREFUSED 127.0.0.1:27017
2026-08-13 15:48:55 [error]: MongoDB error: connect ECONNREFUSED ::1:27017, connect ECONNREFUSED 127.0.0.1:27017
2026-08-13 15:48:57 [error]: ❌ MongoDB connection error (attempt 1): connect ECONNREFUSED ::1:27017, connect ECONNREFUSED 127.0.0.1:27017
2026-08-13 15:48:57 [error]: MongoDB error: connect ECONNREFUSED ::1:27017, connect ECONNREFUSED 127.0.0.1:27017
2026-08-13 15:48:57 [error]: ❌ MongoDB connection error (attempt 1): connect ECONNREFUSED ::1:27017, connect ECONNREFUSED 127.0.0.1:27017
2026-08-13 15:48:57 [error]: MongoDB error: connect ECONNREFUSED ::1:27017, connect ECONNREFUSED 127.0.0.1:27017
2026-08-13 15:49:00 [error]: ❌ MongoDB connection error (attempt 1): connect ECONNREFUSED ::1:27017, connect ECONNREFUSED 127.0.0.1:27017
2026-08-13 15:49:00 [error]: MongoDB error: connect ECONNREFUSED ::1:27017, connect ECONNREFUSED 127.0.0.1:27017
2026-08-13 15:49:00 [error]: ❌ MongoDB connection error (attempt 1): connect ECONNREFUSED ::1:27017, connect ECONNREFUSED 127.0.0.1:27017
2026-08-13 15:49:00 [error]: MongoDB error: connect ECONNREFUSED ::1:27017, connect ECONNREFUSED 127.0.0.1:27017
2026-08-13 15:49:02 [error]: ❌ MongoDB connection error (attempt 1): connect ECONNREFUSED ::1:27017, connect ECONNREFUSED 127.0.0.1:27017
2026-08-13 15:49:02 [error]: MongoDB error: connect ECONNREFUSED ::1:27017, connect ECONNREFUSED 127.0.0.1:27017
2026-08-13 15:49:02 [error]: ❌ MongoDB connection error (attempt 1): connect ECONNREFUSED ::1:27017, connect ECONNREFUSED 127.0.0.1:27017
2026-08-13 15:49:02 [error]: MongoDB error: connect ECONNREFUSED ::1:27017, connect ECONNREFUSED 127.0.0.1:27017
2026-08-13 15:49:05 [error]: ❌ MongoDB connection error (attempt 1): connect ECONNREFUSED ::1:27017, connect ECONNREFUSED 127.0.0.1:27017
2026-08-13 15:49:05 [error]: MongoDB error: connect ECONNREFUSED ::1:27017, connect ECONNREFUSED 127.0.0.1:27017
2026-08-13 15:49:05 [error]: ❌ MongoDB connection error (attempt 1): connect ECONNREFUSED ::1:27017, connect ECONNREFUSED 127.0.0.1:27017
2026-08-13 15:49:05 [error]: MongoDB error: connect ECONNREFUSED ::1:27017, connect ECONNREFUSED 127.0.0.1:27017
2026-08-13 15:49:07 [error]: ❌ MongoDB connection error (attempt 1): connect ECONNREFUSED ::1:27017, connect ECONNREFUSED 127.0.0.1:27017
2026-08-13 15:49:07 [error]: MongoDB error: connect ECONNREFUSED ::1:27017, connect ECONNREFUSED 127.0.0.1:27017
2026-08-13 15:49:07 [error]: ❌ MongoDB connection error (attempt 1): connect ECONNREFUSED ::1:27017, connect ECONNREFUSED 127.0.0.1:27017
2026-08-13 15:49:07 [error]: MongoDB error: connect ECONNREFUSED ::1:27017, connect ECONNREFUSED 127.0.0.1:27017
2026-08-13 15:49:10 [error]: ❌ MongoDB connection error (attempt 1): connect ECONNREFUSED ::1:27017, connect ECONNREFUSED 127.0.0.1:27017
2026-08-13 15:49:10 [error]: MongoDB error: connect ECONNREFUSED ::1:27017, connect ECONNREFUSED 127.0.0.1:27017
2026-08-13 15:49:10 [error]: ❌ MongoDB connection error (attempt 1): connect ECONNREFUSED ::1:27017, connect ECONNREFUSED 127.0.0.1:27017
2026-08-13 15:49:10 [error]: MongoDB error: connect ECONNREFUSED ::1:27017, connect ECONNREFUSED 127.0.0.1:27017
2026-08-13 15:49:12 [error]: ❌ MongoDB connection error (attempt 1): connect ECONNREFUSED ::1:27017, connect ECONNREFUSED 127.0.0.1:27017
2026-08-13 15:49:12 [error]: MongoDB error: connect ECONNREFUSED ::1:27017, connect ECONNREFUSED 127.0.0.1:27017
2026-08-13 15:49:12 [error]: ❌ MongoDB connection error (attempt 1): connect ECONNREFUSED ::1:27017, connect ECONNREFUSED 127.0.0.1:27017
2026-08-13 15:49:12 [error]: MongoDB error: connect ECONNREFUSED ::1:27017, connect ECONNREFUSED 127.0.0.1:27017
2026-08-13 15:49:15 [error]: ❌ MongoDB connection error (attempt 1): connect ECONNREFUSED ::1:27017, connect ECONNREFUSED 127.0.0.1:27017
2026-08-13 15:49:15 [error]: MongoDB error: connect ECONNREFUSED ::1:27017, connect ECONNREFUSED 127.0.0.1:27017
2026-08-13 15:49:15 [error]: ❌ MongoDB connection error (attempt 1): connect ECONNREFUSED ::1:27017, connect ECONNREFUSED 127.0.0.1:27017
2026-08-13 15:49:15 [error]: MongoDB error: connect ECONNREFUSED ::1:27017, connect ECONNREFUSED 127.0.0.1:27017
2026-08-13 15:49:17 [error]: ❌ MongoDB connection error (attempt 1): connect ECONNREFUSED ::1:27017, connect ECONNREFUSED 127.0.0.1:27017
2026-08-13 15:49:17 [error]: MongoDB error: connect ECONNREFUSED ::1:27017, connect ECONNREFUSED 127.0.0.1:27017
2026-08-13 15:49:17 [error]: ❌ MongoDB connection error (attempt 1): connect ECONNREFUSED ::1:27017, connect ECONNREFUSED 127.0.0.1:27017
2026-08-13 15:49:17 [error]: MongoDB error: connect ECONNREFUSED ::1:27017, connect ECONNREFUSED 127.0.0.1:27017
2026-08-13 15:49:20 [error]: ❌ MongoDB connection error (attempt 1): connect ECONNREFUSED ::1:27017, connect ECONNREFUSED 127.0.0.1:27017
2026-08-13 15:49:20 [error]: MongoDB error: connect ECONNREFUSED ::1:27017, connect ECONNREFUSED 127.0.0.1:27017
2026-08-13 15:49:20 [error]: ❌ MongoDB connection error (attempt 1): connect ECONNREFUSED ::1:27017, connect ECONNREFUSED 127.0.0.1:27017
2026-08-13 15:49:20 [error]: MongoDB error: connect ECONNREFUSED ::1:27017, connect ECONNREFUSED 127.0.0.1:27017
2026-08-13 15:49:22 [error]: ❌ MongoDB connection error (attempt 1): connect ECONNREFUSED ::1:27017, connect ECONNREFUSED 127.0.0.1:27017
2026-08-13 15:49:22 [error]: MongoDB error: connect ECONNREFUSED ::1:27017, connect ECONNREFUSED 127.0.0.1:27017
2026-08-13 15:49:22 [error]: ❌ MongoDB connection error (attempt 1): connect ECONNREFUSED ::1:27017, connect ECONNREFUSED 127.0.0.1:27017
2026-08-13 15:49:22 [error]: MongoDB error: connect ECONNREFUSED ::1:27017, connect ECONNREFUSED 127.0.0.1:27017
2026-08-13 15:49:25 [error]: ❌ MongoDB connection error (attempt 1): connect ECONNREFUSED ::1:27017, connect ECONNREFUSED 127.0.0.1:27017
2026-08-13 15:49:25 [error]: MongoDB error: connect ECONNREFUSED ::1:27017, connect ECONNREFUSED 127.0.0.1:27017
2026-08-13 15:49:25 [error]: ❌ MongoDB connection error (attempt 1): connect ECONNREFUSED ::1:27017, connect ECONNREFUSED 127.0.0.1:27017
2026-08-13 15:49:25 [error]: MongoDB error: connect ECONNREFUSED ::1:27017, connect ECONNREFUSED 127.0.0.1:27017
2026-08-13 15:49:27 [error]: ❌ MongoDB connection error (attempt 1): connect ECONNREFUSED ::1:27017, connect ECONNREFUSED 127.0.0.1:27017
2026-08-13 15:49:27 [error]: MongoDB error: connect ECONNREFUSED ::1:27017, connect ECONNREFUSED 127.0.0.1:27017
2026-08-13 15:49:27 [error]: ❌ MongoDB connection error (attempt 1): connect ECONNREFUSED ::1:27017, connect ECONNREFUSED 127.0.0.1:27017
2026-08-13 15:49:27 [error]: MongoDB error: connect ECONNREFUSED ::1:27017, connect ECONNREFUSED 127.0.0.1:27017
2026-08-13 15:49:30 [error]: ❌ MongoDB connection error (attempt 1): connect ECONNREFUSED ::1:27017, connect ECONNREFUSED 127.0.0.1:27017
2026-08-13 15:49:30 [error]: MongoDB error: connect ECONNREFUSED ::1:27017, connect ECONNREFUSED 127.0.0.1:27017
2026-08-13 15:49:30 [error]: ❌ MongoDB connection error (attempt 1): connect ECONNREFUSED ::1:27017, connect ECONNREFUSED 127.0.0.1:27017
2026-08-13 15:49:30 [error]: MongoDB error: connect ECONNREFUSED ::1:27017, connect ECONNREFUSED 127.0.0.1:27017
2026-08-13 15:49:32 [error]: ❌ MongoDB connection error (attempt 1): connect ECONNREFUSED ::1:27017, connect ECONNREFUSED 127.0.0.1:27017
2026-08-13 15:49:32 [error]: MongoDB error: connect ECONNREFUSED ::1:27017, connect ECONNREFUSED 127.0.0.1:27017
2026-08-13 15:49:32 [error]: ❌ MongoDB connection error (attempt 1): connect ECONNREFUSED ::1:27017, connect ECONNREFUSED 127.0.0.1:27017
2026-08-13 15:49:32 [error]: MongoDB error: connect ECONNREFUSED ::1:27017, connect ECONNREFUSED 127.0.0.1:27017
2026-08-13 15:49:35 [error]: ❌ MongoDB connection error (attempt 1): connect ECONNREFUSED ::1:27017, connect ECONNREFUSED 127.0.0.1:27017
2026-08-13 15:49:35 [error]: MongoDB error: connect ECONNREFUSED ::1:27017, connect ECONNREFUSED 127.0.0.1:27017
2026-08-13 15:49:35 [error]: ❌ MongoDB connection error (attempt 1): connect ECONNREFUSED ::1:27017, connect ECONNREFUSED 127.0.0.1:27017
2026-08-13 15:49:35 [error]: MongoDB error: connect ECONNREFUSED ::1:27017, connect ECONNREFUSED 127.0.0.1:27017
2026-08-13 15:49:37 [error]: ❌ MongoDB connection error (attempt 1): connect ECONNREFUSED ::1:27017, connect ECONNREFUSED 127.0.0.1:27017
2026-08-13 15:49:37 [error]: MongoDB error: connect ECONNREFUSED ::1:27017, connect ECONNREFUSED 127.0.0.1:27017
2026-08-13 15:49:37 [error]: ❌ MongoDB connection error (attempt 1): connect ECONNREFUSED ::1:27017, connect ECONNREFUSED 127.0.0.1:27017
2026-08-13 15:49:37 [error]: MongoDB error: connect ECONNREFUSED ::1:27017, connect ECONNREFUSED 127.0.0.1:27017
2026-08-13 15:49:40 [error]: ❌ MongoDB connection error (attempt 1): connect ECONNREFUSED ::1:27017, connect ECONNREFUSED 127.0.0.1:27017
2026-08-13 15:49:40 [error]: MongoDB error: connect ECONNREFUSED ::1:27017, connect ECONNREFUSED 127.0.0.1:27017
2026-08-13 15:49:40 [error]: ❌ MongoDB connection error (attempt 1): connect ECONNREFUSED ::1:27017, connect ECONNREFUSED 127.0.0.1:27017
2026-08-13 15:49:40 [error]: MongoDB error: connect ECONNREFUSED ::1:27017, connect ECONNREFUSED 127.0.0.1:27017
2026-08-13 15:49:42 [error]: ❌ MongoDB connection error (attempt 1): connect ECONNREFUSED ::1:27017, connect ECONNREFUSED 127.0.0.1:27017
2026-08-13 15:49:42 [error]: MongoDB error: connect ECONNREFUSED ::1:27017, connect ECONNREFUSED 127.0.0.1:27017
2026-08-13 15:49:42 [error]: ❌ MongoDB connection error (attempt 1): connect ECONNREFUSED ::1:27017, connect ECONNREFUSED 127.0.0.1:27017
2026-08-13 15:49:42 [error]: MongoDB error: connect ECONNREFUSED ::1:27017, connect ECONNREFUSED 127.0.0.1:27017
2026-08-13 15:49:45 [error]: ❌ MongoDB connection error (attempt 1): connect ECONNREFUSED ::1:27017, connect ECONNREFUSED 127.0.0.1:27017
2026-08-13 15:49:45 [error]: MongoDB error: connect ECONNREFUSED ::1:27017, connect ECONNREFUSED 127.0.0.1:27017
2026-08-13 15:49:45 [error]: ❌ MongoDB connection error (attempt 1): connect ECONNREFUSED ::1:27017, connect ECONNREFUSED 127.0.0.1:27017
2026-08-13 15:49:45 [error]: MongoDB error: connect ECONNREFUSED ::1:27017, connect ECONNREFUSED 127.0.0.1:27017
2026-08-13 15:49:47 [error]: ❌ MongoDB connection error (attempt 1): connect ECONNREFUSED ::1:27017, connect ECONNREFUSED 127.0.0.1:27017
2026-08-13 15:49:47 [error]: MongoDB error: connect ECONNREFUSED ::1:27017, connect ECONNREFUSED 127.0.0.1:27017
2026-08-13 15:49:47 [error]: ❌ MongoDB connection error (attempt 1): connect ECONNREFUSED ::1:27017, connect ECONNREFUSED 127.0.0.1:27017
2026-08-13 15:49:47 [error]: MongoDB error: connect ECONNREFUSED ::1:27017, connect ECONNREFUSED 127.0.0.1:27017
2026-08-13 15:49:50 [error]: ❌ MongoDB connection error (attempt 1): connect ECONNREFUSED ::1:27017, connect ECONNREFUSED 127.0.0.1:27017
2026-08-13 15:49:50 [error]: MongoDB error: connect ECONNREFUSED ::1:27017, connect ECONNREFUSED 127.0.0.1:27017
2026-08-13 15:49:50 [error]: ❌ MongoDB connection error (attempt 1): connect ECONNREFUSED ::1:27017, connect ECONNREFUSED 127.0.0.1:27017
2026-08-13 15:49:50 [error]: MongoDB error: connect ECONNREFUSED ::1:27017, connect ECONNREFUSED 127.0.0.1:27017
2026-08-13 15:49:52 [error]: ❌ MongoDB connection error (attempt 1): connect ECONNREFUSED ::1:27017, connect ECONNREFUSED 127.0.0.1:27017
2026-08-13 15:49:52 [error]: MongoDB error: connect ECONNREFUSED ::1:27017, connect ECONNREFUSED 127.0.0.1:27017
2026-08-13 15:49:52 [error]: ❌ MongoDB connection error (attempt 1): connect ECONNREFUSED ::1:27017, connect ECONNREFUSED 127.0.0.1:27017
2026-08-13 15:49:52 [error]: MongoDB error: connect ECONNREFUSED ::1:27017, connect ECONNREFUSED 127.0.0.1:27017
2026-08-13 15:49:55 [error]: ❌ MongoDB connection error (attempt 1): connect ECONNREFUSED ::1:27017, connect ECONNREFUSED 127.0.0.1:27017
2026-08-13 15:49:55 [error]: MongoDB error: connect ECONNREFUSED ::1:27017, connect ECONNREFUSED 127.0.0.1:27017
2026-08-13 15:49:55 [error]: ❌ MongoDB connection error (attempt 1): connect ECONNREFUSED ::1:27017, connect ECONNREFUSED 127.0.0.1:27017
2026-08-13 15:49:55 [error]: MongoDB error: connect ECONNREFUSED ::1:27017, connect ECONNREFUSED 127.0.0.1:27017
2026-08-13 15:49:57 [error]: ❌ MongoDB connection error (attempt 1): connect ECONNREFUSED ::1:27017, connect ECONNREFUSED 127.0.0.1:27017
2026-08-13 15:49:57 [error]: MongoDB error: connect ECONNREFUSED ::1:27017, connect ECONNREFUSED 127.0.0.1:27017
2026-08-13 15:49:57 [error]: ❌ MongoDB connection error (attempt 1): connect ECONNREFUSED ::1:27017, connect ECONNREFUSED 127.0.0.1:27017
2026-08-13 15:49:57 [error]: MongoDB error: connect ECONNREFUSED ::1:27017, connect ECONNREFUSED 127.0.0.1:27017
2026-08-13 15:50:00 [error]: ❌ MongoDB connection error (attempt 1): connect ECONNREFUSED ::1:27017, connect ECONNREFUSED 127.0.0.1:27017
2026-08-13 15:50:00 [error]: MongoDB error: connect ECONNREFUSED ::1:27017, connect ECONNREFUSED 127.0.0.1:27017
2026-08-13 15:50:00 [error]: ❌ MongoDB connection error (attempt 1): connect ECONNREFUSED ::1:27017, connect ECONNREFUSED 127.0.0.1:27017
2026-08-13 15:50:00 [error]: MongoDB error: connect ECONNREFUSED ::1:27017, connect ECONNREFUSED 127.0.0.1:27017
2026-08-13 15:50:02 [error]: ❌ MongoDB connection error (attempt 1): connect ECONNREFUSED ::1:27017, connect ECONNREFUSED 127.0.0.1:27017
2026-08-13 15:50:02 [error]: MongoDB error: connect ECONNREFUSED ::1:27017, connect ECONNREFUSED 127.0.0.1:27017
2026-08-13 15:50:02 [error]: ❌ MongoDB connection error (attempt 1): connect ECONNREFUSED ::1:27017, connect ECONNREFUSED 127.0.0.1:27017
2026-08-13 15:50:02 [error]: MongoDB error: connect ECONNREFUSED ::1:27017, connect ECONNREFUSED 127.0.0.1:27017
2026-08-13 15:50:05 [error]: ❌ MongoDB connection error (attempt 1): connect ECONNREFUSED ::1:27017, connect ECONNREFUSED 127.0.0.1:27017
2026-08-13 15:50:05 [error]: MongoDB error: connect ECONNREFUSED ::1:27017, connect ECONNREFUSED 127.0.0.1:27017
2026-08-13 15:50:05 [error]: ❌ MongoDB connection error (attempt 1): connect ECONNREFUSED ::1:27017, connect ECONNREFUSED 127.0.0.1:27017
2026-08-13 15:50:05 [error]: MongoDB error: connect ECONNREFUSED ::1:27017, connect ECONNREFUSED 127.0.0.1:27017
2026-08-13 15:50:07 [error]: ❌ MongoDB connection error (attempt 1): connect ECONNREFUSED ::1:27017, connect ECONNREFUSED 127.0.0.1:27017
2026-08-13 15:50:07 [error]: MongoDB error: connect ECONNREFUSED ::1:27017, connect ECONNREFUSED 127.0.0.1:27017
2026-08-13 15:50:07 [error]: ❌ MongoDB connection error (attempt 1): connect ECONNREFUSED ::1:27017, connect ECONNREFUSED 127.0.0.1:27017
2026-08-13 15:50:07 [error]: MongoDB error: connect ECONNREFUSED ::1:27017, connect ECONNREFUSED 127.0.0.1:27017
2026-08-13 15:50:10 [error]: ❌ MongoDB connection error (attempt 1): connect ECONNREFUSED ::1:27017, connect ECONNREFUSED 127.0.0.1:27017
2026-08-13 15:50:10 [error]: MongoDB error: connect ECONNREFUSED ::1:27017, connect ECONNREFUSED 127.0.0.1:27017
2026-08-13 15:50:10 [error]: ❌ MongoDB connection error (attempt 1): connect ECONNREFUSED ::1:27017, connect ECONNREFUSED 127.0.0.1:27017
2026-08-13 15:50:10 [error]: MongoDB error: connect ECONNREFUSED ::1:27017, connect ECONNREFUSED 127.0.0.1:27017
2026-08-13 15:50:12 [error]: ❌ MongoDB connection error (attempt 1): connect ECONNREFUSED ::1:27017, connect ECONNREFUSED 127.0.0.1:27017
2026-08-13 15:50:12 [error]: MongoDB error: connect ECONNREFUSED ::1:27017, connect ECONNREFUSED 127.0.0.1:27017
2026-08-13 15:50:12 [error]: ❌ MongoDB connection error (attempt 1): connect ECONNREFUSED ::1:27017, connect ECONNREFUSED 127.0.0.1:27017
2026-08-13 15:50:12 [error]: MongoDB error: connect ECONNREFUSED ::1:27017, connect ECONNREFUSED 127.0.0.1:27017
2026-08-13 15:50:15 [error]: ❌ MongoDB connection error (attempt 1): connect ECONNREFUSED ::1:27017, connect ECONNREFUSED 127.0.0.1:27017
2026-08-13 15:50:15 [error]: MongoDB error: connect ECONNREFUSED ::1:27017, connect ECONNREFUSED 127.0.0.1:27017
2026-08-13 15:50:15 [error]: ❌ MongoDB connection error (attempt 1): connect ECONNREFUSED ::1:27017, connect ECONNREFUSED 127.0.0.1:27017
2026-08-13 15:50:15 [error]: MongoDB error: connect ECONNREFUSED ::1:27017, connect ECONNREFUSED 127.0.0.1:27017
2026-08-13 15:50:17 [error]: ❌ MongoDB connection error (attempt 1): connect ECONNREFUSED ::1:27017, connect ECONNREFUSED 127.0.0.1:27017
2026-08-13 15:50:17 [error]: MongoDB error: connect ECONNREFUSED ::1:27017, connect ECONNREFUSED 127.0.0.1:27017
2026-08-13 15:50:17 [error]: ❌ MongoDB connection error (attempt 1): connect ECONNREFUSED ::1:27017, connect ECONNREFUSED 127.0.0.1:27017
2026-08-13 15:50:17 [error]: MongoDB error: connect ECONNREFUSED ::1:27017, connect ECONNREFUSED 127.0.0.1:27017
2026-08-13 15:50:20 [error]: ❌ MongoDB connection error (attempt 1): connect ECONNREFUSED ::1:27017, connect ECONNREFUSED 127.0.0.1:27017
2026-08-13 15:50:20 [error]: MongoDB error: connect ECONNREFUSED ::1:27017, connect ECONNREFUSED 127.0.0.1:27017
2026-08-13 15:50:20 [error]: ❌ MongoDB connection error (attempt 1): connect ECONNREFUSED ::1:27017, connect ECONNREFUSED 127.0.0.1:27017
2026-08-13 15:50:20 [error]: MongoDB error: connect ECONNREFUSED ::1:27017, connect ECONNREFUSED 127.0.0.1:27017
2026-08-13 15:50:22 [error]: ❌ MongoDB connection error (attempt 1): connect ECONNREFUSED ::1:27017, connect ECONNREFUSED 127.0.0.1:27017
2026-08-13 15:50:22 [error]: MongoDB error: connect ECONNREFUSED ::1:27017, connect ECONNREFUSED 127.0.0.1:27017
2026-08-13 15:50:22 [error]: ❌ MongoDB connection error (attempt 1): connect ECONNREFUSED ::1:27017, connect ECONNREFUSED 127.0.0.1:27017
2026-08-13 15:50:22 [error]: MongoDB error: connect ECONNREFUSED ::1:27017, connect ECONNREFUSED 127.0.0.1:27017
2026-08-13 15:50:25 [error]: ❌ MongoDB connection error (attempt 1): connect ECONNREFUSED ::1:27017, connect ECONNREFUSED 127.0.0.1:27017
2026-08-13 15:50:25 [error]: MongoDB error: connect ECONNREFUSED ::1:27017, connect ECONNREFUSED 127.0.0.1:27017
2026-08-13 15:50:25 [error]: ❌ MongoDB connection error (attempt 1): connect ECONNREFUSED ::1:27017, connect ECONNREFUSED 127.0.0.1:27017
2026-08-13 15:50:25 [error]: MongoDB error: connect ECONNREFUSED ::1:27017, connect ECONNREFUSED 127.0.0.1:27017
2026-08-13 15:50:27 [error]: ❌ MongoDB connection error (attempt 1): connect ECONNREFUSED ::1:27017, connect ECONNREFUSED 127.0.0.1:27017
2026-08-13 15:50:27 [error]: MongoDB error: connect ECONNREFUSED ::1:27017, connect ECONNREFUSED 127.0.0.1:27017
2026-08-13 15:50:27 [error]: ❌ MongoDB connection error (attempt 1): connect ECONNREFUSED ::1:27017, connect ECONNREFUSED 127.0.0.1:27017
2026-08-13 15:50:27 [error]: MongoDB error: connect ECONNREFUSED ::1:27017, connect ECONNREFUSED 127.0.0.1:27017
2026-08-13 15:50:30 [error]: ❌ MongoDB connection error (attempt 1): connect ECONNREFUSED ::1:27017, connect ECONNREFUSED 127.0.0.1:27017
2026-08-13 15:50:30 [error]: MongoDB error: connect ECONNREFUSED ::1:27017, connect ECONNREFUSED 127.0.0.1:27017
2026-08-13 15:50:30 [error]: ❌ MongoDB connection error (attempt 1): connect ECONNREFUSED ::1:27017, connect ECONNREFUSED 127.0.0.1:27017
2026-08-13 15:50:30 [error]: MongoDB error: connect ECONNREFUSED ::1:27017, connect ECONNREFUSED 127.0.0.1:27017
2026-08-13 15:50:32 [error]: ❌ MongoDB connection error (attempt 1): connect ECONNREFUSED ::1:27017, connect ECONNREFUSED 127.0.0.1:27017
2026-08-13 15:50:32 [error]: MongoDB error: connect ECONNREFUSED ::1:27017, connect ECONNREFUSED 127.0.0.1:27017
2026-08-13 15:50:32 [error]: ❌ MongoDB connection error (attempt 1): connect ECONNREFUSED ::1:27017, connect ECONNREFUSED 127.0.0.1:27017
2026-08-13 15:50:32 [error]: MongoDB error: connect ECONNREFUSED ::1:27017, connect ECONNREFUSED 127.0.0.1:27017
2026-08-13 15:50:35 [error]: ❌ MongoDB connection error (attempt 1): connect ECONNREFUSED ::1:27017, connect ECONNREFUSED 127.0.0.1:27017
2026-08-13 15:50:35 [error]: MongoDB error: connect ECONNREFUSED ::1:27017, connect ECONNREFUSED 127.0.0.1:27017
2026-08-13 15:50:35 [error]: ❌ MongoDB connection error (attempt 1): connect ECONNREFUSED ::1:27017, connect ECONNREFUSED 127.0.0.1:27017
2026-08-13 15:50:35 [error]: MongoDB error: connect ECONNREFUSED ::1:27017, connect ECONNREFUSED 127.0.0.1:27017
2026-08-13 15:50:37 [error]: ❌ MongoDB connection error (attempt 1): connect ECONNREFUSED ::1:27017, connect ECONNREFUSED 127.0.0.1:27017
2026-08-13 15:50:37 [error]: MongoDB error: connect ECONNREFUSED ::1:27017, connect ECONNREFUSED 127.0.0.1:27017
2026-08-13 15:50:37 [error]: ❌ MongoDB connection error (attempt 1): connect ECONNREFUSED ::1:27017, connect ECONNREFUSED 127.0.0.1:27017
2026-08-13 15:50:37 [error]: MongoDB error: connect ECONNREFUSED ::1:27017, connect ECONNREFUSED 127.0.0.1:27017
2026-08-13 15:50:40 [error]: ❌ MongoDB connection error (attempt 1): connect ECONNREFUSED ::1:27017, connect ECONNREFUSED 127.0.0.1:27017
2026-08-13 15:50:40 [error]: MongoDB error: connect ECONNREFUSED ::1:27017, connect ECONNREFUSED 127.0.0.1:27017
2026-08-13 15:50:40 [error]: ❌ MongoDB connection error (attempt 1): connect ECONNREFUSED ::1:27017, connect ECONNREFUSED 127.0.0.1:27017
2026-08-13 15:50:40 [error]: MongoDB error: connect ECONNREFUSED ::1:27017, connect ECONNREFUSED 127.0.0.1:27017
2026-08-13 15:50:42 [error]: ❌ MongoDB connection error (attempt 1): connect ECONNREFUSED ::1:27017, connect ECONNREFUSED 127.0.0.1:27017
2026-08-13 15:50:42 [error]: MongoDB error: connect ECONNREFUSED ::1:27017, connect ECONNREFUSED 127.0.0.1:27017
2026-08-13 15:50:42 [error]: ❌ MongoDB connection error (attempt 1): connect ECONNREFUSED ::1:27017, connect ECONNREFUSED 127.0.0.1:27017
2026-08-13 15:50:42 [error]: MongoDB error: connect ECONNREFUSED ::1:27017, connect ECONNREFUSED 127.0.0.1:27017
2026-08-13 15:50:45 [error]: ❌ MongoDB connection error (attempt 1): connect ECONNREFUSED ::1:27017, connect ECONNREFUSED 127.0.0.1:27017
2026-08-13 15:50:45 [error]: MongoDB error: connect ECONNREFUSED ::1:27017, connect ECONNREFUSED 127.0.0.1:27017
2026-08-13 15:50:45 [error]: ❌ MongoDB connection error (attempt 1): connect ECONNREFUSED ::1:27017, connect ECONNREFUSED 127.0.0.1:27017
2026-08-13 15:50:45 [error]: MongoDB error: connect ECONNREFUSED ::1:27017, connect ECONNREFUSED 127.0.0.1:27017
2026-08-13 15:50:47 [error]: ❌ MongoDB connection error (attempt 1): connect ECONNREFUSED ::1:27017, connect ECONNREFUSED 127.0.0.1:27017
2026-08-13 15:50:47 [error]: MongoDB error: connect ECONNREFUSED ::1:27017, connect ECONNREFUSED 127.0.0.1:27017
2026-08-13 15:50:47 [error]: ❌ MongoDB connection error (attempt 1): connect ECONNREFUSED ::1:27017, connect ECONNREFUSED 127.0.0.1:27017
2026-08-13 15:50:47 [error]: MongoDB error: connect ECONNREFUSED ::1:27017, connect ECONNREFUSED 127.0.0.1:27017
2026-08-13 15:50:50 [error]: ❌ MongoDB connection error (attempt 1): connect ECONNREFUSED ::1:27017, connect ECONNREFUSED 127.0.0.1:27017
2026-08-13 15:50:50 [error]: MongoDB error: connect ECONNREFUSED ::1:27017, connect ECONNREFUSED 127.0.0.1:27017
2026-08-13 15:50:50 [error]: ❌ MongoDB connection error (attempt 1): connect ECONNREFUSED ::1:27017, connect ECONNREFUSED 127.0.0.1:27017
2026-08-13 15:50:50 [error]: MongoDB error: connect ECONNREFUSED ::1:27017, connect ECONNREFUSED 127.0.0.1:27017
2026-08-13 15:50:52 [error]: ❌ MongoDB connection error (attempt 1): connect ECONNREFUSED ::1:27017, connect ECONNREFUSED 127.0.0.1:27017
2026-08-13 15:50:52 [error]: MongoDB error: connect ECONNREFUSED ::1:27017, connect ECONNREFUSED 127.0.0.1:27017
2026-08-13 15:50:52 [error]: ❌ MongoDB connection error (attempt 1): connect ECONNREFUSED ::1:27017, connect ECONNREFUSED 127.0.0.1:27017
2026-08-13 15:50:52 [error]: MongoDB error: connect ECONNREFUSED ::1:27017, connect ECONNREFUSED 127.0.0.1:27017
2026-08-13 15:50:55 [error]: ❌ MongoDB connection error (attempt 1): connect ECONNREFUSED ::1:27017, connect ECONNREFUSED 127.0.0.1:27017
2026-08-13 15:50:55 [error]: MongoDB error: connect ECONNREFUSED ::1:27017, connect ECONNREFUSED 127.0.0.1:27017
2026-08-13 15:50:55 [error]: ❌ MongoDB connection error (attempt 1): connect ECONNREFUSED ::1:27017, connect ECONNREFUSED 127.0.0.1:27017
2026-08-13 15:50:55 [error]: MongoDB error: connect ECONNREFUSED ::1:27017, connect ECONNREFUSED 127.0.0.1:27017
2026-08-13 15:50:57 [error]: ❌ MongoDB connection error (attempt 1): connect ECONNREFUSED ::1:27017, connect ECONNREFUSED 127.0.0.1:27017
2026-08-13 15:50:57 [error]: MongoDB error: connect ECONNREFUSED ::1:27017, connect ECONNREFUSED 127.0.0.1:27017
2026-08-13 15:50:57 [error]: ❌ MongoDB connection error (attempt 1): connect ECONNREFUSED ::1:27017, connect ECONNREFUSED 127.0.0.1:27017
2026-08-13 15:50:57 [error]: MongoDB error: connect ECONNREFUSED ::1:27017, connect ECONNREFUSED 127.0.0.1:27017
2026-08-13 15:51:00 [error]: ❌ MongoDB connection error (attempt 1): connect ECONNREFUSED ::1:27017, connect ECONNREFUSED 127.0.0.1:27017
2026-08-13 15:51:00 [error]: MongoDB error: connect ECONNREFUSED ::1:27017, connect ECONNREFUSED 127.0.0.1:27017
2026-08-13 15:51:00 [error]: ❌ MongoDB connection error (attempt 1): connect ECONNREFUSED ::1:27017, connect ECONNREFUSED 127.0.0.1:27017
2026-08-13 15:51:00 [error]: MongoDB error: connect ECONNREFUSED ::1:27017, connect ECONNREFUSED 127.0.0.1:27017
2026-08-13 15:51:02 [error]: ❌ MongoDB connection error (attempt 1): connect ECONNREFUSED ::1:27017, connect ECONNREFUSED 127.0.0.1:27017
2026-08-13 15:51:02 [error]: MongoDB error: connect ECONNREFUSED ::1:27017, connect ECONNREFUSED 127.0.0.1:27017
2026-08-13 15:51:02 [error]: ❌ MongoDB connection error (attempt 1): connect ECONNREFUSED ::1:27017, connect ECONNREFUSED 127.0.0.1:27017
2026-08-13 15:51:02 [error]: MongoDB error: connect ECONNREFUSED ::1:27017, connect ECONNREFUSED 127.0.0.1:27017
2026-08-13 15:51:05 [error]: ❌ MongoDB connection error (attempt 1): connect ECONNREFUSED ::1:27017, connect ECONNREFUSED 127.0.0.1:27017
2026-08-13 15:51:05 [error]: MongoDB error: connect ECONNREFUSED ::1:27017, connect ECONNREFUSED 127.0.0.1:27017
2026-08-13 15:51:05 [error]: ❌ MongoDB connection error (attempt 1): connect ECONNREFUSED ::1:27017, connect ECONNREFUSED 127.0.0.1:27017
2026-08-13 15:51:05 [error]: MongoDB error: connect ECONNREFUSED ::1:27017, connect ECONNREFUSED 127.0.0.1:27017
2026-08-13 15:51:07 [error]: ❌ MongoDB connection error (attempt 1): connect ECONNREFUSED ::1:27017, connect ECONNREFUSED 127.0.0.1:27017
2026-08-13 15:51:07 [error]: MongoDB error: connect ECONNREFUSED ::1:27017, connect ECONNREFUSED 127.0.0.1:27017
2026-08-13 15:51:07 [error]: ❌ MongoDB connection error (attempt 1): connect ECONNREFUSED ::1:27017, connect ECONNREFUSED 127.0.0.1:27017
2026-08-13 15:51:07 [error]: MongoDB error: connect ECONNREFUSED ::1:27017, connect ECONNREFUSED 127.0.0.1:27017
2026-08-13 15:51:10 [error]: ❌ MongoDB connection error (attempt 1): connect ECONNREFUSED ::1:27017, connect ECONNREFUSED 127.0.0.1:27017
2026-08-13 15:51:10 [error]: MongoDB error: connect ECONNREFUSED ::1:27017, connect ECONNREFUSED 127.0.0.1:27017
2026-08-13 15:51:10 [error]: ❌ MongoDB connection error (attempt 1): connect ECONNREFUSED ::1:27017, connect ECONNREFUSED 127.0.0.1:27017
2026-08-13 15:51:10 [error]: MongoDB error: connect ECONNREFUSED ::1:27017, connect ECONNREFUSED 127.0.0.1:27017
2026-08-13 15:51:12 [error]: ❌ MongoDB connection error (attempt 1): connect ECONNREFUSED ::1:27017, connect ECONNREFUSED 127.0.0.1:27017
2026-08-13 15:51:12 [error]: MongoDB error: connect ECONNREFUSED ::1:27017, connect ECONNREFUSED 127.0.0.1:27017
2026-08-13 15:51:12 [error]: ❌ MongoDB connection error (attempt 1): connect ECONNREFUSED ::1:27017, connect ECONNREFUSED 127.0.0.1:27017
2026-08-13 15:51:12 [error]: MongoDB error: connect ECONNREFUSED ::1:27017, connect ECONNREFUSED 127.0.0.1:27017
2026-08-13 15:51:15 [error]: ❌ MongoDB connection error (attempt 1): connect ECONNREFUSED ::1:27017, connect ECONNREFUSED 127.0.0.1:27017
2026-08-13 15:51:15 [error]: MongoDB error: connect ECONNREFUSED ::1:27017, connect ECONNREFUSED 127.0.0.1:27017
2026-08-13 15:51:15 [error]: ❌ MongoDB connection error (attempt 1): connect ECONNREFUSED ::1:27017, connect ECONNREFUSED 127.0.0.1:27017
2026-08-13 15:51:15 [error]: MongoDB error: connect ECONNREFUSED ::1:27017, connect ECONNREFUSED 127.0.0.1:27017
2026-08-13 15:51:17 [error]: ❌ MongoDB connection error (attempt 1): connect ECONNREFUSED ::1:27017, connect ECONNREFUSED 127.0.0.1:27017
2026-08-13 15:51:17 [error]: MongoDB error: connect ECONNREFUSED ::1:27017, connect ECONNREFUSED 127.0.0.1:27017
2026-08-13 15:51:17 [error]: ❌ MongoDB connection error (attempt 1): connect ECONNREFUSED ::1:27017, connect ECONNREFUSED 127.0.0.1:27017
2026-08-13 15:51:17 [error]: MongoDB error: connect ECONNREFUSED ::1:27017, connect ECONNREFUSED 127.0.0.1:27017
2026-08-13 15:51:20 [error]: ❌ MongoDB connection error (attempt 1): connect ECONNREFUSED ::1:27017, connect ECONNREFUSED 127.0.0.1:27017
2026-08-13 15:51:20 [error]: MongoDB error: connect ECONNREFUSED ::1:27017, connect ECONNREFUSED 127.0.0.1:27017
2026-08-13 15:51:20 [error]: ❌ MongoDB connection error (attempt 1): connect ECONNREFUSED ::1:27017, connect ECONNREFUSED 127.0.0.1:27017
2026-08-13 15:51:21 [error]: MongoDB error: connect ECONNREFUSED ::1:27017, connect ECONNREFUSED 127.0.0.1:27017
2026-08-13 15:51:22 [error]: ❌ MongoDB connection error (attempt 1): connect ECONNREFUSED ::1:27017, connect ECONNREFUSED 127.0.0.1:27017
2026-08-13 15:51:22 [error]: MongoDB error: connect ECONNREFUSED ::1:27017, connect ECONNREFUSED 127.0.0.1:27017
2026-08-13 15:51:22 [error]: ❌ MongoDB connection error (attempt 1): connect ECONNREFUSED ::1:27017, connect ECONNREFUSED 127.0.0.1:27017
2026-08-13 15:51:22 [error]: MongoDB error: connect ECONNREFUSED ::1:27017, connect ECONNREFUSED 127.0.0.1:27017
2026-08-13 15:51:25 [error]: ❌ MongoDB connection error (attempt 1): connect ECONNREFUSED ::1:27017, connect ECONNREFUSED 127.0.0.1:27017
2026-08-13 15:51:25 [error]: MongoDB error: connect ECONNREFUSED ::1:27017, connect ECONNREFUSED 127.0.0.1:27017
2026-08-13 15:51:26 [error]: ❌ MongoDB connection error (attempt 1): connect ECONNREFUSED ::1:27017, connect ECONNREFUSED 127.0.0.1:27017
2026-08-13 15:51:26 [error]: MongoDB error: connect ECONNREFUSED ::1:27017, connect ECONNREFUSED 127.0.0.1:27017
2026-08-13 15:51:27 [error]: ❌ MongoDB connection error (attempt 1): connect ECONNREFUSED ::1:27017, connect ECONNREFUSED 127.0.0.1:27017
2026-08-13 15:51:27 [error]: MongoDB error: connect ECONNREFUSED ::1:27017, connect ECONNREFUSED 127.0.0.1:27017
2026-08-13 15:51:27 [error]: ❌ MongoDB connection error (attempt 1): connect ECONNREFUSED ::1:27017, connect ECONNREFUSED 127.0.0.1:27017
2026-08-13 15:51:27 [error]: MongoDB error: connect ECONNREFUSED ::1:27017, connect ECONNREFUSED 127.0.0.1:27017
2026-08-13 15:51:30 [error]: ❌ MongoDB connection error (attempt 1): connect ECONNREFUSED ::1:27017, connect ECONNREFUSED 127.0.0.1:27017
2026-08-13 15:51:30 [error]: MongoDB error: connect ECONNREFUSED ::1:27017, connect ECONNREFUSED 127.0.0.1:27017
2026-08-13 15:51:31 [error]: ❌ MongoDB connection error (attempt 1): connect ECONNREFUSED ::1:27017, connect ECONNREFUSED 127.0.0.1:27017
2026-08-13 15:51:31 [error]: MongoDB error: connect ECONNREFUSED ::1:27017, connect ECONNREFUSED 127.0.0.1:27017
2026-08-13 15:51:32 [error]: ❌ MongoDB connection error (attempt 1): connect ECONNREFUSED ::1:27017, connect ECONNREFUSED 127.0.0.1:27017
2026-08-13 15:51:32 [error]: MongoDB error: connect ECONNREFUSED ::1:27017, connect ECONNREFUSED 127.0.0.1:27017
2026-08-13 15:51:32 [error]: ❌ MongoDB connection error (attempt 1): connect ECONNREFUSED ::1:27017, connect ECONNREFUSED 127.0.0.1:27017
2026-08-13 15:51:32 [error]: MongoDB error: connect ECONNREFUSED ::1:27017, connect ECONNREFUSED 127.0.0.1:27017
2026-08-13 15:51:35 [error]: ❌ MongoDB connection error (attempt 1): connect ECONNREFUSED ::1:27017, connect ECONNREFUSED 127.0.0.1:27017
2026-08-13 15:51:35 [error]: MongoDB error: connect ECONNREFUSED ::1:27017, connect ECONNREFUSED 127.0.0.1:27017
2026-08-13 15:51:36 [error]: ❌ MongoDB connection error (attempt 1): connect ECONNREFUSED ::1:27017, connect ECONNREFUSED 127.0.0.1:27017
2026-08-13 15:51:36 [error]: MongoDB error: connect ECONNREFUSED ::1:27017, connect ECONNREFUSED 127.0.0.1:27017
2026-08-13 15:51:37 [error]: ❌ MongoDB connection error (attempt 1): connect ECONNREFUSED ::1:27017, connect ECONNREFUSED 127.0.0.1:27017
2026-08-13 15:51:37 [error]: MongoDB error: connect ECONNREFUSED ::1:27017, connect ECONNREFUSED 127.0.0.1:27017
2026-08-13 15:51:37 [error]: ❌ MongoDB connection error (attempt 1): connect ECONNREFUSED ::1:27017, connect ECONNREFUSED 127.0.0.1:27017
2026-08-13 15:51:37 [error]: MongoDB error: connect ECONNREFUSED ::1:27017, connect ECONNREFUSED 127.0.0.1:27017
2026-08-13 15:51:40 [error]: ❌ MongoDB connection error (attempt 1): connect ECONNREFUSED ::1:27017, connect ECONNREFUSED 127.0.0.1:27017
2026-08-13 15:51:40 [error]: MongoDB error: connect ECONNREFUSED ::1:27017, connect ECONNREFUSED 127.0.0.1:27017
2026-08-13 15:51:41 [error]: ❌ MongoDB connection error (attempt 1): connect ECONNREFUSED ::1:27017, connect ECONNREFUSED 127.0.0.1:27017
2026-08-13 15:51:41 [error]: MongoDB error: connect ECONNREFUSED ::1:27017, connect ECONNREFUSED 127.0.0.1:27017
2026-08-13 15:51:42 [error]: ❌ MongoDB connection error (attempt 1): connect ECONNREFUSED ::1:27017, connect ECONNREFUSED 127.0.0.1:27017
2026-08-13 15:51:42 [error]: MongoDB error: connect ECONNREFUSED ::1:27017, connect ECONNREFUSED 127.0.0.1:27017
2026-08-13 15:51:42 [error]: ❌ MongoDB connection error (attempt 1): connect ECONNREFUSED ::1:27017, connect ECONNREFUSED 127.0.0.1:27017
2026-08-13 15:51:42 [error]: MongoDB error: connect ECONNREFUSED ::1:27017, connect ECONNREFUSED 127.0.0.1:27017
2026-08-13 15:51:45 [error]: ❌ MongoDB connection error (attempt 1): connect ECONNREFUSED ::1:27017, connect ECONNREFUSED 127.0.0.1:27017
2026-08-13 15:51:45 [error]: MongoDB error: connect ECONNREFUSED ::1:27017, connect ECONNREFUSED 127.0.0.1:27017
2026-08-13 15:51:46 [error]: ❌ MongoDB connection error (attempt 1): connect ECONNREFUSED ::1:27017, connect ECONNREFUSED 127.0.0.1:27017
2026-08-13 15:51:46 [error]: MongoDB error: connect ECONNREFUSED ::1:27017, connect ECONNREFUSED 127.0.0.1:27017
2026-08-13 15:51:47 [error]: ❌ MongoDB connection error (attempt 1): connect ECONNREFUSED ::1:27017, connect ECONNREFUSED 127.0.0.1:27017
2026-08-13 15:51:47 [error]: MongoDB error: connect ECONNREFUSED ::1:27017, connect ECONNREFUSED 127.0.0.1:27017
2026-08-13 15:51:47 [error]: ❌ MongoDB connection error (attempt 1): connect ECONNREFUSED ::1:27017, connect ECONNREFUSED 127.0.0.1:27017
2026-08-13 15:51:47 [error]: MongoDB error: connect ECONNREFUSED ::1:27017, connect ECONNREFUSED 127.0.0.1:27017
2026-08-13 15:51:50 [error]: ❌ MongoDB connection error (attempt 1): connect ECONNREFUSED ::1:27017, connect ECONNREFUSED 127.0.0.1:27017
2026-08-13 15:51:50 [error]: MongoDB error: connect ECONNREFUSED ::1:27017, connect ECONNREFUSED 127.0.0.1:27017
2026-08-13 15:51:51 [error]: ❌ MongoDB connection error (attempt 1): connect ECONNREFUSED ::1:27017, connect ECONNREFUSED 127.0.0.1:27017
2026-08-13 15:51:51 [error]: MongoDB error: connect ECONNREFUSED ::1:27017, connect ECONNREFUSED 127.0.0.1:27017
2026-08-13 15:51:52 [error]: ❌ MongoDB connection error (attempt 1): connect ECONNREFUSED ::1:27017, connect ECONNREFUSED 127.0.0.1:27017
2026-08-13 15:51:52 [error]: MongoDB error: connect ECONNREFUSED ::1:27017, connect ECONNREFUSED 127.0.0.1:27017
2026-08-13 15:51:52 [error]: ❌ MongoDB connection error (attempt 1): connect ECONNREFUSED ::1:27017, connect ECONNREFUSED 127.0.0.1:27017
2026-08-13 15:51:52 [error]: MongoDB error: connect ECONNREFUSED ::1:27017, connect ECONNREFUSED 127.0.0.1:27017
2026-08-13 15:51:55 [error]: ❌ MongoDB connection error (attempt 1): connect ECONNREFUSED ::1:27017, connect ECONNREFUSED 127.0.0.1:27017
2026-08-13 15:51:55 [error]: MongoDB error: connect ECONNREFUSED ::1:27017, connect ECONNREFUSED 127.0.0.1:27017
2026-08-13 15:51:56 [error]: ❌ MongoDB connection error (attempt 1): connect ECONNREFUSED ::1:27017, connect ECONNREFUSED 127.0.0.1:27017
2026-08-13 15:51:56 [error]: MongoDB error: connect ECONNREFUSED ::1:27017, connect ECONNREFUSED 127.0.0.1:27017
2026-08-13 15:51:57 [error]: ❌ MongoDB connection error (attempt 1): connect ECONNREFUSED ::1:27017, connect ECONNREFUSED 127.0.0.1:27017
2026-08-13 15:51:57 [error]: MongoDB error: connect ECONNREFUSED ::1:27017, connect ECONNREFUSED 127.0.0.1:27017
2026-08-13 15:51:57 [error]: ❌ MongoDB connection error (attempt 1): connect ECONNREFUSED ::1:27017, connect ECONNREFUSED 127.0.0.1:27017
2026-08-13 15:51:57 [error]: MongoDB error: connect ECONNREFUSED ::1:27017, connect ECONNREFUSED 127.0.0.1:27017
2026-08-13 15:52:00 [error]: ❌ MongoDB connection error (attempt 1): connect ECONNREFUSED ::1:27017, connect ECONNREFUSED 127.0.0.1:27017
2026-08-13 15:52:00 [error]: MongoDB error: connect ECONNREFUSED ::1:27017, connect ECONNREFUSED 127.0.0.1:27017
2026-08-13 15:52:01 [error]: ❌ MongoDB connection error (attempt 1): connect ECONNREFUSED ::1:27017, connect ECONNREFUSED 127.0.0.1:27017
2026-08-13 15:52:01 [error]: MongoDB error: connect ECONNREFUSED ::1:27017, connect ECONNREFUSED 127.0.0.1:27017
2026-08-13 15:52:02 [error]: ❌ MongoDB connection error (attempt 1): connect ECONNREFUSED ::1:27017, connect ECONNREFUSED 127.0.0.1:27017
2026-08-13 15:52:02 [error]: MongoDB error: connect ECONNREFUSED ::1:27017, connect ECONNREFUSED 127.0.0.1:27017
2026-08-13 15:52:02 [error]: ❌ MongoDB connection error (attempt 1): connect ECONNREFUSED ::1:27017, connect ECONNREFUSED 127.0.0.1:27017
2026-08-13 15:52:02 [error]: MongoDB error: connect ECONNREFUSED ::1:27017, connect ECONNREFUSED 127.0.0.1:27017
2026-08-13 15:52:05 [error]: ❌ MongoDB connection error (attempt 1): connect ECONNREFUSED ::1:27017, connect ECONNREFUSED 127.0.0.1:27017
2026-08-13 15:52:05 [error]: MongoDB error: connect ECONNREFUSED ::1:27017, connect ECONNREFUSED 127.0.0.1:27017
2026-08-13 15:52:06 [error]: ❌ MongoDB connection error (attempt 1): connect ECONNREFUSED ::1:27017, connect ECONNREFUSED 127.0.0.1:27017
2026-08-13 15:52:06 [error]: MongoDB error: connect ECONNREFUSED ::1:27017, connect ECONNREFUSED 127.0.0.1:27017
2026-08-13 15:52:07 [error]: ❌ MongoDB connection error (attempt 1): connect ECONNREFUSED ::1:27017, connect ECONNREFUSED 127.0.0.1:27017
2026-08-13 15:52:07 [error]: MongoDB error: connect ECONNREFUSED ::1:27017, connect ECONNREFUSED 127.0.0.1:27017
2026-08-13 15:52:07 [error]: ❌ MongoDB connection error (attempt 1): connect ECONNREFUSED ::1:27017, connect ECONNREFUSED 127.0.0.1:27017
2026-08-13 15:52:07 [error]: MongoDB error: connect ECONNREFUSED ::1:27017, connect ECONNREFUSED 127.0.0.1:27017
2026-08-13 15:52:10 [error]: ❌ MongoDB connection error (attempt 1): connect ECONNREFUSED ::1:27017, connect ECONNREFUSED 127.0.0.1:27017
2026-08-13 15:52:10 [error]: MongoDB error: connect ECONNREFUSED ::1:27017, connect ECONNREFUSED 127.0.0.1:27017
2026-08-13 15:52:11 [error]: ❌ MongoDB connection error (attempt 1): connect ECONNREFUSED ::1:27017, connect ECONNREFUSED 127.0.0.1:27017
2026-08-13 15:52:11 [error]: MongoDB error: connect ECONNREFUSED ::1:27017, connect ECONNREFUSED 127.0.0.1:27017
2026-08-13 15:52:12 [error]: ❌ MongoDB connection error (attempt 1): connect ECONNREFUSED ::1:27017, connect ECONNREFUSED 127.0.0.1:27017
2026-08-13 15:52:12 [error]: MongoDB error: connect ECONNREFUSED ::1:27017, connect ECONNREFUSED 127.0.0.1:27017
2026-08-13 15:52:12 [error]: ❌ MongoDB connection error (attempt 1): connect ECONNREFUSED ::1:27017, connect ECONNREFUSED 127.0.0.1:27017
2026-08-13 15:52:12 [error]: MongoDB error: connect ECONNREFUSED ::1:27017, connect ECONNREFUSED 127.0.0.1:27017
2026-08-13 15:52:16 [error]: ❌ MongoDB connection error (attempt 1): connect ECONNREFUSED ::1:27017, connect ECONNREFUSED 127.0.0.1:27017
2026-08-13 15:52:16 [error]: MongoDB error: connect ECONNREFUSED ::1:27017, connect ECONNREFUSED 127.0.0.1:27017
2026-08-13 15:52:16 [error]: ❌ MongoDB connection error (attempt 1): connect ECONNREFUSED ::1:27017, connect ECONNREFUSED 127.0.0.1:27017
2026-08-13 15:52:16 [error]: MongoDB error: connect ECONNREFUSED ::1:27017, connect ECONNREFUSED 127.0.0.1:27017
2026-08-13 15:52:17 [error]: ❌ MongoDB connection error (attempt 1): connect ECONNREFUSED ::1:27017, connect ECONNREFUSED 127.0.0.1:27017
2026-08-13 15:52:17 [error]: MongoDB error: connect ECONNREFUSED ::1:27017, connect ECONNREFUSED 127.0.0.1:27017
2026-08-13 15:52:17 [error]: ❌ MongoDB connection error (attempt 1): connect ECONNREFUSED ::1:27017, connect ECONNREFUSED 127.0.0.1:27017
2026-08-13 15:52:17 [error]: MongoDB error: connect ECONNREFUSED ::1:27017, connect ECONNREFUSED 127.0.0.1:27017
2026-08-13 15:52:21 [error]: ❌ MongoDB connection error (attempt 1): connect ECONNREFUSED ::1:27017, connect ECONNREFUSED 127.0.0.1:27017
2026-08-13 15:52:21 [error]: MongoDB error: connect ECONNREFUSED ::1:27017, connect ECONNREFUSED 127.0.0.1:27017
2026-08-13 15:52:21 [error]: ❌ MongoDB connection error (attempt 1): connect ECONNREFUSED ::1:27017, connect ECONNREFUSED 127.0.0.1:27017
2026-08-13 15:52:21 [error]: MongoDB error: connect ECONNREFUSED ::1:27017, connect ECONNREFUSED 127.0.0.1:27017
2026-08-13 15:52:22 [error]: ❌ MongoDB connection error (attempt 1): connect ECONNREFUSED ::1:27017, connect ECONNREFUSED 127.0.0.1:27017
2026-08-13 15:52:22 [error]: MongoDB error: connect ECONNREFUSED ::1:27017, connect ECONNREFUSED 127.0.0.1:27017
2026-08-13 15:52:22 [error]: ❌ MongoDB connection error (attempt 1): connect ECONNREFUSED ::1:27017, connect ECONNREFUSED 127.0.0.1:27017
2026-08-13 15:52:22 [error]: MongoDB error: connect ECONNREFUSED ::1:27017, connect ECONNREFUSED 127.0.0.1:27017
2026-08-13 15:52:26 [error]: ❌ MongoDB connection error (attempt 1): connect ECONNREFUSED ::1:27017, connect ECONNREFUSED 127.0.0.1:27017
2026-08-13 15:52:26 [error]: MongoDB error: connect ECONNREFUSED ::1:27017, connect ECONNREFUSED 127.0.0.1:27017
2026-08-13 15:52:26 [error]: ❌ MongoDB connection error (attempt 1): connect ECONNREFUSED ::1:27017, connect ECONNREFUSED 127.0.0.1:27017
2026-08-13 15:52:26 [error]: MongoDB error: connect ECONNREFUSED ::1:27017, connect ECONNREFUSED 127.0.0.1:27017
2026-08-13 15:52:27 [error]: ❌ MongoDB connection error (attempt 1): connect ECONNREFUSED ::1:27017, connect ECONNREFUSED 127.0.0.1:27017
2026-08-13 15:52:27 [error]: MongoDB error: connect ECONNREFUSED ::1:27017, connect ECONNREFUSED 127.0.0.1:27017
2026-08-13 15:52:27 [error]: ❌ MongoDB connection error (attempt 1): connect ECONNREFUSED ::1:27017, connect ECONNREFUSED 127.0.0.1:27017
2026-08-13 15:52:27 [error]: MongoDB error: connect ECONNREFUSED ::1:27017, connect ECONNREFUSED 127.0.0.1:27017
2026-08-13 15:52:31 [error]: ❌ MongoDB connection error (attempt 1): connect ECONNREFUSED ::1:27017, connect ECONNREFUSED 127.0.0.1:27017
2026-08-13 15:52:31 [error]: MongoDB error: connect ECONNREFUSED ::1:27017, connect ECONNREFUSED 127.0.0.1:27017
2026-08-13 15:52:31 [error]: ❌ MongoDB connection error (attempt 1): connect ECONNREFUSED ::1:27017, connect ECONNREFUSED 127.0.0.1:27017
2026-08-13 15:52:31 [error]: MongoDB error: connect ECONNREFUSED ::1:27017, connect ECONNREFUSED 127.0.0.1:27017
2026-08-13 15:52:32 [error]: ❌ MongoDB connection error (attempt 1): connect ECONNREFUSED ::1:27017, connect ECONNREFUSED 127.0.0.1:27017
2026-08-13 15:52:32 [error]: MongoDB error: connect ECONNREFUSED ::1:27017, connect ECONNREFUSED 127.0.0.1:27017
2026-08-13 15:52:32 [error]: ❌ MongoDB connection error (attempt 1): connect ECONNREFUSED ::1:27017, connect ECONNREFUSED 127.0.0.1:27017
2026-08-13 15:52:32 [error]: MongoDB error: connect ECONNREFUSED ::1:27017, connect ECONNREFUSED 127.0.0.1:27017
2026-08-13 15:52:36 [error]: ❌ MongoDB connection error (attempt 1): connect ECONNREFUSED ::1:27017, connect ECONNREFUSED 127.0.0.1:27017
2026-08-13 15:52:36 [error]: MongoDB error: connect ECONNREFUSED ::1:27017, connect ECONNREFUSED 127.0.0.1:27017
2026-08-13 15:52:36 [error]: ❌ MongoDB connection error (attempt 1): connect ECONNREFUSED ::1:27017, connect ECONNREFUSED 127.0.0.1:27017
2026-08-13 15:52:36 [error]: MongoDB error: connect ECONNREFUSED ::1:27017, connect ECONNREFUSED 127.0.0.1:27017
2026-08-13 15:52:37 [error]: ❌ MongoDB connection error (attempt 1): connect ECONNREFUSED ::1:27017, connect ECONNREFUSED 127.0.0.1:27017
2026-08-13 15:52:37 [error]: MongoDB error: connect ECONNREFUSED ::1:27017, connect ECONNREFUSED 127.0.0.1:27017
2026-08-13 15:52:37 [error]: ❌ MongoDB connection error (attempt 1): connect ECONNREFUSED ::1:27017, connect ECONNREFUSED 127.0.0.1:27017
2026-08-13 15:52:37 [error]: MongoDB error: connect ECONNREFUSED ::1:27017, connect ECONNREFUSED 127.0.0.1:27017
2026-08-13 15:52:41 [error]: ❌ MongoDB connection error (attempt 1): connect ECONNREFUSED ::1:27017, connect ECONNREFUSED 127.0.0.1:27017
2026-08-13 15:52:41 [error]: MongoDB error: connect ECONNREFUSED ::1:27017, connect ECONNREFUSED 127.0.0.1:27017
2026-08-13 15:52:41 [error]: ❌ MongoDB connection error (attempt 1): connect ECONNREFUSED ::1:27017, connect ECONNREFUSED 127.0.0.1:27017
2026-08-13 15:52:41 [error]: MongoDB error: connect ECONNREFUSED ::1:27017, connect ECONNREFUSED 127.0.0.1:27017
2026-08-13 15:52:42 [error]: ❌ MongoDB connection error (attempt 1): connect ECONNREFUSED ::1:27017, connect ECONNREFUSED 127.0.0.1:27017
2026-08-13 15:52:42 [error]: MongoDB error: connect ECONNREFUSED ::1:27017, connect ECONNREFUSED 127.0.0.1:27017
2026-08-13 15:52:42 [error]: ❌ MongoDB connection error (attempt 1): connect ECONNREFUSED ::1:27017, connect ECONNREFUSED 127.0.0.1:27017
2026-08-13 15:52:42 [error]: MongoDB error: connect ECONNREFUSED ::1:27017, connect ECONNREFUSED 127.0.0.1:27017
2026-08-13 15:52:46 [error]: ❌ MongoDB connection error (attempt 1): connect ECONNREFUSED ::1:27017, connect ECONNREFUSED 127.0.0.1:27017
2026-08-13 15:52:46 [error]: MongoDB error: connect ECONNREFUSED ::1:27017, connect ECONNREFUSED 127.0.0.1:27017
2026-08-13 15:52:46 [error]: ❌ MongoDB connection error (attempt 1): connect ECONNREFUSED ::1:27017, connect ECONNREFUSED 127.0.0.1:27017
2026-08-13 15:52:46 [error]: MongoDB error: connect ECONNREFUSED ::1:27017, connect ECONNREFUSED 127.0.0.1:27017
2026-08-13 15:52:47 [error]: ❌ MongoDB connection error (attempt 1): connect ECONNREFUSED ::1:27017, connect ECONNREFUSED 127.0.0.1:27017
2026-08-13 15:52:47 [error]: MongoDB error: connect ECONNREFUSED ::1:27017, connect ECONNREFUSED 127.0.0.1:27017
2026-08-13 15:52:47 [error]: ❌ MongoDB connection error (attempt 1): connect ECONNREFUSED ::1:27017, connect ECONNREFUSED 127.0.0.1:27017
2026-08-13 15:52:47 [error]: MongoDB error: connect ECONNREFUSED ::1:27017, connect ECONNREFUSED 127.0.0.1:27017
2026-08-13 15:52:51 [error]: ❌ MongoDB connection error (attempt 1): connect ECONNREFUSED ::1:27017, connect ECONNREFUSED 127.0.0.1:27017
2026-08-13 15:52:51 [error]: MongoDB error: connect ECONNREFUSED ::1:27017, connect ECONNREFUSED 127.0.0.1:27017
2026-08-13 15:52:51 [error]: ❌ MongoDB connection error (attempt 1): connect ECONNREFUSED ::1:27017, connect ECONNREFUSED 127.0.0.1:27017
2026-08-13 15:52:51 [error]: MongoDB error: connect ECONNREFUSED ::1:27017, connect ECONNREFUSED 127.0.0.1:27017
2026-08-13 15:52:52 [error]: ❌ MongoDB connection error (attempt 1): connect ECONNREFUSED ::1:27017, connect ECONNREFUSED 127.0.0.1:27017
2026-08-13 15:52:52 [error]: MongoDB error: connect ECONNREFUSED ::1:27017, connect ECONNREFUSED 127.0.0.1:27017
2026-08-13 15:52:52 [error]: ❌ MongoDB connection error (attempt 1): connect ECONNREFUSED ::1:27017, connect ECONNREFUSED 127.0.0.1:27017
2026-08-13 15:52:52 [error]: MongoDB error: connect ECONNREFUSED ::1:27017, connect ECONNREFUSED 127.0.0.1:27017
2026-08-13 15:52:56 [error]: ❌ MongoDB connection error (attempt 1): connect ECONNREFUSED ::1:27017, connect ECONNREFUSED 127.0.0.1:27017
2026-08-13 15:52:56 [error]: MongoDB error: connect ECONNREFUSED ::1:27017, connect ECONNREFUSED 127.0.0.1:27017
2026-08-13 15:52:56 [error]: ❌ MongoDB connection error (attempt 1): connect ECONNREFUSED ::1:27017, connect ECONNREFUSED 127.0.0.1:27017
2026-08-13 15:52:56 [error]: MongoDB error: connect ECONNREFUSED ::1:27017, connect ECONNREFUSED 127.0.0.1:27017
2026-08-13 15:52:57 [error]: ❌ MongoDB connection error (attempt 1): connect ECONNREFUSED ::1:27017, connect ECONNREFUSED 127.0.0.1:27017
2026-08-13 15:52:57 [error]: MongoDB error: connect ECONNREFUSED ::1:27017, connect ECONNREFUSED 127.0.0.1:27017
2026-08-13 15:52:57 [error]: ❌ MongoDB connection error (attempt 1): connect ECONNREFUSED ::1:27017, connect ECONNREFUSED 127.0.0.1:27017
2026-08-13 15:52:57 [error]: MongoDB error: connect ECONNREFUSED ::1:27017, connect ECONNREFUSED 127.0.0.1:27017
2026-08-13 15:53:01 [error]: ❌ MongoDB connection error (attempt 1): connect ECONNREFUSED ::1:27017, connect ECONNREFUSED 127.0.0.1:27017
2026-08-13 15:53:01 [error]: MongoDB error: connect ECONNREFUSED ::1:27017, connect ECONNREFUSED 127.0.0.1:27017
2026-08-13 15:53:01 [error]: ❌ MongoDB connection error (attempt 1): connect ECONNREFUSED ::1:27017, connect ECONNREFUSED 127.0.0.1:27017
2026-08-13 15:53:01 [error]: MongoDB error: connect ECONNREFUSED ::1:27017, connect ECONNREFUSED 127.0.0.1:27017
2026-08-13 15:53:02 [error]: ❌ MongoDB connection error (attempt 1): connect ECONNREFUSED ::1:27017, connect ECONNREFUSED 127.0.0.1:27017
2026-08-13 15:53:02 [error]: MongoDB error: connect ECONNREFUSED ::1:27017, connect ECONNREFUSED 127.0.0.1:27017
2026-08-13 15:53:02 [error]: ❌ MongoDB connection error (attempt 1): connect ECONNREFUSED ::1:27017, connect ECONNREFUSED 127.0.0.1:27017
2026-08-13 15:53:02 [error]: MongoDB error: connect ECONNREFUSED ::1:27017, connect ECONNREFUSED 127.0.0.1:27017
2026-08-13 15:53:06 [error]: ❌ MongoDB connection error (attempt 1): connect ECONNREFUSED ::1:27017, connect ECONNREFUSED 127.0.0.1:27017
2026-08-13 15:53:06 [error]: MongoDB error: connect ECONNREFUSED ::1:27017, connect ECONNREFUSED 127.0.0.1:27017
2026-08-13 15:53:06 [error]: ❌ MongoDB connection error (attempt 1): connect ECONNREFUSED ::1:27017, connect ECONNREFUSED 127.0.0.1:27017
2026-08-13 15:53:06 [error]: MongoDB error: connect ECONNREFUSED ::1:27017, connect ECONNREFUSED 127.0.0.1:27017
2026-08-13 15:53:07 [error]: ❌ MongoDB connection error (attempt 1): connect ECONNREFUSED ::1:27017, connect ECONNREFUSED 127.0.0.1:27017
2026-08-13 15:53:07 [error]: MongoDB error: connect ECONNREFUSED ::1:27017, connect ECONNREFUSED 127.0.0.1:27017
2026-08-13 15:53:07 [error]: ❌ MongoDB connection error (attempt 1): connect ECONNREFUSED ::1:27017, connect ECONNREFUSED 127.0.0.1:27017
2026-08-13 15:53:07 [error]: MongoDB error: connect ECONNREFUSED ::1:27017, connect ECONNREFUSED 127.0.0.1:27017
2026-08-13 15:53:11 [error]: ❌ MongoDB connection error (attempt 1): connect ECONNREFUSED ::1:27017, connect ECONNREFUSED 127.0.0.1:27017
2026-08-13 15:53:11 [error]: MongoDB error: connect ECONNREFUSED ::1:27017, connect ECONNREFUSED 127.0.0.1:27017
2026-08-13 15:53:11 [error]: ❌ MongoDB connection error (attempt 1): connect ECONNREFUSED ::1:27017, connect ECONNREFUSED 127.0.0.1:27017
2026-08-13 15:53:11 [error]: MongoDB error: connect ECONNREFUSED ::1:27017, connect ECONNREFUSED 127.0.0.1:27017
2026-08-13 15:53:12 [error]: ❌ MongoDB connection error (attempt 1): connect ECONNREFUSED ::1:27017, connect ECONNREFUSED 127.0.0.1:27017
2026-08-13 15:53:12 [error]: MongoDB error: connect ECONNREFUSED ::1:27017, connect ECONNREFUSED 127.0.0.1:27017
2026-08-13 15:53:12 [error]: ❌ MongoDB connection error (attempt 1): connect ECONNREFUSED ::1:27017, connect ECONNREFUSED 127.0.0.1:27017
2026-08-13 15:53:12 [error]: MongoDB error: connect ECONNREFUSED ::1:27017, connect ECONNREFUSED 127.0.0.1:27017
2026-08-13 15:53:16 [error]: ❌ MongoDB connection error (attempt 1): connect ECONNREFUSED ::1:27017, connect ECONNREFUSED 127.0.0.1:27017
2026-08-13 15:53:16 [error]: MongoDB error: connect ECONNREFUSED ::1:27017, connect ECONNREFUSED 127.0.0.1:27017
2026-08-13 15:53:16 [error]: ❌ MongoDB connection error (attempt 1): connect ECONNREFUSED ::1:27017, connect ECONNREFUSED 127.0.0.1:27017
2026-08-13 15:53:16 [error]: MongoDB error: connect ECONNREFUSED ::1:27017, connect ECONNREFUSED 127.0.0.1:27017
2026-08-13 15:53:17 [error]: ❌ MongoDB connection error (attempt 1): connect ECONNREFUSED ::1:27017, connect ECONNREFUSED 127.0.0.1:27017
2026-08-13 15:53:17 [error]: MongoDB error: connect ECONNREFUSED ::1:27017, connect ECONNREFUSED 127.0.0.1:27017
2026-08-13 15:53:17 [error]: ❌ MongoDB connection error (attempt 1): connect ECONNREFUSED ::1:27017, connect ECONNREFUSED 127.0.0.1:27017
2026-08-13 15:53:17 [error]: MongoDB error: connect ECONNREFUSED ::1:27017, connect ECONNREFUSED 127.0.0.1:27017
2026-08-13 15:53:21 [error]: ❌ MongoDB connection error (attempt 1): connect ECONNREFUSED ::1:27017, connect ECONNREFUSED 127.0.0.1:27017
2026-08-13 15:53:21 [error]: MongoDB error: connect ECONNREFUSED ::1:27017, connect ECONNREFUSED 127.0.0.1:27017
2026-08-13 15:53:21 [error]: ❌ MongoDB connection error (attempt 1): connect ECONNREFUSED ::1:27017, connect ECONNREFUSED 127.0.0.1:27017
2026-08-13 15:53:21 [error]: MongoDB error: connect ECONNREFUSED ::1:27017, connect ECONNREFUSED 127.0.0.1:27017
2026-08-13 15:53:22 [error]: ❌ MongoDB connection error (attempt 1): connect ECONNREFUSED ::1:27017, connect ECONNREFUSED 127.0.0.1:27017
2026-08-13 15:53:22 [error]: MongoDB error: connect ECONNREFUSED ::1:27017, connect ECONNREFUSED 127.0.0.1:27017
2026-08-13 15:53:22 [error]: ❌ MongoDB connection error (attempt 1): connect ECONNREFUSED ::1:27017, connect ECONNREFUSED 127.0.0.1:27017
2026-08-13 15:53:22 [error]: MongoDB error: connect ECONNREFUSED ::1:27017, connect ECONNREFUSED 127.0.0.1:27017
2026-08-13 15:53:26 [error]: ❌ MongoDB connection error (attempt 1): connect ECONNREFUSED ::1:27017, connect ECONNREFUSED 127.0.0.1:27017
2026-08-13 15:53:26 [error]: MongoDB error: connect ECONNREFUSED ::1:27017, connect ECONNREFUSED 127.0.0.1:27017
2026-08-13 15:53:26 [error]: ❌ MongoDB connection error (attempt 1): connect ECONNREFUSED ::1:27017, connect ECONNREFUSED 127.0.0.1:27017
2026-08-13 15:53:26 [error]: MongoDB error: connect ECONNREFUSED ::1:27017, connect ECONNREFUSED 127.0.0.1:27017
2026-08-13 15:53:27 [error]: ❌ MongoDB connection error (attempt 1): connect ECONNREFUSED ::1:27017, connect ECONNREFUSED 127.0.0.1:27017
2026-08-13 15:53:27 [error]: MongoDB error: connect ECONNREFUSED ::1:27017, connect ECONNREFUSED 127.0.0.1:27017
2026-08-13 15:53:27 [error]: ❌ MongoDB connection error (attempt 1): connect ECONNREFUSED ::1:27017, connect ECONNREFUSED 127.0.0.1:27017
2026-08-13 15:53:27 [error]: MongoDB error: connect ECONNREFUSED ::1:27017, connect ECONNREFUSED 127.0.0.1:27017
2026-08-13 15:53:31 [error]: ❌ MongoDB connection error (attempt 1): connect ECONNREFUSED ::1:27017, connect ECONNREFUSED 127.0.0.1:27017
2026-08-13 15:53:31 [error]: MongoDB error: connect ECONNREFUSED ::1:27017, connect ECONNREFUSED 127.0.0.1:27017
2026-08-13 15:53:31 [error]: ❌ MongoDB connection error (attempt 1): connect ECONNREFUSED ::1:27017, connect ECONNREFUSED 127.0.0.1:27017
2026-08-13 15:53:31 [error]: MongoDB error: connect ECONNREFUSED ::1:27017, connect ECONNREFUSED 127.0.0.1:27017
2026-08-13 15:53:32 [error]: ❌ MongoDB connection error (attempt 1): connect ECONNREFUSED ::1:27017, connect ECONNREFUSED 127.0.0.1:27017
2026-08-13 15:53:32 [error]: MongoDB error: connect ECONNREFUSED ::1:27017, connect ECONNREFUSED 127.0.0.1:27017
2026-08-13 15:53:32 [error]: ❌ MongoDB connection error (attempt 1): connect ECONNREFUSED ::1:27017, connect ECONNREFUSED 127.0.0.1:27017
2026-08-13 15:53:32 [error]: MongoDB error: connect ECONNREFUSED ::1:27017, connect ECONNREFUSED 127.0.0.1:27017
2026-08-13 15:53:36 [error]: ❌ MongoDB connection error (attempt 1): connect ECONNREFUSED ::1:27017, connect ECONNREFUSED 127.0.0.1:27017
2026-08-13 15:53:36 [error]: MongoDB error: connect ECONNREFUSED ::1:27017, connect ECONNREFUSED 127.0.0.1:27017
2026-08-13 15:53:36 [error]: ❌ MongoDB connection error (attempt 1): connect ECONNREFUSED ::1:27017, connect ECONNREFUSED 127.0.0.1:27017
2026-08-13 15:53:36 [error]: MongoDB error: connect ECONNREFUSED ::1:27017, connect ECONNREFUSED 127.0.0.1:27017
2026-08-13 15:53:37 [error]: ❌ MongoDB connection error (attempt 1): connect ECONNREFUSED ::1:27017, connect ECONNREFUSED 127.0.0.1:27017
2026-08-13 15:53:37 [error]: MongoDB error: connect ECONNREFUSED ::1:27017, connect ECONNREFUSED 127.0.0.1:27017
2026-08-13 15:53:37 [error]: ❌ MongoDB connection error (attempt 1): connect ECONNREFUSED ::1:27017, connect ECONNREFUSED 127.0.0.1:27017
2026-08-13 15:53:37 [error]: MongoDB error: connect ECONNREFUSED ::1:27017, connect ECONNREFUSED 127.0.0.1:27017
2026-08-13 15:53:41 [error]: ❌ MongoDB connection error (attempt 1): connect ECONNREFUSED ::1:27017, connect ECONNREFUSED 127.0.0.1:27017
2026-08-13 15:53:41 [error]: MongoDB error: connect ECONNREFUSED ::1:27017, connect ECONNREFUSED 127.0.0.1:27017
2026-08-13 15:53:41 [error]: ❌ MongoDB connection error (attempt 1): connect ECONNREFUSED ::1:27017, connect ECONNREFUSED 127.0.0.1:27017
2026-08-13 15:53:41 [error]: MongoDB error: connect ECONNREFUSED ::1:27017, connect ECONNREFUSED 127.0.0.1:27017
2026-08-13 15:53:42 [error]: ❌ MongoDB connection error (attempt 1): connect ECONNREFUSED ::1:27017, connect ECONNREFUSED 127.0.0.1:27017
2026-08-13 15:53:42 [error]: MongoDB error: connect ECONNREFUSED ::1:27017, connect ECONNREFUSED 127.0.0.1:27017
2026-08-13 15:53:42 [error]: ❌ MongoDB connection error (attempt 1): connect ECONNREFUSED ::1:27017, connect ECONNREFUSED 127.0.0.1:27017
2026-08-13 15:53:42 [error]: MongoDB error: connect ECONNREFUSED ::1:27017, connect ECONNREFUSED 127.0.0.1:27017
2026-08-13 15:53:46 [error]: ❌ MongoDB connection error (attempt 1): connect ECONNREFUSED ::1:27017, connect ECONNREFUSED 127.0.0.1:27017
2026-08-13 15:53:46 [error]: MongoDB error: connect ECONNREFUSED ::1:27017, connect ECONNREFUSED 127.0.0.1:27017
2026-08-13 15:53:46 [error]: ❌ MongoDB connection error (attempt 1): connect ECONNREFUSED ::1:27017, connect ECONNREFUSED 127.0.0.1:27017
2026-08-13 15:53:46 [error]: MongoDB error: connect ECONNREFUSED ::1:27017, connect ECONNREFUSED 127.0.0.1:27017
2026-08-13 15:53:47 [error]: ❌ MongoDB connection error (attempt 1): connect ECONNREFUSED ::1:27017, connect ECONNREFUSED 127.0.0.1:27017
2026-08-13 15:53:47 [error]: MongoDB error: connect ECONNREFUSED ::1:27017, connect ECONNREFUSED 127.0.0.1:27017
2026-08-13 15:53:47 [error]: ❌ MongoDB connection error (attempt 1): connect ECONNREFUSED ::1:27017, connect ECONNREFUSED 127.0.0.1:27017
2026-08-13 15:53:47 [error]: MongoDB error: connect ECONNREFUSED ::1:27017, connect ECONNREFUSED 127.0.0.1:27017
2026-08-13 15:53:51 [error]: ❌ MongoDB connection error (attempt 1): connect ECONNREFUSED ::1:27017, connect ECONNREFUSED 127.0.0.1:27017
2026-08-13 15:53:51 [error]: MongoDB error: connect ECONNREFUSED ::1:27017, connect ECONNREFUSED 127.0.0.1:27017
2026-08-13 15:53:51 [error]: ❌ MongoDB connection error (attempt 1): connect ECONNREFUSED ::1:27017, connect ECONNREFUSED 127.0.0.1:27017
2026-08-13 15:53:51 [error]: MongoDB error: connect ECONNREFUSED ::1:27017, connect ECONNREFUSED 127.0.0.1:27017
2026-08-13 15:53:52 [error]: ❌ MongoDB connection error (attempt 1): connect ECONNREFUSED ::1:27017, connect ECONNREFUSED 127.0.0.1:27017
2026-08-13 15:53:52 [error]: MongoDB error: connect ECONNREFUSED ::1:27017, connect ECONNREFUSED 127.0.0.1:27017
2026-08-13 15:53:52 [error]: ❌ MongoDB connection error (attempt 1): connect ECONNREFUSED ::1:27017, connect ECONNREFUSED 127.0.0.1:27017
2026-08-13 15:53:52 [error]: MongoDB error: connect ECONNREFUSED ::1:27017, connect ECONNREFUSED 127.0.0.1:27017
2026-08-13 15:53:56 [error]: ❌ MongoDB connection error (attempt 1): connect ECONNREFUSED ::1:27017, connect ECONNREFUSED 127.0.0.1:27017
2026-08-13 15:53:56 [error]: MongoDB error: connect ECONNREFUSED ::1:27017, connect ECONNREFUSED 127.0.0.1:27017
2026-08-13 15:53:56 [error]: ❌ MongoDB connection error (attempt 1): connect ECONNREFUSED ::1:27017, connect ECONNREFUSED 127.0.0.1:27017
2026-08-13 15:53:56 [error]: MongoDB error: connect ECONNREFUSED ::1:27017, connect ECONNREFUSED 127.0.0.1:27017
2026-08-13 15:53:57 [error]: ❌ MongoDB connection error (attempt 1): connect ECONNREFUSED ::1:27017, connect ECONNREFUSED 127.0.0.1:27017
2026-08-13 15:53:57 [error]: MongoDB error: connect ECONNREFUSED ::1:27017, connect ECONNREFUSED 127.0.0.1:27017
2026-08-13 15:53:57 [error]: ❌ MongoDB connection error (attempt 1): connect ECONNREFUSED ::1:27017, connect ECONNREFUSED 127.0.0.1:27017
2026-08-13 15:53:57 [error]: MongoDB error: connect ECONNREFUSED ::1:27017, connect ECONNREFUSED 127.0.0.1:27017
2026-08-13 15:54:01 [error]: ❌ MongoDB connection error (attempt 1): connect ECONNREFUSED ::1:27017, connect ECONNREFUSED 127.0.0.1:27017
2026-08-13 15:54:01 [error]: MongoDB error: connect ECONNREFUSED ::1:27017, connect ECONNREFUSED 127.0.0.1:27017
2026-08-13 15:54:01 [error]: ❌ MongoDB connection error (attempt 1): connect ECONNREFUSED ::1:27017, connect ECONNREFUSED 127.0.0.1:27017
2026-08-13 15:54:01 [error]: MongoDB error: connect ECONNREFUSED ::1:27017, connect ECONNREFUSED 127.0.0.1:27017
2026-08-13 15:54:02 [error]: ❌ MongoDB connection error (attempt 1): connect ECONNREFUSED ::1:27017, connect ECONNREFUSED 127.0.0.1:27017
2026-08-13 15:54:02 [error]: MongoDB error: connect ECONNREFUSED ::1:27017, connect ECONNREFUSED 127.0.0.1:27017
2026-08-13 15:54:02 [error]: ❌ MongoDB connection error (attempt 1): connect ECONNREFUSED ::1:27017, connect ECONNREFUSED 127.0.0.1:27017
2026-08-13 15:54:02 [error]: MongoDB error: connect ECONNREFUSED ::1:27017, connect ECONNREFUSED 127.0.0.1:27017
2026-08-13 15:54:06 [error]: ❌ MongoDB connection error (attempt 1): connect ECONNREFUSED ::1:27017, connect ECONNREFUSED 127.0.0.1:27017
2026-08-13 15:54:06 [error]: MongoDB error: connect ECONNREFUSED ::1:27017, connect ECONNREFUSED 127.0.0.1:27017
2026-08-13 15:54:06 [error]: ❌ MongoDB connection error (attempt 1): connect ECONNREFUSED ::1:27017, connect ECONNREFUSED 127.0.0.1:27017
2026-08-13 15:54:06 [error]: MongoDB error: connect ECONNREFUSED ::1:27017, connect ECONNREFUSED 127.0.0.1:27017
2026-08-13 15:54:07 [error]: ❌ MongoDB connection error (attempt 1): connect ECONNREFUSED ::1:27017, connect ECONNREFUSED 127.0.0.1:27017
2026-08-13 15:54:07 [error]: MongoDB error: connect ECONNREFUSED ::1:27017, connect ECONNREFUSED 127.0.0.1:27017
2026-08-13 15:54:07 [error]: ❌ MongoDB connection error (attempt 1): connect ECONNREFUSED ::1:27017, connect ECONNREFUSED 127.0.0.1:27017
2026-08-13 15:54:07 [error]: MongoDB error: connect ECONNREFUSED ::1:27017, connect ECONNREFUSED 127.0.0.1:27017
2026-08-13 15:54:11 [error]: ❌ MongoDB connection error (attempt 1): connect ECONNREFUSED ::1:27017, connect ECONNREFUSED 127.0.0.1:27017
2026-08-13 15:54:11 [error]: MongoDB error: connect ECONNREFUSED ::1:27017, connect ECONNREFUSED 127.0.0.1:27017
2026-08-13 15:54:11 [error]: ❌ MongoDB connection error (attempt 1): connect ECONNREFUSED ::1:27017, connect ECONNREFUSED 127.0.0.1:27017
2026-08-13 15:54:11 [error]: MongoDB error: connect ECONNREFUSED ::1:27017, connect ECONNREFUSED 127.0.0.1:27017
2026-08-13 15:54:12 [error]: ❌ MongoDB connection error (attempt 1): connect ECONNREFUSED ::1:27017, connect ECONNREFUSED 127.0.0.1:27017
2026-08-13 15:54:12 [error]: MongoDB error: connect ECONNREFUSED ::1:27017, connect ECONNREFUSED 127.0.0.1:27017
2026-08-13 15:54:12 [error]: ❌ MongoDB connection error (attempt 1): connect ECONNREFUSED ::1:27017, connect ECONNREFUSED 127.0.0.1:27017
2026-08-13 15:54:12 [error]: MongoDB error: connect ECONNREFUSED ::1:27017, connect ECONNREFUSED 127.0.0.1:27017
2026-08-13 15:54:16 [error]: ❌ MongoDB connection error (attempt 1): connect ECONNREFUSED ::1:27017, connect ECONNREFUSED 127.0.0.1:27017
2026-08-13 15:54:16 [error]: MongoDB error: connect ECONNREFUSED ::1:27017, connect ECONNREFUSED 127.0.0.1:27017
2026-08-13 15:54:16 [error]: ❌ MongoDB connection error (attempt 1): connect ECONNREFUSED ::1:27017, connect ECONNREFUSED 127.0.0.1:27017
2026-08-13 15:54:16 [error]: MongoDB error: connect ECONNREFUSED ::1:27017, connect ECONNREFUSED 127.0.0.1:27017
2026-08-13 15:54:17 [error]: ❌ MongoDB connection error (attempt 1): connect ECONNREFUSED ::1:27017, connect ECONNREFUSED 127.0.0.1:27017
2026-08-13 15:54:17 [error]: MongoDB error: connect ECONNREFUSED ::1:27017, connect ECONNREFUSED 127.0.0.1:27017
2026-08-13 15:54:17 [error]: ❌ MongoDB connection error (attempt 1): connect ECONNREFUSED ::1:27017, connect ECONNREFUSED 127.0.0.1:27017
2026-08-13 15:54:17 [error]: MongoDB error: connect ECONNREFUSED ::1:27017, connect ECONNREFUSED 127.0.0.1:27017
2026-08-13 15:54:21 [error]: ❌ MongoDB connection error (attempt 1): connect ECONNREFUSED ::1:27017, connect ECONNREFUSED 127.0.0.1:27017
2026-08-13 15:54:21 [error]: MongoDB error: connect ECONNREFUSED ::1:27017, connect ECONNREFUSED 127.0.0.1:27017
2026-08-13 15:54:21 [error]: ❌ MongoDB connection error (attempt 1): connect ECONNREFUSED ::1:27017, connect ECONNREFUSED 127.0.0.1:27017
2026-08-13 15:54:21 [error]: MongoDB error: connect ECONNREFUSED ::1:27017, connect ECONNREFUSED 127.0.0.1:27017
2026-08-13 15:54:22 [error]: ❌ MongoDB connection error (attempt 1): connect ECONNREFUSED ::1:27017, connect ECONNREFUSED 127.0.0.1:27017
2026-08-13 15:54:22 [error]: MongoDB error: connect ECONNREFUSED ::1:27017, connect ECONNREFUSED 127.0.0.1:27017
2026-08-13 15:54:22 [error]: ❌ MongoDB connection error (attempt 1): connect ECONNREFUSED ::1:27017, connect ECONNREFUSED 127.0.0.1:27017
2026-08-13 15:54:22 [error]: MongoDB error: connect ECONNREFUSED ::1:27017, connect ECONNREFUSED 127.0.0.1:27017
2026-08-13 15:54:26 [error]: ❌ MongoDB connection error (attempt 1): connect ECONNREFUSED ::1:27017, connect ECONNREFUSED 127.0.0.1:27017
2026-08-13 15:54:26 [error]: MongoDB error: connect ECONNREFUSED ::1:27017, connect ECONNREFUSED 127.0.0.1:27017
2026-08-13 15:54:26 [error]: ❌ MongoDB connection error (attempt 1): connect ECONNREFUSED ::1:27017, connect ECONNREFUSED 127.0.0.1:27017
2026-08-13 15:54:26 [error]: MongoDB error: connect ECONNREFUSED ::1:27017, connect ECONNREFUSED 127.0.0.1:27017
2026-08-13 15:54:27 [error]: ❌ MongoDB connection error (attempt 1): connect ECONNREFUSED ::1:27017, connect ECONNREFUSED 127.0.0.1:27017
2026-08-13 15:54:27 [error]: MongoDB error: connect ECONNREFUSED ::1:27017, connect ECONNREFUSED 127.0.0.1:27017
2026-08-13 15:54:27 [error]: ❌ MongoDB connection error (attempt 1): connect ECONNREFUSED ::1:27017, connect ECONNREFUSED 127.0.0.1:27017
2026-08-13 15:54:27 [error]: MongoDB error: connect ECONNREFUSED ::1:27017, connect ECONNREFUSED 127.0.0.1:27017
2026-08-13 15:54:31 [error]: ❌ MongoDB connection error (attempt 1): connect ECONNREFUSED ::1:27017, connect ECONNREFUSED 127.0.0.1:27017
2026-08-13 15:54:31 [error]: MongoDB error: connect ECONNREFUSED ::1:27017, connect ECONNREFUSED 127.0.0.1:27017
2026-08-13 15:54:31 [error]: ❌ MongoDB connection error (attempt 1): connect ECONNREFUSED ::1:27017, connect ECONNREFUSED 127.0.0.1:27017
2026-08-13 15:54:31 [error]: MongoDB error: connect ECONNREFUSED ::1:27017, connect ECONNREFUSED 127.0.0.1:27017
2026-08-13 15:54:32 [error]: ❌ MongoDB connection error (attempt 1): connect ECONNREFUSED ::1:27017, connect ECONNREFUSED 127.0.0.1:27017
2026-08-13 15:54:32 [error]: MongoDB error: connect ECONNREFUSED ::1:27017, connect ECONNREFUSED 127.0.0.1:27017
2026-08-13 15:54:32 [error]: ❌ MongoDB connection error (attempt 1): connect ECONNREFUSED ::1:27017, connect ECONNREFUSED 127.0.0.1:27017
2026-08-13 15:54:32 [error]: MongoDB error: connect ECONNREFUSED ::1:27017, connect ECONNREFUSED 127.0.0.1:27017
2026-08-13 15:54:36 [error]: ❌ MongoDB connection error (attempt 1): connect ECONNREFUSED ::1:27017, connect ECONNREFUSED 127.0.0.1:27017
2026-08-13 15:54:36 [error]: MongoDB error: connect ECONNREFUSED ::1:27017, connect ECONNREFUSED 127.0.0.1:27017
2026-08-13 15:54:36 [error]: ❌ MongoDB connection error (attempt 1): connect ECONNREFUSED ::1:27017, connect ECONNREFUSED 127.0.0.1:27017
2026-08-13 15:54:36 [error]: MongoDB error: connect ECONNREFUSED ::1:27017, connect ECONNREFUSED 127.0.0.1:27017
2026-08-13 15:54:37 [error]: ❌ MongoDB connection error (attempt 1): connect ECONNREFUSED ::1:27017, connect ECONNREFUSED 127.0.0.1:27017
2026-08-13 15:54:37 [error]: MongoDB error: connect ECONNREFUSED ::1:27017, connect ECONNREFUSED 127.0.0.1:27017
2026-08-13 15:54:37 [error]: ❌ MongoDB connection error (attempt 1): connect ECONNREFUSED ::1:27017, connect ECONNREFUSED 127.0.0.1:27017
2026-08-13 15:54:37 [error]: MongoDB error: connect ECONNREFUSED ::1:27017, connect ECONNREFUSED 127.0.0.1:27017
2026-08-13 15:54:41 [error]: ❌ MongoDB connection error (attempt 1): connect ECONNREFUSED ::1:27017, connect ECONNREFUSED 127.0.0.1:27017
2026-08-13 15:54:41 [error]: MongoDB error: connect ECONNREFUSED ::1:27017, connect ECONNREFUSED 127.0.0.1:27017
2026-08-13 15:54:41 [error]: ❌ MongoDB connection error (attempt 1): connect ECONNREFUSED ::1:27017, connect ECONNREFUSED 127.0.0.1:27017
2026-08-13 15:54:41 [error]: MongoDB error: connect ECONNREFUSED ::1:27017, connect ECONNREFUSED 127.0.0.1:27017
2026-08-13 15:54:42 [error]: ❌ MongoDB connection error (attempt 1): connect ECONNREFUSED ::1:27017, connect ECONNREFUSED 127.0.0.1:27017
2026-08-13 15:54:42 [error]: MongoDB error: connect ECONNREFUSED ::1:27017, connect ECONNREFUSED 127.0.0.1:27017
2026-08-13 15:54:42 [error]: ❌ MongoDB connection error (attempt 1): connect ECONNREFUSED ::1:27017, connect ECONNREFUSED 127.0.0.1:27017
2026-08-13 15:54:42 [error]: MongoDB error: connect ECONNREFUSED ::1:27017, connect ECONNREFUSED 127.0.0.1:27017
2026-08-13 15:54:46 [error]: ❌ MongoDB connection error (attempt 1): connect ECONNREFUSED ::1:27017, connect ECONNREFUSED 127.0.0.1:27017
2026-08-13 15:54:46 [error]: MongoDB error: connect ECONNREFUSED ::1:27017, connect ECONNREFUSED 127.0.0.1:27017
2026-08-13 15:54:46 [error]: ❌ MongoDB connection error (attempt 1): connect ECONNREFUSED ::1:27017, connect ECONNREFUSED 127.0.0.1:27017
2026-08-13 15:54:46 [error]: MongoDB error: connect ECONNREFUSED ::1:27017, connect ECONNREFUSED 127.0.0.1:27017
2026-08-13 15:54:47 [error]: ❌ MongoDB connection error (attempt 1): connect ECONNREFUSED ::1:27017, connect ECONNREFUSED 127.0.0.1:27017
2026-08-13 15:54:47 [error]: MongoDB error: connect ECONNREFUSED ::1:27017, connect ECONNREFUSED 127.0.0.1:27017
2026-08-13 15:54:47 [error]: ❌ MongoDB connection error (attempt 1): connect ECONNREFUSED ::1:27017, connect ECONNREFUSED 127.0.0.1:27017
2026-08-13 15:54:47 [error]: MongoDB error: connect ECONNREFUSED ::1:27017, connect ECONNREFUSED 127.0.0.1:27017
2026-08-13 15:54:51 [error]: ❌ MongoDB connection error (attempt 1): connect ECONNREFUSED ::1:27017, connect ECONNREFUSED 127.0.0.1:27017
2026-08-13 15:54:51 [error]: MongoDB error: connect ECONNREFUSED ::1:27017, connect ECONNREFUSED 127.0.0.1:27017
2026-08-13 15:54:51 [error]: ❌ MongoDB connection error (attempt 1): connect ECONNREFUSED ::1:27017, connect ECONNREFUSED 127.0.0.1:27017
2026-08-13 15:54:51 [error]: MongoDB error: connect ECONNREFUSED ::1:27017, connect ECONNREFUSED 127.0.0.1:27017
2026-08-13 15:54:52 [error]: ❌ MongoDB connection error (attempt 1): connect ECONNREFUSED ::1:27017, connect ECONNREFUSED 127.0.0.1:27017
2026-08-13 15:54:52 [error]: MongoDB error: connect ECONNREFUSED ::1:27017, connect ECONNREFUSED 127.0.0.1:27017
2026-08-13 15:54:52 [error]: ❌ MongoDB connection error (attempt 1): connect ECONNREFUSED ::1:27017, connect ECONNREFUSED 127.0.0.1:27017
2026-08-13 15:54:52 [error]: MongoDB error: connect ECONNREFUSED ::1:27017, connect ECONNREFUSED 127.0.0.1:27017
2026-08-13 15:54:56 [error]: ❌ MongoDB connection error (attempt 1): connect ECONNREFUSED ::1:27017, connect ECONNREFUSED 127.0.0.1:27017
2026-08-13 15:54:56 [error]: MongoDB error: connect ECONNREFUSED ::1:27017, connect ECONNREFUSED 127.0.0.1:27017
2026-08-13 15:54:56 [error]: ❌ MongoDB connection error (attempt 1): connect ECONNREFUSED ::1:27017, connect ECONNREFUSED 127.0.0.1:27017
2026-08-13 15:54:56 [error]: MongoDB error: connect ECONNREFUSED ::1:27017, connect ECONNREFUSED 127.0.0.1:27017
2026-08-13 15:54:57 [error]: ❌ MongoDB connection error (attempt 1): connect ECONNREFUSED ::1:27017, connect ECONNREFUSED 127.0.0.1:27017
2026-08-13 15:54:57 [error]: MongoDB error: connect ECONNREFUSED ::1:27017, connect ECONNREFUSED 127.0.0.1:27017
2026-08-13 15:54:57 [error]: ❌ MongoDB connection error (attempt 1): connect ECONNREFUSED ::1:27017, connect ECONNREFUSED 127.0.0.1:27017
2026-08-13 15:54:57 [error]: MongoDB error: connect ECONNREFUSED ::1:27017, connect ECONNREFUSED 127.0.0.1:27017
2026-08-13 15:55:01 [error]: ❌ MongoDB connection error (attempt 1): connect ECONNREFUSED ::1:27017, connect ECONNREFUSED 127.0.0.1:27017
2026-08-13 15:55:01 [error]: MongoDB error: connect ECONNREFUSED ::1:27017, connect ECONNREFUSED 127.0.0.1:27017
2026-08-13 15:55:01 [error]: ❌ MongoDB connection error (attempt 1): connect ECONNREFUSED ::1:27017, connect ECONNREFUSED 127.0.0.1:27017
2026-08-13 15:55:01 [error]: MongoDB error: connect ECONNREFUSED ::1:27017, connect ECONNREFUSED 127.0.0.1:27017
2026-08-13 15:55:02 [error]: ❌ MongoDB connection error (attempt 1): connect ECONNREFUSED ::1:27017, connect ECONNREFUSED 127.0.0.1:27017
2026-08-13 15:55:02 [error]: MongoDB error: connect ECONNREFUSED ::1:27017, connect ECONNREFUSED 127.0.0.1:27017
2026-08-13 15:55:02 [error]: ❌ MongoDB connection error (attempt 1): connect ECONNREFUSED ::1:27017, connect ECONNREFUSED 127.0.0.1:27017
2026-08-13 15:55:02 [error]: MongoDB error: connect ECONNREFUSED ::1:27017, connect ECONNREFUSED 127.0.0.1:27017
2026-08-13 15:55:06 [error]: ❌ MongoDB connection error (attempt 1): connect ECONNREFUSED ::1:27017, connect ECONNREFUSED 127.0.0.1:27017
2026-08-13 15:55:06 [error]: MongoDB error: connect ECONNREFUSED ::1:27017, connect ECONNREFUSED 127.0.0.1:27017
2026-08-13 15:55:06 [error]: ❌ MongoDB connection error (attempt 1): connect ECONNREFUSED ::1:27017, connect ECONNREFUSED 127.0.0.1:27017
2026-08-13 15:55:06 [error]: MongoDB error: connect ECONNREFUSED ::1:27017, connect ECONNREFUSED 127.0.0.1:27017
2026-08-13 15:55:07 [error]: ❌ MongoDB connection error (attempt 1): connect ECONNREFUSED ::1:27017, connect ECONNREFUSED 127.0.0.1:27017
2026-08-13 15:55:07 [error]: MongoDB error: connect ECONNREFUSED ::1:27017, connect ECONNREFUSED 127.0.0.1:27017
2026-08-13 15:55:07 [error]: ❌ MongoDB connection error (attempt 1): connect ECONNREFUSED ::1:27017, connect ECONNREFUSED 127.0.0.1:27017
2026-08-13 15:55:07 [error]: MongoDB error: connect ECONNREFUSED ::1:27017, connect ECONNREFUSED 127.0.0.1:27017
2026-08-13 15:55:11 [error]: ❌ MongoDB connection error (attempt 1): connect ECONNREFUSED ::1:27017, connect ECONNREFUSED 127.0.0.1:27017
2026-08-13 15:55:11 [error]: MongoDB error: connect ECONNREFUSED ::1:27017, connect ECONNREFUSED 127.0.0.1:27017
2026-08-13 15:55:11 [error]: ❌ MongoDB connection error (attempt 1): connect ECONNREFUSED ::1:27017, connect ECONNREFUSED 127.0.0.1:27017
2026-08-13 15:55:11 [error]: MongoDB error: connect ECONNREFUSED ::1:27017, connect ECONNREFUSED 127.0.0.1:27017
2026-08-13 15:55:12 [error]: ❌ MongoDB connection error (attempt 1): connect ECONNREFUSED ::1:27017, connect ECONNREFUSED 127.0.0.1:27017
2026-08-13 15:55:12 [error]: MongoDB error: connect ECONNREFUSED ::1:27017, connect ECONNREFUSED 127.0.0.1:27017
2026-08-13 15:55:12 [error]: ❌ MongoDB connection error (attempt 1): connect ECONNREFUSED ::1:27017, connect ECONNREFUSED 127.0.0.1:27017
2026-08-13 15:55:12 [error]: MongoDB error: connect ECONNREFUSED ::1:27017, connect ECONNREFUSED 127.0.0.1:27017
2026-08-13 15:55:16 [error]: ❌ MongoDB connection error (attempt 1): connect ECONNREFUSED ::1:27017, connect ECONNREFUSED 127.0.0.1:27017
2026-08-13 15:55:16 [error]: MongoDB error: connect ECONNREFUSED ::1:27017, connect ECONNREFUSED 127.0.0.1:27017
2026-08-13 15:55:16 [error]: ❌ MongoDB connection error (attempt 1): connect ECONNREFUSED ::1:27017, connect ECONNREFUSED 127.0.0.1:27017
2026-08-13 15:55:16 [error]: MongoDB error: connect ECONNREFUSED ::1:27017, connect ECONNREFUSED 127.0.0.1:27017
2026-08-13 15:55:17 [error]: ❌ MongoDB connection error (attempt 1): connect ECONNREFUSED ::1:27017, connect ECONNREFUSED 127.0.0.1:27017
2026-08-13 15:55:17 [error]: MongoDB error: connect ECONNREFUSED ::1:27017, connect ECONNREFUSED 127.0.0.1:27017
2026-08-13 15:55:17 [error]: ❌ MongoDB connection error (attempt 1): connect ECONNREFUSED ::1:27017, connect ECONNREFUSED 127.0.0.1:27017
2026-08-13 15:55:17 [error]: MongoDB error: connect ECONNREFUSED ::1:27017, connect ECONNREFUSED 127.0.0.1:27017
2026-08-13 15:55:21 [error]: ❌ MongoDB connection error (attempt 1): connect ECONNREFUSED ::1:27017, connect ECONNREFUSED 127.0.0.1:27017
2026-08-13 15:55:21 [error]: MongoDB error: connect ECONNREFUSED ::1:27017, connect ECONNREFUSED 127.0.0.1:27017
2026-08-13 15:55:21 [error]: ❌ MongoDB connection error (attempt 1): connect ECONNREFUSED ::1:27017, connect ECONNREFUSED 127.0.0.1:27017
2026-08-13 15:55:21 [error]: MongoDB error: connect ECONNREFUSED ::1:27017, connect ECONNREFUSED 127.0.0.1:27017
2026-08-13 15:55:22 [error]: ❌ MongoDB connection error (attempt 1): connect ECONNREFUSED ::1:27017, connect ECONNREFUSED 127.0.0.1:27017
2026-08-13 15:55:22 [error]: MongoDB error: connect ECONNREFUSED ::1:27017, connect ECONNREFUSED 127.0.0.1:27017
2026-08-13 15:55:22 [error]: ❌ MongoDB connection error (attempt 1): connect ECONNREFUSED ::1:27017, connect ECONNREFUSED 127.0.0.1:27017
2026-08-13 15:55:22 [error]: MongoDB error: connect ECONNREFUSED ::1:27017, connect ECONNREFUSED 127.0.0.1:27017
2026-08-13 15:55:26 [error]: ❌ MongoDB connection error (attempt 1): connect ECONNREFUSED ::1:27017, connect ECONNREFUSED 127.0.0.1:27017
2026-08-13 15:55:26 [error]: MongoDB error: connect ECONNREFUSED ::1:27017, connect ECONNREFUSED 127.0.0.1:27017
2026-08-13 15:55:26 [error]: ❌ MongoDB connection error (attempt 1): connect ECONNREFUSED ::1:27017, connect ECONNREFUSED 127.0.0.1:27017
2026-08-13 15:55:26 [error]: MongoDB error: connect ECONNREFUSED ::1:27017, connect ECONNREFUSED 127.0.0.1:27017
2026-08-13 15:55:27 [error]: ❌ MongoDB connection error (attempt 1): connect ECONNREFUSED ::1:27017, connect ECONNREFUSED 127.0.0.1:27017
2026-08-13 15:55:27 [error]: MongoDB error: connect ECONNREFUSED ::1:27017, connect ECONNREFUSED 127.0.0.1:27017
2026-08-13 15:55:27 [error]: ❌ MongoDB connection error (attempt 1): connect ECONNREFUSED ::1:27017, connect ECONNREFUSED 127.0.0.1:27017
2026-08-13 15:55:27 [error]: MongoDB error: connect ECONNREFUSED ::1:27017, connect ECONNREFUSED 127.0.0.1:27017
2026-08-13 15:55:31 [error]: ❌ MongoDB connection error (attempt 1): connect ECONNREFUSED ::1:27017, connect ECONNREFUSED 127.0.0.1:27017
2026-08-13 15:55:31 [error]: MongoDB error: connect ECONNREFUSED ::1:27017, connect ECONNREFUSED 127.0.0.1:27017
2026-08-13 15:55:31 [error]: ❌ MongoDB connection error (attempt 1): connect ECONNREFUSED ::1:27017, connect ECONNREFUSED 127.0.0.1:27017
2026-08-13 15:55:31 [error]: MongoDB error: connect ECONNREFUSED ::1:27017, connect ECONNREFUSED 127.0.0.1:27017
2026-08-13 15:55:32 [error]: ❌ MongoDB connection error (attempt 1): connect ECONNREFUSED ::1:27017, connect ECONNREFUSED 127.0.0.1:27017
2026-08-13 15:55:32 [error]: MongoDB error: connect ECONNREFUSED ::1:27017, connect ECONNREFUSED 127.0.0.1:27017
2026-08-13 15:55:32 [error]: ❌ MongoDB connection error (attempt 1): connect ECONNREFUSED ::1:27017, connect ECONNREFUSED 127.0.0.1:27017
2026-08-13 15:55:32 [error]: MongoDB error: connect ECONNREFUSED ::1:27017, connect ECONNREFUSED 127.0.0.1:27017
2026-08-13 15:55:36 [error]: ❌ MongoDB connection error (attempt 1): connect ECONNREFUSED ::1:27017, connect ECONNREFUSED 127.0.0.1:27017
2026-08-13 15:55:36 [error]: MongoDB error: connect ECONNREFUSED ::1:27017, connect ECONNREFUSED 127.0.0.1:27017
2026-08-13 15:55:36 [error]: ❌ MongoDB connection error (attempt 1): connect ECONNREFUSED ::1:27017, connect ECONNREFUSED 127.0.0.1:27017
2026-08-13 15:55:36 [error]: MongoDB error: connect ECONNREFUSED ::1:27017, connect ECONNREFUSED 127.0.0.1:27017
2026-08-13 15:55:37 [error]: ❌ MongoDB connection error (attempt 1): connect ECONNREFUSED ::1:27017, connect ECONNREFUSED 127.0.0.1:27017
2026-08-13 15:55:37 [error]: MongoDB error: connect ECONNREFUSED ::1:27017, connect ECONNREFUSED 127.0.0.1:27017
2026-08-13 15:55:37 [error]: ❌ MongoDB connection error (attempt 1): connect ECONNREFUSED ::1:27017, connect ECONNREFUSED 127.0.0.1:27017
2026-08-13 15:55:37 [error]: MongoDB error: connect ECONNREFUSED ::1:27017, connect ECONNREFUSED 127.0.0.1:27017
2026-08-13 15:55:41 [error]: ❌ MongoDB connection error (attempt 1): connect ECONNREFUSED ::1:27017, connect ECONNREFUSED 127.0.0.1:27017
2026-08-13 15:55:41 [error]: MongoDB error: connect ECONNREFUSED ::1:27017, connect ECONNREFUSED 127.0.0.1:27017
2026-08-13 15:55:41 [error]: ❌ MongoDB connection error (attempt 1): connect ECONNREFUSED ::1:27017, connect ECONNREFUSED 127.0.0.1:27017
2026-08-13 15:55:41 [error]: MongoDB error: connect ECONNREFUSED ::1:27017, connect ECONNREFUSED 127.0.0.1:27017
2026-08-13 15:55:42 [error]: ❌ MongoDB connection error (attempt 1): connect ECONNREFUSED ::1:27017, connect ECONNREFUSED 127.0.0.1:27017
2026-08-13 15:55:42 [error]: MongoDB error: connect ECONNREFUSED ::1:27017, connect ECONNREFUSED 127.0.0.1:27017
2026-08-13 15:55:42 [error]: ❌ MongoDB connection error (attempt 1): connect ECONNREFUSED ::1:27017, connect ECONNREFUSED 127.0.0.1:27017
2026-08-13 15:55:42 [error]: MongoDB error: connect ECONNREFUSED ::1:27017, connect ECONNREFUSED 127.0.0.1:27017
2026-08-13 15:55:46 [error]: ❌ MongoDB connection error (attempt 1): connect ECONNREFUSED ::1:27017, connect ECONNREFUSED 127.0.0.1:27017
2026-08-13 15:55:46 [error]: MongoDB error: connect ECONNREFUSED ::1:27017, connect ECONNREFUSED 127.0.0.1:27017
2026-08-13 15:55:46 [error]: ❌ MongoDB connection error (attempt 1): connect ECONNREFUSED ::1:27017, connect ECONNREFUSED 127.0.0.1:27017
2026-08-13 15:55:46 [error]: MongoDB error: connect ECONNREFUSED ::1:27017, connect ECONNREFUSED 127.0.0.1:27017
2026-08-13 15:55:47 [error]: ❌ MongoDB connection error (attempt 1): connect ECONNREFUSED ::1:27017, connect ECONNREFUSED 127.0.0.1:27017
2026-08-13 15:55:47 [error]: MongoDB error: connect ECONNREFUSED ::1:27017, connect ECONNREFUSED 127.0.0.1:27017
2026-08-13 15:55:47 [error]: ❌ MongoDB connection error (attempt 1): connect ECONNREFUSED ::1:27017, connect ECONNREFUSED 127.0.0.1:27017
2026-08-13 15:55:47 [error]: MongoDB error: connect ECONNREFUSED ::1:27017, connect ECONNREFUSED 127.0.0.1:27017
2026-08-13 15:55:51 [error]: ❌ MongoDB connection error (attempt 1): connect ECONNREFUSED ::1:27017, connect ECONNREFUSED 127.0.0.1:27017
2026-08-13 15:55:51 [error]: MongoDB error: connect ECONNREFUSED ::1:27017, connect ECONNREFUSED 127.0.0.1:27017
2026-08-13 15:55:51 [error]: ❌ MongoDB connection error (attempt 1): connect ECONNREFUSED ::1:27017, connect ECONNREFUSED 127.0.0.1:27017
2026-08-13 15:55:51 [error]: MongoDB error: connect ECONNREFUSED ::1:27017, connect ECONNREFUSED 127.0.0.1:27017
2026-08-13 15:55:52 [error]: ❌ MongoDB connection error (attempt 1): connect ECONNREFUSED ::1:27017, connect ECONNREFUSED 127.0.0.1:27017
2026-08-13 15:55:52 [error]: MongoDB error: connect ECONNREFUSED ::1:27017, connect ECONNREFUSED 127.0.0.1:27017
2026-08-13 15:55:52 [error]: ❌ MongoDB connection error (attempt 1): connect ECONNREFUSED ::1:27017, connect ECONNREFUSED 127.0.0.1:27017
2026-08-13 15:55:52 [error]: MongoDB error: connect ECONNREFUSED ::1:27017, connect ECONNREFUSED 127.0.0.1:27017
2026-08-13 15:55:56 [error]: ❌ MongoDB connection error (attempt 1): connect ECONNREFUSED ::1:27017, connect ECONNREFUSED 127.0.0.1:27017
2026-08-13 15:55:56 [error]: MongoDB error: connect ECONNREFUSED ::1:27017, connect ECONNREFUSED 127.0.0.1:27017
2026-08-13 15:55:56 [error]: ❌ MongoDB connection error (attempt 1): connect ECONNREFUSED ::1:27017, connect ECONNREFUSED 127.0.0.1:27017
2026-08-13 15:55:56 [error]: MongoDB error: connect ECONNREFUSED ::1:27017, connect ECONNREFUSED 127.0.0.1:27017
2026-08-13 15:55:57 [error]: ❌ MongoDB connection error (attempt 1): connect ECONNREFUSED ::1:27017, connect ECONNREFUSED 127.0.0.1:27017
2026-08-13 15:55:57 [error]: MongoDB error: connect ECONNREFUSED ::1:27017, connect ECONNREFUSED 127.0.0.1:27017
2026-08-13 15:55:58 [error]: ❌ MongoDB connection error (attempt 1): connect ECONNREFUSED ::1:27017, connect ECONNREFUSED 127.0.0.1:27017
2026-08-13 15:55:58 [error]: MongoDB error: connect ECONNREFUSED ::1:27017, connect ECONNREFUSED 127.0.0.1:27017
2026-08-13 15:56:01 [error]: ❌ MongoDB connection error (attempt 1): connect ECONNREFUSED ::1:27017, connect ECONNREFUSED 127.0.0.1:27017
2026-08-13 15:56:01 [error]: MongoDB error: connect ECONNREFUSED ::1:27017, connect ECONNREFUSED 127.0.0.1:27017
2026-08-13 15:56:01 [error]: ❌ MongoDB connection error (attempt 1): connect ECONNREFUSED ::1:27017, connect ECONNREFUSED 127.0.0.1:27017
2026-08-13 15:56:01 [error]: MongoDB error: connect ECONNREFUSED ::1:27017, connect ECONNREFUSED 127.0.0.1:27017
2026-08-13 15:56:02 [error]: ❌ MongoDB connection error (attempt 1): connect ECONNREFUSED ::1:27017, connect ECONNREFUSED 127.0.0.1:27017
2026-08-13 15:56:02 [error]: MongoDB error: connect ECONNREFUSED ::1:27017, connect ECONNREFUSED 127.0.0.1:27017
2026-08-13 15:56:03 [error]: ❌ MongoDB connection error (attempt 1): connect ECONNREFUSED ::1:27017, connect ECONNREFUSED 127.0.0.1:27017
2026-08-13 15:56:03 [error]: MongoDB error: connect ECONNREFUSED ::1:27017, connect ECONNREFUSED 127.0.0.1:27017
2026-08-13 15:56:06 [error]: ❌ MongoDB connection error (attempt 1): connect ECONNREFUSED ::1:27017, connect ECONNREFUSED 127.0.0.1:27017
2026-08-13 15:56:06 [error]: MongoDB error: connect ECONNREFUSED ::1:27017, connect ECONNREFUSED 127.0.0.1:27017
2026-08-13 15:56:06 [error]: ❌ MongoDB connection error (attempt 1): connect ECONNREFUSED ::1:27017, connect ECONNREFUSED 127.0.0.1:27017
2026-08-13 15:56:06 [error]: MongoDB error: connect ECONNREFUSED ::1:27017, connect ECONNREFUSED 127.0.0.1:27017
2026-08-13 15:56:07 [error]: ❌ MongoDB connection error (attempt 1): connect ECONNREFUSED ::1:27017, connect ECONNREFUSED 127.0.0.1:27017
2026-08-13 15:56:08 [error]: MongoDB error: connect ECONNREFUSED ::1:27017, connect ECONNREFUSED 127.0.0.1:27017
2026-08-13 15:56:08 [error]: ❌ MongoDB connection error (attempt 1): connect ECONNREFUSED ::1:27017, connect ECONNREFUSED 127.0.0.1:27017
2026-08-13 15:56:08 [error]: MongoDB error: connect ECONNREFUSED ::1:27017, connect ECONNREFUSED 127.0.0.1:27017
2026-08-13 15:56:11 [error]: ❌ MongoDB connection error (attempt 1): connect ECONNREFUSED ::1:27017, connect ECONNREFUSED 127.0.0.1:27017
2026-08-13 15:56:11 [error]: MongoDB error: connect ECONNREFUSED ::1:27017, connect ECONNREFUSED 127.0.0.1:27017
2026-08-13 15:56:11 [error]: ❌ MongoDB connection error (attempt 1): connect ECONNREFUSED ::1:27017, connect ECONNREFUSED 127.0.0.1:27017
2026-08-13 15:56:11 [error]: MongoDB error: connect ECONNREFUSED ::1:27017, connect ECONNREFUSED 127.0.0.1:27017
2026-08-13 15:56:13 [error]: ❌ MongoDB connection error (attempt 1): connect ECONNREFUSED ::1:27017, connect ECONNREFUSED 127.0.0.1:27017
2026-08-13 15:56:13 [error]: MongoDB error: connect ECONNREFUSED ::1:27017, connect ECONNREFUSED 127.0.0.1:27017
2026-08-13 15:56:13 [error]: ❌ MongoDB connection error (attempt 1): connect ECONNREFUSED ::1:27017, connect ECONNREFUSED 127.0.0.1:27017
2026-08-13 15:56:13 [error]: MongoDB error: connect ECONNREFUSED ::1:27017, connect ECONNREFUSED 127.0.0.1:27017
2026-08-13 15:56:16 [error]: ❌ MongoDB connection error (attempt 1): connect ECONNREFUSED ::1:27017, connect ECONNREFUSED 127.0.0.1:27017
2026-08-13 15:56:16 [error]: MongoDB error: connect ECONNREFUSED ::1:27017, connect ECONNREFUSED 127.0.0.1:27017
2026-08-13 15:56:16 [error]: ❌ MongoDB connection error (attempt 1): connect ECONNREFUSED ::1:27017, connect ECONNREFUSED 127.0.0.1:27017
2026-08-13 15:56:16 [error]: MongoDB error: connect ECONNREFUSED ::1:27017, connect ECONNREFUSED 127.0.0.1:27017
2026-08-13 15:56:18 [error]: ❌ MongoDB connection error (attempt 1): connect ECONNREFUSED ::1:27017, connect ECONNREFUSED 127.0.0.1:27017
2026-08-13 15:56:18 [error]: MongoDB error: connect ECONNREFUSED ::1:27017, connect ECONNREFUSED 127.0.0.1:27017
2026-08-13 15:56:18 [error]: ❌ MongoDB connection error (attempt 1): connect ECONNREFUSED ::1:27017, connect ECONNREFUSED 127.0.0.1:27017
2026-08-13 15:56:18 [error]: MongoDB error: connect ECONNREFUSED ::1:27017, connect ECONNREFUSED 127.0.0.1:27017
2026-08-13 15:56:21 [error]: ❌ MongoDB connection error (attempt 1): connect ECONNREFUSED ::1:27017, connect ECONNREFUSED 127.0.0.1:27017
2026-08-13 15:56:21 [error]: MongoDB error: connect ECONNREFUSED ::1:27017, connect ECONNREFUSED 127.0.0.1:27017
2026-08-13 15:56:21 [error]: ❌ MongoDB connection error (attempt 1): connect ECONNREFUSED ::1:27017, connect ECONNREFUSED 127.0.0.1:27017
2026-08-13 15:56:21 [error]: MongoDB error: connect ECONNREFUSED ::1:27017, connect ECONNREFUSED 127.0.0.1:27017
2026-08-13 15:56:23 [error]: ❌ MongoDB connection error (attempt 1): connect ECONNREFUSED ::1:27017, connect ECONNREFUSED 127.0.0.1:27017
2026-08-13 15:56:23 [error]: MongoDB error: connect ECONNREFUSED ::1:27017, connect ECONNREFUSED 127.0.0.1:27017
2026-08-13 15:56:23 [error]: ❌ MongoDB connection error (attempt 1): connect ECONNREFUSED ::1:27017, connect ECONNREFUSED 127.0.0.1:27017
2026-08-13 15:56:23 [error]: MongoDB error: connect ECONNREFUSED ::1:27017, connect ECONNREFUSED 127.0.0.1:27017
2026-08-13 15:56:26 [error]: ❌ MongoDB connection error (attempt 1): connect ECONNREFUSED ::1:27017, connect ECONNREFUSED 127.0.0.1:27017
2026-08-13 15:56:26 [error]: MongoDB error: connect ECONNREFUSED ::1:27017, connect ECONNREFUSED 127.0.0.1:27017
2026-08-13 15:56:26 [error]: ❌ MongoDB connection error (attempt 1): connect ECONNREFUSED ::1:27017, connect ECONNREFUSED 127.0.0.1:27017
2026-08-13 15:56:26 [error]: MongoDB error: connect ECONNREFUSED ::1:27017, connect ECONNREFUSED 127.0.0.1:27017
2026-08-13 15:56:28 [error]: ❌ MongoDB connection error (attempt 1): connect ECONNREFUSED ::1:27017, connect ECONNREFUSED 127.0.0.1:27017
2026-08-13 15:56:28 [error]: MongoDB error: connect ECONNREFUSED ::1:27017, connect ECONNREFUSED 127.0.0.1:27017
2026-08-13 15:56:28 [error]: ❌ MongoDB connection error (attempt 1): connect ECONNREFUSED ::1:27017, connect ECONNREFUSED 127.0.0.1:27017
2026-08-13 15:56:28 [error]: MongoDB error: connect ECONNREFUSED ::1:27017, connect ECONNREFUSED 127.0.0.1:27017
2026-08-13 15:56:31 [error]: ❌ MongoDB connection error (attempt 1): connect ECONNREFUSED ::1:27017, connect ECONNREFUSED 127.0.0.1:27017
2026-08-13 15:56:31 [error]: MongoDB error: connect ECONNREFUSED ::1:27017, connect ECONNREFUSED 127.0.0.1:27017
2026-08-13 15:56:31 [error]: ❌ MongoDB connection error (attempt 1): connect ECONNREFUSED ::1:27017, connect ECONNREFUSED 127.0.0.1:27017
2026-08-13 15:56:31 [error]: MongoDB error: connect ECONNREFUSED ::1:27017, connect ECONNREFUSED 127.0.0.1:27017
2026-08-13 15:56:33 [error]: ❌ MongoDB connection error (attempt 1): connect ECONNREFUSED ::1:27017, connect ECONNREFUSED 127.0.0.1:27017
2026-08-13 15:56:33 [error]: MongoDB error: connect ECONNREFUSED ::1:27017, connect ECONNREFUSED 127.0.0.1:27017
2026-08-13 15:56:33 [error]: ❌ MongoDB connection error (attempt 1): connect ECONNREFUSED ::1:27017, connect ECONNREFUSED 127.0.0.1:27017
2026-08-13 15:56:33 [error]: MongoDB error: connect ECONNREFUSED ::1:27017, connect ECONNREFUSED 127.0.0.1:27017
2026-08-13 15:56:36 [error]: ❌ MongoDB connection error (attempt 1): connect ECONNREFUSED ::1:27017, connect ECONNREFUSED 127.0.0.1:27017
2026-08-13 15:56:36 [error]: MongoDB error: connect ECONNREFUSED ::1:27017, connect ECONNREFUSED 127.0.0.1:27017
2026-08-13 15:56:36 [error]: ❌ MongoDB connection error (attempt 1): connect ECONNREFUSED ::1:27017, connect ECONNREFUSED 127.0.0.1:27017
2026-08-13 15:56:36 [error]: MongoDB error: connect ECONNREFUSED ::1:27017, connect ECONNREFUSED 127.0.0.1:27017
2026-08-13 15:56:38 [error]: ❌ MongoDB connection error (attempt 1): connect ECONNREFUSED ::1:27017, connect ECONNREFUSED 127.0.0.1:27017
2026-08-13 15:56:38 [error]: MongoDB error: connect ECONNREFUSED ::1:27017, connect ECONNREFUSED 127.0.0.1:27017
2026-08-13 15:56:38 [error]: ❌ MongoDB connection error (attempt 1): connect ECONNREFUSED ::1:27017, connect ECONNREFUSED 127.0.0.1:27017
2026-08-13 15:56:38 [error]: MongoDB error: connect ECONNREFUSED ::1:27017, connect ECONNREFUSED 127.0.0.1:27017
2026-08-13 15:56:41 [error]: ❌ MongoDB connection error (attempt 1): connect ECONNREFUSED ::1:27017, connect ECONNREFUSED 127.0.0.1:27017
2026-08-13 15:56:41 [error]: MongoDB error: connect ECONNREFUSED ::1:27017, connect ECONNREFUSED 127.0.0.1:27017
2026-08-13 15:56:41 [error]: ❌ MongoDB connection error (attempt 1): connect ECONNREFUSED ::1:27017, connect ECONNREFUSED 127.0.0.1:27017
2026-08-13 15:56:41 [error]: MongoDB error: connect ECONNREFUSED ::1:27017, connect ECONNREFUSED 127.0.0.1:27017
2026-08-13 15:56:43 [error]: ❌ MongoDB connection error (attempt 1): connect ECONNREFUSED ::1:27017, connect ECONNREFUSED 127.0.0.1:27017
2026-08-13 15:56:43 [error]: MongoDB error: connect ECONNREFUSED ::1:27017, connect ECONNREFUSED 127.0.0.1:27017
2026-08-13 15:56:43 [error]: ❌ MongoDB connection error (attempt 1): connect ECONNREFUSED ::1:27017, connect ECONNREFUSED 127.0.0.1:27017
2026-08-13 15:56:43 [error]: MongoDB error: connect ECONNREFUSED ::1:27017, connect ECONNREFUSED 127.0.0.1:27017
2026-08-13 15:56:46 [error]: ❌ MongoDB connection error (attempt 1): connect ECONNREFUSED ::1:27017, connect ECONNREFUSED 127.0.0.1:27017
2026-08-13 15:56:46 [error]: MongoDB error: connect ECONNREFUSED ::1:27017, connect ECONNREFUSED 127.0.0.1:27017
2026-08-13 15:56:46 [error]: ❌ MongoDB connection error (attempt 1): connect ECONNREFUSED ::1:27017, connect ECONNREFUSED 127.0.0.1:27017
2026-08-13 15:56:46 [error]: MongoDB error: connect ECONNREFUSED ::1:27017, connect ECONNREFUSED 127.0.0.1:27017
2026-08-13 15:56:48 [error]: ❌ MongoDB connection error (attempt 1): connect ECONNREFUSED ::1:27017, connect ECONNREFUSED 127.0.0.1:27017
2026-08-13 15:56:48 [error]: MongoDB error: connect ECONNREFUSED ::1:27017, connect ECONNREFUSED 127.0.0.1:27017
2026-08-13 15:56:48 [error]: ❌ MongoDB connection error (attempt 1): connect ECONNREFUSED ::1:27017, connect ECONNREFUSED 127.0.0.1:27017
2026-08-13 15:56:48 [error]: MongoDB error: connect ECONNREFUSED ::1:27017, connect ECONNREFUSED 127.0.0.1:27017
2026-08-13 15:56:51 [error]: ❌ MongoDB connection error (attempt 1): connect ECONNREFUSED ::1:27017, connect ECONNREFUSED 127.0.0.1:27017
2026-08-13 15:56:51 [error]: MongoDB error: connect ECONNREFUSED ::1:27017, connect ECONNREFUSED 127.0.0.1:27017
2026-08-13 15:56:51 [error]: ❌ MongoDB connection error (attempt 1): connect ECONNREFUSED ::1:27017, connect ECONNREFUSED 127.0.0.1:27017
2026-08-13 15:56:51 [error]: MongoDB error: connect ECONNREFUSED ::1:27017, connect ECONNREFUSED 127.0.0.1:27017
2026-08-13 15:56:53 [error]: ❌ MongoDB connection error (attempt 1): connect ECONNREFUSED ::1:27017, connect ECONNREFUSED 127.0.0.1:27017
2026-08-13 15:56:53 [error]: MongoDB error: connect ECONNREFUSED ::1:27017, connect ECONNREFUSED 127.0.0.1:27017
2026-08-13 15:56:53 [error]: ❌ MongoDB connection error (attempt 1): connect ECONNREFUSED ::1:27017, connect ECONNREFUSED 127.0.0.1:27017
2026-08-13 15:56:53 [error]: MongoDB error: connect ECONNREFUSED ::1:27017, connect ECONNREFUSED 127.0.0.1:27017
2026-08-13 15:56:56 [error]: ❌ MongoDB connection error (attempt 1): connect ECONNREFUSED ::1:27017, connect ECONNREFUSED 127.0.0.1:27017
2026-08-13 15:56:56 [error]: MongoDB error: connect ECONNREFUSED ::1:27017, connect ECONNREFUSED 127.0.0.1:27017
2026-08-13 15:56:56 [error]: ❌ MongoDB connection error (attempt 1): connect ECONNREFUSED ::1:27017, connect ECONNREFUSED 127.0.0.1:27017
2026-08-13 15:56:56 [error]: MongoDB error: connect ECONNREFUSED ::1:27017, connect ECONNREFUSED 127.0.0.1:27017
2026-08-13 15:56:58 [error]: ❌ MongoDB connection error (attempt 1): connect ECONNREFUSED ::1:27017, connect ECONNREFUSED 127.0.0.1:27017
2026-08-13 15:56:58 [error]: MongoDB error: connect ECONNREFUSED ::1:27017, connect ECONNREFUSED 127.0.0.1:27017
2026-08-13 15:56:58 [error]: ❌ MongoDB connection error (attempt 1): connect ECONNREFUSED ::1:27017, connect ECONNREFUSED 127.0.0.1:27017
2026-08-13 15:56:58 [error]: MongoDB error: connect ECONNREFUSED ::1:27017, connect ECONNREFUSED 127.0.0.1:27017
2026-08-13 15:57:01 [error]: ❌ MongoDB connection error (attempt 1): connect ECONNREFUSED ::1:27017, connect ECONNREFUSED 127.0.0.1:27017
2026-08-13 15:57:01 [error]: MongoDB error: connect ECONNREFUSED ::1:27017, connect ECONNREFUSED 127.0.0.1:27017
2026-08-13 15:57:01 [error]: ❌ MongoDB connection error (attempt 1): connect ECONNREFUSED ::1:27017, connect ECONNREFUSED 127.0.0.1:27017
2026-08-13 15:57:01 [error]: MongoDB error: connect ECONNREFUSED ::1:27017, connect ECONNREFUSED 127.0.0.1:27017
2026-08-13 15:57:03 [error]: ❌ MongoDB connection error (attempt 1): connect ECONNREFUSED ::1:27017, connect ECONNREFUSED 127.0.0.1:27017
2026-08-13 15:57:03 [error]: MongoDB error: connect ECONNREFUSED ::1:27017, connect ECONNREFUSED 127.0.0.1:27017
2026-08-13 15:57:03 [error]: ❌ MongoDB connection error (attempt 1): connect ECONNREFUSED ::1:27017, connect ECONNREFUSED 127.0.0.1:27017
2026-08-13 15:57:03 [error]: MongoDB error: connect ECONNREFUSED ::1:27017, connect ECONNREFUSED 127.0.0.1:27017
2026-08-13 15:57:06 [error]: ❌ MongoDB connection error (attempt 1): connect ECONNREFUSED ::1:27017, connect ECONNREFUSED 127.0.0.1:27017
2026-08-13 15:57:06 [error]: MongoDB error: connect ECONNREFUSED ::1:27017, connect ECONNREFUSED 127.0.0.1:27017
2026-08-13 15:57:06 [error]: ❌ MongoDB connection error (attempt 1): connect ECONNREFUSED ::1:27017, connect ECONNREFUSED 127.0.0.1:27017
2026-08-13 15:57:06 [error]: MongoDB error: connect ECONNREFUSED ::1:27017, connect ECONNREFUSED 127.0.0.1:27017
2026-08-13 15:57:08 [error]: ❌ MongoDB connection error (attempt 1): connect ECONNREFUSED ::1:27017, connect ECONNREFUSED 127.0.0.1:27017
2026-08-13 15:57:08 [error]: MongoDB error: connect ECONNREFUSED ::1:27017, connect ECONNREFUSED 127.0.0.1:27017
2026-08-13 15:57:08 [error]: ❌ MongoDB connection error (attempt 1): connect ECONNREFUSED ::1:27017, connect ECONNREFUSED 127.0.0.1:27017
2026-08-13 15:57:08 [error]: MongoDB error: connect ECONNREFUSED ::1:27017, connect ECONNREFUSED 127.0.0.1:27017
2026-08-13 15:57:11 [error]: ❌ MongoDB connection error (attempt 1): connect ECONNREFUSED ::1:27017, connect ECONNREFUSED 127.0.0.1:27017
2026-08-13 15:57:11 [error]: MongoDB error: connect ECONNREFUSED ::1:27017, connect ECONNREFUSED 127.0.0.1:27017
2026-08-13 15:57:11 [error]: ❌ MongoDB connection error (attempt 1): connect ECONNREFUSED ::1:27017, connect ECONNREFUSED 127.0.0.1:27017
2026-08-13 15:57:11 [error]: MongoDB error: connect ECONNREFUSED ::1:27017, connect ECONNREFUSED 127.0.0.1:27017
2026-08-13 15:57:13 [error]: ❌ MongoDB connection error (attempt 1): connect ECONNREFUSED ::1:27017, connect ECONNREFUSED 127.0.0.1:27017
2026-08-13 15:57:13 [error]: MongoDB error: connect ECONNREFUSED ::1:27017, connect ECONNREFUSED 127.0.0.1:27017
2026-08-13 15:57:13 [error]: ❌ MongoDB connection error (attempt 1): connect ECONNREFUSED ::1:27017, connect ECONNREFUSED 127.0.0.1:27017
2026-08-13 15:57:13 [error]: MongoDB error: connect ECONNREFUSED ::1:27017, connect ECONNREFUSED 127.0.0.1:27017
2026-08-13 15:57:16 [error]: ❌ MongoDB connection error (attempt 1): connect ECONNREFUSED ::1:27017, connect ECONNREFUSED 127.0.0.1:27017
2026-08-13 15:57:16 [error]: MongoDB error: connect ECONNREFUSED ::1:27017, connect ECONNREFUSED 127.0.0.1:27017
2026-08-13 15:57:16 [error]: ❌ MongoDB connection error (attempt 1): connect ECONNREFUSED ::1:27017, connect ECONNREFUSED 127.0.0.1:27017
2026-08-13 15:57:16 [error]: MongoDB error: connect ECONNREFUSED ::1:27017, connect ECONNREFUSED 127.0.0.1:27017
2026-08-13 15:57:18 [error]: ❌ MongoDB connection error (attempt 1): connect ECONNREFUSED ::1:27017, connect ECONNREFUSED 127.0.0.1:27017
2026-08-13 15:57:18 [error]: MongoDB error: connect ECONNREFUSED ::1:27017, connect ECONNREFUSED 127.0.0.1:27017
2026-08-13 15:57:18 [error]: ❌ MongoDB connection error (attempt 1): connect ECONNREFUSED ::1:27017, connect ECONNREFUSED 127.0.0.1:27017
2026-08-13 15:57:18 [error]: MongoDB error: connect ECONNREFUSED ::1:27017, connect ECONNREFUSED 127.0.0.1:27017
2026-08-13 15:57:21 [error]: ❌ MongoDB connection error (attempt 1): connect ECONNREFUSED ::1:27017, connect ECONNREFUSED 127.0.0.1:27017
2026-08-13 15:57:21 [error]: MongoDB error: connect ECONNREFUSED ::1:27017, connect ECONNREFUSED 127.0.0.1:27017
2026-08-13 15:57:21 [error]: ❌ MongoDB connection error (attempt 1): connect ECONNREFUSED ::1:27017, connect ECONNREFUSED 127.0.0.1:27017
2026-08-13 15:57:21 [error]: MongoDB error: connect ECONNREFUSED ::1:27017, connect ECONNREFUSED 127.0.0.1:27017
2026-08-13 15:57:23 [error]: ❌ MongoDB connection error (attempt 1): connect ECONNREFUSED ::1:27017, connect ECONNREFUSED 127.0.0.1:27017
2026-08-13 15:57:23 [error]: MongoDB error: connect ECONNREFUSED ::1:27017, connect ECONNREFUSED 127.0.0.1:27017
2026-08-13 15:57:23 [error]: ❌ MongoDB connection error (attempt 1): connect ECONNREFUSED ::1:27017, connect ECONNREFUSED 127.0.0.1:27017
2026-08-13 15:57:23 [error]: MongoDB error: connect ECONNREFUSED ::1:27017, connect ECONNREFUSED 127.0.0.1:27017
2026-08-13 15:57:26 [error]: ❌ MongoDB connection error (attempt 1): connect ECONNREFUSED ::1:27017, connect ECONNREFUSED 127.0.0.1:27017
2026-08-13 15:57:26 [error]: MongoDB error: connect ECONNREFUSED ::1:27017, connect ECONNREFUSED 127.0.0.1:27017
2026-08-13 15:57:26 [error]: ❌ MongoDB connection error (attempt 1): connect ECONNREFUSED ::1:27017, connect ECONNREFUSED 127.0.0.1:27017
2026-08-13 15:57:26 [error]: MongoDB error: connect ECONNREFUSED ::1:27017, connect ECONNREFUSED 127.0.0.1:27017
2026-08-13 15:57:28 [error]: ❌ MongoDB connection error (attempt 1): connect ECONNREFUSED ::1:27017, connect ECONNREFUSED 127.0.0.1:27017
2026-08-13 15:57:28 [error]: MongoDB error: connect ECONNREFUSED ::1:27017, connect ECONNREFUSED 127.0.0.1:27017
2026-08-13 15:57:28 [error]: ❌ MongoDB connection error (attempt 1): connect ECONNREFUSED ::1:27017, connect ECONNREFUSED 127.0.0.1:27017
2026-08-13 15:57:28 [error]: MongoDB error: connect ECONNREFUSED ::1:27017, connect ECONNREFUSED 127.0.0.1:27017
2026-08-13 15:57:31 [error]: ❌ MongoDB connection error (attempt 1): connect ECONNREFUSED ::1:27017, connect ECONNREFUSED 127.0.0.1:27017
2026-08-13 15:57:31 [error]: MongoDB error: connect ECONNREFUSED ::1:27017, connect ECONNREFUSED 127.0.0.1:27017
2026-08-13 15:57:31 [error]: ❌ MongoDB connection error (attempt 1): connect ECONNREFUSED ::1:27017, connect ECONNREFUSED 127.0.0.1:27017
2026-08-13 15:57:31 [error]: MongoDB error: connect ECONNREFUSED ::1:27017, connect ECONNREFUSED 127.0.0.1:27017
2026-08-13 15:57:33 [error]: ❌ MongoDB connection error (attempt 1): connect ECONNREFUSED ::1:27017, connect ECONNREFUSED 127.0.0.1:27017
2026-08-13 15:57:33 [error]: MongoDB error: connect ECONNREFUSED ::1:27017, connect ECONNREFUSED 127.0.0.1:27017
2026-08-13 15:57:33 [error]: ❌ MongoDB connection error (attempt 1): connect ECONNREFUSED ::1:27017, connect ECONNREFUSED 127.0.0.1:27017
2026-08-13 15:57:33 [error]: MongoDB error: connect ECONNREFUSED ::1:27017, connect ECONNREFUSED 127.0.0.1:27017
2026-08-13 15:57:36 [error]: ❌ MongoDB connection error (attempt 1): connect ECONNREFUSED ::1:27017, connect ECONNREFUSED 127.0.0.1:27017
2026-08-13 15:57:36 [error]: MongoDB error: connect ECONNREFUSED ::1:27017, connect ECONNREFUSED 127.0.0.1:27017
2026-08-13 15:57:36 [error]: ❌ MongoDB connection error (attempt 1): connect ECONNREFUSED ::1:27017, connect ECONNREFUSED 127.0.0.1:27017
2026-08-13 15:57:36 [error]: MongoDB error: connect ECONNREFUSED ::1:27017, connect ECONNREFUSED 127.0.0.1:27017
2026-08-13 15:57:38 [error]: ❌ MongoDB connection error (attempt 1): connect ECONNREFUSED ::1:27017, connect ECONNREFUSED 127.0.0.1:27017
2026-08-13 15:57:38 [error]: MongoDB error: connect ECONNREFUSED ::1:27017, connect ECONNREFUSED 127.0.0.1:27017
2026-08-13 15:57:38 [error]: ❌ MongoDB connection error (attempt 1): connect ECONNREFUSED ::1:27017, connect ECONNREFUSED 127.0.0.1:27017
2026-08-13 15:57:38 [error]: MongoDB error: connect ECONNREFUSED ::1:27017, connect ECONNREFUSED 127.0.0.1:27017
2026-08-13 15:57:41 [error]: ❌ MongoDB connection error (attempt 1): connect ECONNREFUSED ::1:27017, connect ECONNREFUSED 127.0.0.1:27017
2026-08-13 15:57:41 [error]: MongoDB error: connect ECONNREFUSED ::1:27017, connect ECONNREFUSED 127.0.0.1:27017
2026-08-13 15:57:41 [error]: ❌ MongoDB connection error (attempt 1): connect ECONNREFUSED ::1:27017, connect ECONNREFUSED 127.0.0.1:27017
2026-08-13 15:57:41 [error]: MongoDB error: connect ECONNREFUSED ::1:27017, connect ECONNREFUSED 127.0.0.1:27017
2026-08-13 15:57:43 [error]: ❌ MongoDB connection error (attempt 1): connect ECONNREFUSED ::1:27017, connect ECONNREFUSED 127.0.0.1:27017
2026-08-13 15:57:43 [error]: MongoDB error: connect ECONNREFUSED ::1:27017, connect ECONNREFUSED 127.0.0.1:27017
2026-08-13 15:57:43 [error]: ❌ MongoDB connection error (attempt 1): connect ECONNREFUSED ::1:27017, connect ECONNREFUSED 127.0.0.1:27017
2026-08-13 15:57:43 [error]: MongoDB error: connect ECONNREFUSED ::1:27017, connect ECONNREFUSED 127.0.0.1:27017
2026-08-13 15:57:46 [error]: ❌ MongoDB connection error (attempt 1): connect ECONNREFUSED ::1:27017, connect ECONNREFUSED 127.0.0.1:27017
2026-08-13 15:57:46 [error]: MongoDB error: connect ECONNREFUSED ::1:27017, connect ECONNREFUSED 127.0.0.1:27017
2026-08-13 15:57:46 [error]: ❌ MongoDB connection error (attempt 1): connect ECONNREFUSED ::1:27017, connect ECONNREFUSED 127.0.0.1:27017
2026-08-13 15:57:46 [error]: MongoDB error: connect ECONNREFUSED ::1:27017, connect ECONNREFUSED 127.0.0.1:27017
2026-08-13 15:57:48 [error]: ❌ MongoDB connection error (attempt 1): connect ECONNREFUSED ::1:27017, connect ECONNREFUSED 127.0.0.1:27017
2026-08-13 15:57:48 [error]: MongoDB error: connect ECONNREFUSED ::1:27017, connect ECONNREFUSED 127.0.0.1:27017
2026-08-13 15:57:48 [error]: ❌ MongoDB connection error (attempt 1): connect ECONNREFUSED ::1:27017, connect ECONNREFUSED 127.0.0.1:27017
2026-08-13 15:57:48 [error]: MongoDB error: connect ECONNREFUSED ::1:27017, connect ECONNREFUSED 127.0.0.1:27017
2026-08-13 15:57:51 [error]: ❌ MongoDB connection error (attempt 1): connect ECONNREFUSED ::1:27017, connect ECONNREFUSED 127.0.0.1:27017
2026-08-13 15:57:51 [error]: MongoDB error: connect ECONNREFUSED ::1:27017, connect ECONNREFUSED 127.0.0.1:27017
2026-08-13 15:57:51 [error]: ❌ MongoDB connection error (attempt 1): connect ECONNREFUSED ::1:27017, connect ECONNREFUSED 127.0.0.1:27017
2026-08-13 15:57:51 [error]: MongoDB error: connect ECONNREFUSED ::1:27017, connect ECONNREFUSED 127.0.0.1:27017
2026-08-13 15:57:53 [error]: ❌ MongoDB connection error (attempt 1): connect ECONNREFUSED ::1:27017, connect ECONNREFUSED 127.0.0.1:27017
2026-08-13 15:57:53 [error]: MongoDB error: connect ECONNREFUSED ::1:27017, connect ECONNREFUSED 127.0.0.1:27017
2026-08-13 15:57:53 [error]: ❌ MongoDB connection error (attempt 1): connect ECONNREFUSED ::1:27017, connect ECONNREFUSED 127.0.0.1:27017
2026-08-13 15:57:53 [error]: MongoDB error: connect ECONNREFUSED ::1:27017, connect ECONNREFUSED 127.0.0.1:27017
2026-08-13 15:57:56 [error]: ❌ MongoDB connection error (attempt 1): connect ECONNREFUSED ::1:27017, connect ECONNREFUSED 127.0.0.1:27017
2026-08-13 15:57:56 [error]: MongoDB error: connect ECONNREFUSED ::1:27017, connect ECONNREFUSED 127.0.0.1:27017
2026-08-13 15:57:56 [error]: ❌ MongoDB connection error (attempt 1): connect ECONNREFUSED ::1:27017, connect ECONNREFUSED 127.0.0.1:27017
2026-08-13 15:57:56 [error]: MongoDB error: connect ECONNREFUSED ::1:27017, connect ECONNREFUSED 127.0.0.1:27017
2026-08-13 15:57:58 [error]: ❌ MongoDB connection error (attempt 1): connect ECONNREFUSED ::1:27017, connect ECONNREFUSED 127.0.0.1:27017
2026-08-13 15:57:58 [error]: MongoDB error: connect ECONNREFUSED ::1:27017, connect ECONNREFUSED 127.0.0.1:27017
2026-08-13 15:57:58 [error]: ❌ MongoDB connection error (attempt 1): connect ECONNREFUSED ::1:27017, connect ECONNREFUSED 127.0.0.1:27017
2026-08-13 15:57:58 [error]: MongoDB error: connect ECONNREFUSED ::1:27017, connect ECONNREFUSED 127.0.0.1:27017
2026-08-13 15:58:01 [error]: ❌ MongoDB connection error (attempt 1): connect ECONNREFUSED ::1:27017, connect ECONNREFUSED 127.0.0.1:27017
2026-08-13 15:58:01 [error]: MongoDB error: connect ECONNREFUSED ::1:27017, connect ECONNREFUSED 127.0.0.1:27017
2026-08-13 15:58:01 [error]: ❌ MongoDB connection error (attempt 1): connect ECONNREFUSED ::1:27017, connect ECONNREFUSED 127.0.0.1:27017
2026-08-13 15:58:01 [error]: MongoDB error: connect ECONNREFUSED ::1:27017, connect ECONNREFUSED 127.0.0.1:27017
2026-08-13 15:58:03 [error]: ❌ MongoDB connection error (attempt 1): connect ECONNREFUSED ::1:27017, connect ECONNREFUSED 127.0.0.1:27017
2026-08-13 15:58:03 [error]: MongoDB error: connect ECONNREFUSED ::1:27017, connect ECONNREFUSED 127.0.0.1:27017
2026-08-13 15:58:03 [error]: ❌ MongoDB connection error (attempt 1): connect ECONNREFUSED ::1:27017, connect ECONNREFUSED 127.0.0.1:27017
2026-08-13 15:58:03 [error]: MongoDB error: connect ECONNREFUSED ::1:27017, connect ECONNREFUSED 127.0.0.1:27017
2026-08-13 15:58:06 [error]: ❌ MongoDB connection error (attempt 1): connect ECONNREFUSED ::1:27017, connect ECONNREFUSED 127.0.0.1:27017
2026-08-13 15:58:06 [error]: MongoDB error: connect ECONNREFUSED ::1:27017, connect ECONNREFUSED 127.0.0.1:27017
2026-08-13 15:58:06 [error]: ❌ MongoDB connection error (attempt 1): connect ECONNREFUSED ::1:27017, connect ECONNREFUSED 127.0.0.1:27017
2026-08-13 15:58:06 [error]: MongoDB error: connect ECONNREFUSED ::1:27017, connect ECONNREFUSED 127.0.0.1:27017
2026-08-13 15:58:08 [error]: ❌ MongoDB connection error (attempt 1): connect ECONNREFUSED ::1:27017, connect ECONNREFUSED 127.0.0.1:27017
2026-08-13 15:58:08 [error]: MongoDB error: connect ECONNREFUSED ::1:27017, connect ECONNREFUSED 127.0.0.1:27017
2026-08-13 15:58:08 [error]: ❌ MongoDB connection error (attempt 1): connect ECONNREFUSED ::1:27017, connect ECONNREFUSED 127.0.0.1:27017
2026-08-13 15:58:08 [error]: MongoDB error: connect ECONNREFUSED ::1:27017, connect ECONNREFUSED 127.0.0.1:27017
2026-08-13 15:58:11 [error]: ❌ MongoDB connection error (attempt 1): connect ECONNREFUSED ::1:27017, connect ECONNREFUSED 127.0.0.1:27017
2026-08-13 15:58:11 [error]: MongoDB error: connect ECONNREFUSED ::1:27017, connect ECONNREFUSED 127.0.0.1:27017
2026-08-13 15:58:11 [error]: ❌ MongoDB connection error (attempt 1): connect ECONNREFUSED ::1:27017, connect ECONNREFUSED 127.0.0.1:27017
2026-08-13 15:58:11 [error]: MongoDB error: connect ECONNREFUSED ::1:27017, connect ECONNREFUSED 127.0.0.1:27017
2026-08-13 15:58:13 [error]: ❌ MongoDB connection error (attempt 1): connect ECONNREFUSED ::1:27017, connect ECONNREFUSED 127.0.0.1:27017
2026-08-13 15:58:13 [error]: MongoDB error: connect ECONNREFUSED ::1:27017, connect ECONNREFUSED 127.0.0.1:27017
2026-08-13 15:58:13 [error]: ❌ MongoDB connection error (attempt 1): connect ECONNREFUSED ::1:27017, connect ECONNREFUSED 127.0.0.1:27017
2026-08-13 15:58:13 [error]: MongoDB error: connect ECONNREFUSED ::1:27017, connect ECONNREFUSED 127.0.0.1:27017
2026-08-13 15:58:16 [error]: ❌ MongoDB connection error (attempt 1): connect ECONNREFUSED ::1:27017, connect ECONNREFUSED 127.0.0.1:27017
2026-08-13 15:58:16 [error]: MongoDB error: connect ECONNREFUSED ::1:27017, connect ECONNREFUSED 127.0.0.1:27017
2026-08-13 15:58:16 [error]: ❌ MongoDB connection error (attempt 1): connect ECONNREFUSED ::1:27017, connect ECONNREFUSED 127.0.0.1:27017
2026-08-13 15:58:16 [error]: MongoDB error: connect ECONNREFUSED ::1:27017, connect ECONNREFUSED 127.0.0.1:27017
2026-08-13 15:58:18 [error]: ❌ MongoDB connection error (attempt 1): connect ECONNREFUSED ::1:27017, connect ECONNREFUSED 127.0.0.1:27017
2026-08-13 15:58:18 [error]: MongoDB error: connect ECONNREFUSED ::1:27017, connect ECONNREFUSED 127.0.0.1:27017
2026-08-13 15:58:18 [error]: ❌ MongoDB connection error (attempt 1): connect ECONNREFUSED ::1:27017, connect ECONNREFUSED 127.0.0.1:27017
2026-08-13 15:58:18 [error]: MongoDB error: connect ECONNREFUSED ::1:27017, connect ECONNREFUSED 127.0.0.1:27017
2026-08-13 15:58:21 [error]: ❌ MongoDB connection error (attempt 1): connect ECONNREFUSED ::1:27017, connect ECONNREFUSED 127.0.0.1:27017
2026-08-13 15:58:21 [error]: MongoDB error: connect ECONNREFUSED ::1:27017, connect ECONNREFUSED 127.0.0.1:27017
2026-08-13 15:58:21 [error]: ❌ MongoDB connection error (attempt 1): connect ECONNREFUSED ::1:27017, connect ECONNREFUSED 127.0.0.1:27017
2026-08-13 15:58:21 [error]: MongoDB error: connect ECONNREFUSED ::1:27017, connect ECONNREFUSED 127.0.0.1:27017
2026-08-13 15:58:23 [error]: ❌ MongoDB connection error (attempt 1): connect ECONNREFUSED ::1:27017, connect ECONNREFUSED 127.0.0.1:27017
2026-08-13 15:58:23 [error]: MongoDB error: connect ECONNREFUSED ::1:27017, connect ECONNREFUSED 127.0.0.1:27017
2026-08-13 15:58:23 [error]: ❌ MongoDB connection error (attempt 1): connect ECONNREFUSED ::1:27017, connect ECONNREFUSED 127.0.0.1:27017
2026-08-13 15:58:23 [error]: MongoDB error: connect ECONNREFUSED ::1:27017, connect ECONNREFUSED 127.0.0.1:27017
2026-08-13 15:58:26 [error]: ❌ MongoDB connection error (attempt 1): connect ECONNREFUSED ::1:27017, connect ECONNREFUSED 127.0.0.1:27017
2026-08-13 15:58:26 [error]: MongoDB error: connect ECONNREFUSED ::1:27017, connect ECONNREFUSED 127.0.0.1:27017
2026-08-13 15:58:26 [error]: ❌ MongoDB connection error (attempt 1): connect ECONNREFUSED ::1:27017, connect ECONNREFUSED 127.0.0.1:27017
2026-08-13 15:58:26 [error]: MongoDB error: connect ECONNREFUSED ::1:27017, connect ECONNREFUSED 127.0.0.1:27017
2026-08-13 15:58:28 [error]: ❌ MongoDB connection error (attempt 1): connect ECONNREFUSED ::1:27017, connect ECONNREFUSED 127.0.0.1:27017
2026-08-13 15:58:28 [error]: MongoDB error: connect ECONNREFUSED ::1:27017, connect ECONNREFUSED 127.0.0.1:27017
2026-08-13 15:58:28 [error]: ❌ MongoDB connection error (attempt 1): connect ECONNREFUSED ::1:27017, connect ECONNREFUSED 127.0.0.1:27017
2026-08-13 15:58:28 [error]: MongoDB error: connect ECONNREFUSED ::1:27017, connect ECONNREFUSED 127.0.0.1:27017
2026-08-13 15:58:31 [error]: ❌ MongoDB connection error (attempt 1): connect ECONNREFUSED ::1:27017, connect ECONNREFUSED 127.0.0.1:27017
2026-08-13 15:58:31 [error]: MongoDB error: connect ECONNREFUSED ::1:27017, connect ECONNREFUSED 127.0.0.1:27017
2026-08-13 15:58:31 [error]: ❌ MongoDB connection error (attempt 1): connect ECONNREFUSED ::1:27017, connect ECONNREFUSED 127.0.0.1:27017
2026-08-13 15:58:31 [error]: MongoDB error: connect ECONNREFUSED ::1:27017, connect ECONNREFUSED 127.0.0.1:27017
2026-08-13 15:58:33 [error]: ❌ MongoDB connection error (attempt 1): connect ECONNREFUSED ::1:27017, connect ECONNREFUSED 127.0.0.1:27017
2026-08-13 15:58:33 [error]: MongoDB error: connect ECONNREFUSED ::1:27017, connect ECONNREFUSED 127.0.0.1:27017
2026-08-13 15:58:33 [error]: ❌ MongoDB connection error (attempt 1): connect ECONNREFUSED ::1:27017, connect ECONNREFUSED 127.0.0.1:27017
2026-08-13 15:58:33 [error]: MongoDB error: connect ECONNREFUSED ::1:27017, connect ECONNREFUSED 127.0.0.1:27017
2026-08-13 15:58:36 [error]: ❌ MongoDB connection error (attempt 1): connect ECONNREFUSED ::1:27017, connect ECONNREFUSED 127.0.0.1:27017
2026-08-13 15:58:36 [error]: MongoDB error: connect ECONNREFUSED ::1:27017, connect ECONNREFUSED 127.0.0.1:27017
2026-08-13 15:58:36 [error]: ❌ MongoDB connection error (attempt 1): connect ECONNREFUSED ::1:27017, connect ECONNREFUSED 127.0.0.1:27017
2026-08-13 15:58:36 [error]: MongoDB error: connect ECONNREFUSED ::1:27017, connect ECONNREFUSED 127.0.0.1:27017
2026-08-13 15:58:38 [error]: ❌ MongoDB connection error (attempt 1): connect ECONNREFUSED ::1:27017, connect ECONNREFUSED 127.0.0.1:27017
2026-08-13 15:58:38 [error]: MongoDB error: connect ECONNREFUSED ::1:27017, connect ECONNREFUSED 127.0.0.1:27017
2026-08-13 15:58:38 [error]: ❌ MongoDB connection error (attempt 1): connect ECONNREFUSED ::1:27017, connect ECONNREFUSED 127.0.0.1:27017
2026-08-13 15:58:38 [error]: MongoDB error: connect ECONNREFUSED ::1:27017, connect ECONNREFUSED 127.0.0.1:27017
2026-08-13 15:58:41 [error]: ❌ MongoDB connection error (attempt 1): connect ECONNREFUSED ::1:27017, connect ECONNREFUSED 127.0.0.1:27017
2026-08-13 15:58:41 [error]: MongoDB error: connect ECONNREFUSED ::1:27017, connect ECONNREFUSED 127.0.0.1:27017
2026-08-13 15:58:41 [error]: ❌ MongoDB connection error (attempt 1): connect ECONNREFUSED ::1:27017, connect ECONNREFUSED 127.0.0.1:27017
2026-08-13 15:58:41 [error]: MongoDB error: connect ECONNREFUSED ::1:27017, connect ECONNREFUSED 127.0.0.1:27017
2026-08-13 15:58:43 [error]: ❌ MongoDB connection error (attempt 1): connect ECONNREFUSED ::1:27017, connect ECONNREFUSED 127.0.0.1:27017
2026-08-13 15:58:43 [error]: MongoDB error: connect ECONNREFUSED ::1:27017, connect ECONNREFUSED 127.0.0.1:27017
2026-08-13 15:58:43 [error]: ❌ MongoDB connection error (attempt 1): connect ECONNREFUSED ::1:27017, connect ECONNREFUSED 127.0.0.1:27017
2026-08-13 15:58:43 [error]: MongoDB error: connect ECONNREFUSED ::1:27017, connect ECONNREFUSED 127.0.0.1:27017
2026-08-13 15:58:46 [error]: ❌ MongoDB connection error (attempt 1): connect ECONNREFUSED ::1:27017, connect ECONNREFUSED 127.0.0.1:27017
2026-08-13 15:58:46 [error]: MongoDB error: connect ECONNREFUSED ::1:27017, connect ECONNREFUSED 127.0.0.1:27017
2026-08-13 15:58:46 [error]: ❌ MongoDB connection error (attempt 1): connect ECONNREFUSED ::1:27017, connect ECONNREFUSED 127.0.0.1:27017
2026-08-13 15:58:46 [error]: MongoDB error: connect ECONNREFUSED ::1:27017, connect ECONNREFUSED 127.0.0.1:27017
2026-08-13 15:58:48 [error]: ❌ MongoDB connection error (attempt 1): connect ECONNREFUSED ::1:27017, connect ECONNREFUSED 127.0.0.1:27017
2026-08-13 15:58:48 [error]: MongoDB error: connect ECONNREFUSED ::1:27017, connect ECONNREFUSED 127.0.0.1:27017
2026-08-13 15:58:48 [error]: ❌ MongoDB connection error (attempt 1): connect ECONNREFUSED ::1:27017, connect ECONNREFUSED 127.0.0.1:27017
2026-08-13 15:58:48 [error]: MongoDB error: connect ECONNREFUSED ::1:27017, connect ECONNREFUSED 127.0.0.1:27017
2026-08-13 15:58:51 [error]: ❌ MongoDB connection error (attempt 1): connect ECONNREFUSED ::1:27017, connect ECONNREFUSED 127.0.0.1:27017
2026-08-13 15:58:51 [error]: MongoDB error: connect ECONNREFUSED ::1:27017, connect ECONNREFUSED 127.0.0.1:27017
2026-08-13 15:58:51 [error]: ❌ MongoDB connection error (attempt 1): connect ECONNREFUSED ::1:27017, connect ECONNREFUSED 127.0.0.1:27017
2026-08-13 15:58:51 [error]: MongoDB error: connect ECONNREFUSED ::1:27017, connect ECONNREFUSED 127.0.0.1:27017
2026-08-13 15:58:53 [error]: ❌ MongoDB connection error (attempt 1): connect ECONNREFUSED ::1:27017, connect ECONNREFUSED 127.0.0.1:27017
2026-08-13 15:58:53 [error]: MongoDB error: connect ECONNREFUSED ::1:27017, connect ECONNREFUSED 127.0.0.1:27017
2026-08-13 15:58:53 [error]: ❌ MongoDB connection error (attempt 1): connect ECONNREFUSED ::1:27017, connect ECONNREFUSED 127.0.0.1:27017
2026-08-13 15:58:53 [error]: MongoDB error: connect ECONNREFUSED ::1:27017, connect ECONNREFUSED 127.0.0.1:27017
2026-08-13 15:58:56 [error]: ❌ MongoDB connection error (attempt 1): connect ECONNREFUSED ::1:27017, connect ECONNREFUSED 127.0.0.1:27017
2026-08-13 15:58:56 [error]: MongoDB error: connect ECONNREFUSED ::1:27017, connect ECONNREFUSED 127.0.0.1:27017
2026-08-13 15:58:56 [error]: ❌ MongoDB connection error (attempt 1): connect ECONNREFUSED ::1:27017, connect ECONNREFUSED 127.0.0.1:27017
2026-08-13 15:58:56 [error]: MongoDB error: connect ECONNREFUSED ::1:27017, connect ECONNREFUSED 127.0.0.1:27017
2026-08-13 15:58:58 [error]: ❌ MongoDB connection error (attempt 1): connect ECONNREFUSED ::1:27017, connect ECONNREFUSED 127.0.0.1:27017
2026-08-13 15:58:58 [error]: MongoDB error: connect ECONNREFUSED ::1:27017, connect ECONNREFUSED 127.0.0.1:27017
2026-08-13 15:58:58 [error]: ❌ MongoDB connection error (attempt 1): connect ECONNREFUSED ::1:27017, connect ECONNREFUSED 127.0.0.1:27017
2026-08-13 15:58:58 [error]: MongoDB error: connect ECONNREFUSED ::1:27017, connect ECONNREFUSED 127.0.0.1:27017
2026-08-13 15:59:01 [error]: ❌ MongoDB connection error (attempt 1): connect ECONNREFUSED ::1:27017, connect ECONNREFUSED 127.0.0.1:27017
2026-08-13 15:59:01 [error]: MongoDB error: connect ECONNREFUSED ::1:27017, connect ECONNREFUSED 127.0.0.1:27017
2026-08-13 15:59:01 [error]: ❌ MongoDB connection error (attempt 1): connect ECONNREFUSED ::1:27017, connect ECONNREFUSED 127.0.0.1:27017
2026-08-13 15:59:01 [error]: MongoDB error: connect ECONNREFUSED ::1:27017, connect ECONNREFUSED 127.0.0.1:27017
2026-08-13 15:59:03 [error]: ❌ MongoDB connection error (attempt 1): connect ECONNREFUSED ::1:27017, connect ECONNREFUSED 127.0.0.1:27017
2026-08-13 15:59:03 [error]: MongoDB error: connect ECONNREFUSED ::1:27017, connect ECONNREFUSED 127.0.0.1:27017
2026-08-13 15:59:03 [error]: ❌ MongoDB connection error (attempt 1): connect ECONNREFUSED ::1:27017, connect ECONNREFUSED 127.0.0.1:27017
2026-08-13 15:59:03 [error]: MongoDB error: connect ECONNREFUSED ::1:27017, connect ECONNREFUSED 127.0.0.1:27017
2026-08-13 15:59:06 [error]: ❌ MongoDB connection error (attempt 1): connect ECONNREFUSED ::1:27017, connect ECONNREFUSED 127.0.0.1:27017
2026-08-13 15:59:06 [error]: MongoDB error: connect ECONNREFUSED ::1:27017, connect ECONNREFUSED 127.0.0.1:27017
2026-08-13 15:59:06 [error]: ❌ MongoDB connection error (attempt 1): connect ECONNREFUSED ::1:27017, connect ECONNREFUSED 127.0.0.1:27017
2026-08-13 15:59:06 [error]: MongoDB error: connect ECONNREFUSED ::1:27017, connect ECONNREFUSED 127.0.0.1:27017
2026-08-13 15:59:08 [error]: ❌ MongoDB connection error (attempt 1): connect ECONNREFUSED ::1:27017, connect ECONNREFUSED 127.0.0.1:27017
2026-08-13 15:59:08 [error]: MongoDB error: connect ECONNREFUSED ::1:27017, connect ECONNREFUSED 127.0.0.1:27017
2026-08-13 15:59:08 [error]: ❌ MongoDB connection error (attempt 1): connect ECONNREFUSED ::1:27017, connect ECONNREFUSED 127.0.0.1:27017
2026-08-13 15:59:08 [error]: MongoDB error: connect ECONNREFUSED ::1:27017, connect ECONNREFUSED 127.0.0.1:27017
2026-08-13 15:59:11 [error]: ❌ MongoDB connection error (attempt 1): connect ECONNREFUSED ::1:27017, connect ECONNREFUSED 127.0.0.1:27017
2026-08-13 15:59:11 [error]: MongoDB error: connect ECONNREFUSED ::1:27017, connect ECONNREFUSED 127.0.0.1:27017
2026-08-13 15:59:11 [error]: ❌ MongoDB connection error (attempt 1): connect ECONNREFUSED ::1:27017, connect ECONNREFUSED 127.0.0.1:27017
2026-08-13 15:59:11 [error]: MongoDB error: connect ECONNREFUSED ::1:27017, connect ECONNREFUSED 127.0.0.1:27017
2026-08-13 15:59:13 [error]: ❌ MongoDB connection error (attempt 1): connect ECONNREFUSED ::1:27017, connect ECONNREFUSED 127.0.0.1:27017
2026-08-13 15:59:13 [error]: MongoDB error: connect ECONNREFUSED ::1:27017, connect ECONNREFUSED 127.0.0.1:27017
2026-08-13 15:59:13 [error]: ❌ MongoDB connection error (attempt 1): connect ECONNREFUSED ::1:27017, connect ECONNREFUSED 127.0.0.1:27017
2026-08-13 15:59:13 [error]: MongoDB error: connect ECONNREFUSED ::1:27017, connect ECONNREFUSED 127.0.0.1:27017
2026-08-13 15:59:16 [error]: ❌ MongoDB connection error (attempt 1): connect ECONNREFUSED ::1:27017, connect ECONNREFUSED 127.0.0.1:27017
2026-08-13 15:59:16 [error]: MongoDB error: connect ECONNREFUSED ::1:27017, connect ECONNREFUSED 127.0.0.1:27017
2026-08-13 15:59:16 [error]: ❌ MongoDB connection error (attempt 1): connect ECONNREFUSED ::1:27017, connect ECONNREFUSED 127.0.0.1:27017
2026-08-13 15:59:16 [error]: MongoDB error: connect ECONNREFUSED ::1:27017, connect ECONNREFUSED 127.0.0.1:27017
2026-08-13 15:59:18 [error]: ❌ MongoDB connection error (attempt 1): connect ECONNREFUSED ::1:27017, connect ECONNREFUSED 127.0.0.1:27017
2026-08-13 15:59:18 [error]: MongoDB error: connect ECONNREFUSED ::1:27017, connect ECONNREFUSED 127.0.0.1:27017
2026-08-13 15:59:18 [error]: ❌ MongoDB connection error (attempt 1): connect ECONNREFUSED ::1:27017, connect ECONNREFUSED 127.0.0.1:27017
2026-08-13 15:59:18 [error]: MongoDB error: connect ECONNREFUSED ::1:27017, connect ECONNREFUSED 127.0.0.1:27017
2026-08-13 15:59:21 [error]: ❌ MongoDB connection error (attempt 1): connect ECONNREFUSED ::1:27017, connect ECONNREFUSED 127.0.0.1:27017
2026-08-13 15:59:21 [error]: MongoDB error: connect ECONNREFUSED ::1:27017, connect ECONNREFUSED 127.0.0.1:27017
2026-08-13 15:59:21 [error]: ❌ MongoDB connection error (attempt 1): connect ECONNREFUSED ::1:27017, connect ECONNREFUSED 127.0.0.1:27017
2026-08-13 15:59:21 [error]: MongoDB error: connect ECONNREFUSED ::1:27017, connect ECONNREFUSED 127.0.0.1:27017
2026-08-13 15:59:23 [error]: ❌ MongoDB connection error (attempt 1): connect ECONNREFUSED ::1:27017, connect ECONNREFUSED 127.0.0.1:27017
2026-08-13 15:59:23 [error]: MongoDB error: connect ECONNREFUSED ::1:27017, connect ECONNREFUSED 127.0.0.1:27017
2026-08-13 15:59:23 [error]: ❌ MongoDB connection error (attempt 1): connect ECONNREFUSED ::1:27017, connect ECONNREFUSED 127.0.0.1:27017
2026-08-13 15:59:23 [error]: MongoDB error: connect ECONNREFUSED ::1:27017, connect ECONNREFUSED 127.0.0.1:27017
2026-08-13 15:59:26 [error]: ❌ MongoDB connection error (attempt 1): connect ECONNREFUSED ::1:27017, connect ECONNREFUSED 127.0.0.1:27017
2026-08-13 15:59:26 [error]: MongoDB error: connect ECONNREFUSED ::1:27017, connect ECONNREFUSED 127.0.0.1:27017
2026-08-13 15:59:26 [error]: ❌ MongoDB connection error (attempt 1): connect ECONNREFUSED ::1:27017, connect ECONNREFUSED 127.0.0.1:27017
2026-08-13 15:59:26 [error]: MongoDB error: connect ECONNREFUSED ::1:27017, connect ECONNREFUSED 127.0.0.1:27017
2026-08-13 15:59:28 [error]: ❌ MongoDB connection error (attempt 1): connect ECONNREFUSED ::1:27017, connect ECONNREFUSED 127.0.0.1:27017
2026-08-13 15:59:28 [error]: MongoDB error: connect ECONNREFUSED ::1:27017, connect ECONNREFUSED 127.0.0.1:27017
2026-08-22 18:17:46 [error]: ❌ MongoDB connection error (attempt 1): connect ECONNREFUSED ::1:27017, connect ECONNREFUSED 127.0.0.1:27017
2026-08-22 18:17:46 [error]: MongoDB error: connect ECONNREFUSED ::1:27017, connect ECONNREFUSED 127.0.0.1:27017
2026-08-22 18:17:51 [error]: ❌ MongoDB connection error (attempt 2): connect ECONNREFUSED ::1:27017, connect ECONNREFUSED 127.0.0.1:27017
2026-08-22 18:17:51 [error]: MongoDB error: connect ECONNREFUSED ::1:27017, connect ECONNREFUSED 127.0.0.1:27017
2026-08-22 18:17:56 [error]: ❌ MongoDB connection error (attempt 1): connect ECONNREFUSED ::1:27017, connect ECONNREFUSED 127.0.0.1:27017
2026-08-22 18:17:56 [error]: MongoDB error: connect ECONNREFUSED ::1:27017, connect ECONNREFUSED 127.0.0.1:27017
2026-08-22 18:18:01 [error]: ❌ MongoDB connection error (attempt 1): connect ECONNREFUSED ::1:27017, connect ECONNREFUSED 127.0.0.1:27017
2026-08-22 18:18:01 [error]: MongoDB error: connect ECONNREFUSED ::1:27017, connect ECONNREFUSED 127.0.0.1:27017
2026-08-22 18:18:06 [error]: ❌ MongoDB connection error (attempt 1): connect ECONNREFUSED ::1:27017, connect ECONNREFUSED 127.0.0.1:27017
2026-08-22 18:18:06 [error]: MongoDB error: connect ECONNREFUSED ::1:27017, connect ECONNREFUSED 127.0.0.1:27017
2026-08-22 18:18:11 [error]: ❌ MongoDB connection error (attempt 1): connect ECONNREFUSED ::1:27017, connect ECONNREFUSED 127.0.0.1:27017
2026-08-22 18:18:11 [error]: MongoDB error: connect ECONNREFUSED ::1:27017, connect ECONNREFUSED 127.0.0.1:27017
2026-08-22 18:18:16 [error]: ❌ MongoDB connection error (attempt 1): connect ECONNREFUSED ::1:27017, connect ECONNREFUSED 127.0.0.1:27017
2026-08-22 18:18:16 [error]: MongoDB error: connect ECONNREFUSED ::1:27017, connect ECONNREFUSED 127.0.0.1:27017
2026-08-22 18:18:21 [error]: ❌ MongoDB connection error (attempt 1): connect ECONNREFUSED ::1:27017, connect ECONNREFUSED 127.0.0.1:27017
2026-08-22 18:18:21 [error]: MongoDB error: connect ECONNREFUSED ::1:27017, connect ECONNREFUSED 127.0.0.1:27017
2026-08-22 18:18:26 [error]: ❌ MongoDB connection error (attempt 1): connect ECONNREFUSED ::1:27017, connect ECONNREFUSED 127.0.0.1:27017
2026-08-22 18:18:26 [error]: MongoDB error: connect ECONNREFUSED ::1:27017, connect ECONNREFUSED 127.0.0.1:27017
2026-08-22 18:18:31 [error]: ❌ MongoDB connection error (attempt 1): connect ECONNREFUSED ::1:27017, connect ECONNREFUSED 127.0.0.1:27017
2026-08-22 18:18:31 [error]: MongoDB error: connect ECONNREFUSED ::1:27017, connect ECONNREFUSED 127.0.0.1:27017
2026-08-22 18:18:36 [error]: ❌ MongoDB connection error (attempt 1): connect ECONNREFUSED ::1:27017, connect ECONNREFUSED 127.0.0.1:27017
2026-08-22 18:18:36 [error]: MongoDB error: connect ECONNREFUSED ::1:27017, connect ECONNREFUSED 127.0.0.1:27017
2026-08-22 18:18:41 [error]: ❌ MongoDB connection error (attempt 1): connect ECONNREFUSED ::1:27017, connect ECONNREFUSED 127.0.0.1:27017
2026-08-22 18:18:41 [error]: MongoDB error: connect ECONNREFUSED ::1:27017, connect ECONNREFUSED 127.0.0.1:27017
2026-08-22 18:18:46 [error]: ❌ MongoDB connection error (attempt 1): connect ECONNREFUSED ::1:27017, connect ECONNREFUSED 127.0.0.1:27017
2026-08-22 18:18:46 [error]: MongoDB error: connect ECONNREFUSED ::1:27017, connect ECONNREFUSED 127.0.0.1:27017
2026-08-22 18:18:51 [error]: ❌ MongoDB connection error (attempt 1): connect ECONNREFUSED ::1:27017, connect ECONNREFUSED 127.0.0.1:27017
2026-08-22 18:18:51 [error]: MongoDB error: connect ECONNREFUSED ::1:27017, connect ECONNREFUSED 127.0.0.1:27017
2026-08-22 18:18:56 [error]: ❌ MongoDB connection error (attempt 1): connect ECONNREFUSED ::1:27017, connect ECONNREFUSED 127.0.0.1:27017
2026-08-22 18:18:56 [error]: MongoDB error: connect ECONNREFUSED ::1:27017, connect ECONNREFUSED 127.0.0.1:27017
2026-08-22 18:19:01 [error]: ❌ MongoDB connection error (attempt 1): connect ECONNREFUSED ::1:27017, connect ECONNREFUSED 127.0.0.1:27017
2026-08-22 18:19:01 [error]: MongoDB error: connect ECONNREFUSED ::1:27017, connect ECONNREFUSED 127.0.0.1:27017
2026-08-22 18:19:06 [error]: ❌ MongoDB connection error (attempt 1): connect ECONNREFUSED ::1:27017, connect ECONNREFUSED 127.0.0.1:27017
2026-08-22 18:19:06 [error]: MongoDB error: connect ECONNREFUSED ::1:27017, connect ECONNREFUSED 127.0.0.1:27017
2026-08-22 18:19:11 [error]: ❌ MongoDB connection error (attempt 1): connect ECONNREFUSED ::1:27017, connect ECONNREFUSED 127.0.0.1:27017
2026-08-22 18:19:11 [error]: MongoDB error: connect ECONNREFUSED ::1:27017, connect ECONNREFUSED 127.0.0.1:27017
2026-08-22 18:19:16 [error]: ❌ MongoDB connection error (attempt 1): connect ECONNREFUSED ::1:27017, connect ECONNREFUSED 127.0.0.1:27017
2026-08-22 18:19:16 [error]: MongoDB error: connect ECONNREFUSED ::1:27017, connect ECONNREFUSED 127.0.0.1:27017
2026-08-22 18:19:21 [error]: ❌ MongoDB connection error (attempt 1): connect ECONNREFUSED ::1:27017, connect ECONNREFUSED 127.0.0.1:27017
2026-08-22 18:19:21 [error]: MongoDB error: connect ECONNREFUSED ::1:27017, connect ECONNREFUSED 127.0.0.1:27017
2026-08-22 18:19:26 [error]: ❌ MongoDB connection error (attempt 1): connect ECONNREFUSED ::1:27017, connect ECONNREFUSED 127.0.0.1:27017
2026-08-22 18:19:26 [error]: MongoDB error: connect ECONNREFUSED ::1:27017, connect ECONNREFUSED 127.0.0.1:27017
2026-08-22 18:19:31 [error]: ❌ MongoDB connection error (attempt 1): connect ECONNREFUSED ::1:27017, connect ECONNREFUSED 127.0.0.1:27017
2026-08-22 18:19:31 [error]: MongoDB error: connect ECONNREFUSED ::1:27017, connect ECONNREFUSED 127.0.0.1:27017
2026-08-22 18:19:36 [error]: ❌ MongoDB connection error (attempt 1): connect ECONNREFUSED ::1:27017, connect ECONNREFUSED 127.0.0.1:27017
2026-08-22 18:19:36 [error]: MongoDB error: connect ECONNREFUSED ::1:27017, connect ECONNREFUSED 127.0.0.1:27017
2026-08-22 18:19:41 [error]: ❌ MongoDB connection error (attempt 1): connect ECONNREFUSED ::1:27017, connect ECONNREFUSED 127.0.0.1:27017
2026-08-22 18:19:41 [error]: MongoDB error: connect ECONNREFUSED ::1:27017, connect ECONNREFUSED 127.0.0.1:27017
2026-08-22 18:19:46 [error]: ❌ MongoDB connection error (attempt 1): connect ECONNREFUSED ::1:27017, connect ECONNREFUSED 127.0.0.1:27017
2026-08-22 18:19:46 [error]: MongoDB error: connect ECONNREFUSED ::1:27017, connect ECONNREFUSED 127.0.0.1:27017
2026-08-22 18:19:51 [error]: ❌ MongoDB connection error (attempt 1): connect ECONNREFUSED ::1:27017, connect ECONNREFUSED 127.0.0.1:27017
2026-08-22 18:19:51 [error]: MongoDB error: connect ECONNREFUSED ::1:27017, connect ECONNREFUSED 127.0.0.1:27017
2026-08-22 18:19:56 [error]: ❌ MongoDB connection error (attempt 1): connect ECONNREFUSED ::1:27017, connect ECONNREFUSED 127.0.0.1:27017
2026-08-22 18:19:56 [error]: MongoDB error: connect ECONNREFUSED ::1:27017, connect ECONNREFUSED 127.0.0.1:27017
2026-08-22 18:20:01 [error]: ❌ MongoDB connection error (attempt 1): connect ECONNREFUSED ::1:27017, connect ECONNREFUSED 127.0.0.1:27017
2026-08-22 18:20:01 [error]: MongoDB error: connect ECONNREFUSED ::1:27017, connect ECONNREFUSED 127.0.0.1:27017
2026-08-22 18:20:06 [error]: ❌ MongoDB connection error (attempt 1): connect ECONNREFUSED ::1:27017, connect ECONNREFUSED 127.0.0.1:27017
2026-08-22 18:20:06 [error]: MongoDB error: connect ECONNREFUSED ::1:27017, connect ECONNREFUSED 127.0.0.1:27017
2026-08-22 18:20:11 [error]: ❌ MongoDB connection error (attempt 1): connect ECONNREFUSED ::1:27017, connect ECONNREFUSED 127.0.0.1:27017
2026-08-22 18:20:11 [error]: MongoDB error: connect ECONNREFUSED ::1:27017, connect ECONNREFUSED 127.0.0.1:27017
2026-08-22 18:20:17 [error]: ❌ MongoDB connection error (attempt 1): connect ECONNREFUSED ::1:27017, connect ECONNREFUSED 127.0.0.1:27017
2026-08-22 18:20:17 [error]: MongoDB error: connect ECONNREFUSED ::1:27017, connect ECONNREFUSED 127.0.0.1:27017
2026-08-22 18:20:22 [error]: ❌ MongoDB connection error (attempt 1): connect ECONNREFUSED ::1:27017, connect ECONNREFUSED 127.0.0.1:27017
2026-08-22 18:20:22 [error]: MongoDB error: connect ECONNREFUSED ::1:27017, connect ECONNREFUSED 127.0.0.1:27017
2026-08-22 18:20:27 [error]: ❌ MongoDB connection error (attempt 1): connect ECONNREFUSED ::1:27017, connect ECONNREFUSED 127.0.0.1:27017
2026-08-22 18:20:27 [error]: MongoDB error: connect ECONNREFUSED ::1:27017, connect ECONNREFUSED 127.0.0.1:27017
2026-08-22 18:20:32 [error]: ❌ MongoDB connection error (attempt 1): connect ECONNREFUSED ::1:27017, connect ECONNREFUSED 127.0.0.1:27017
2026-08-22 18:20:32 [error]: MongoDB error: connect ECONNREFUSED ::1:27017, connect ECONNREFUSED 127.0.0.1:27017
2026-08-22 18:20:37 [error]: ❌ MongoDB connection error (attempt 1): connect ECONNREFUSED ::1:27017, connect ECONNREFUSED 127.0.0.1:27017
2026-08-22 18:20:37 [error]: MongoDB error: connect ECONNREFUSED ::1:27017, connect ECONNREFUSED 127.0.0.1:27017
2026-08-22 18:20:42 [error]: ❌ MongoDB connection error (attempt 1): connect ECONNREFUSED ::1:27017, connect ECONNREFUSED 127.0.0.1:27017
2026-08-22 18:20:42 [error]: MongoDB error: connect ECONNREFUSED ::1:27017, connect ECONNREFUSED 127.0.0.1:27017
2026-08-22 18:20:47 [error]: ❌ MongoDB connection error (attempt 1): connect ECONNREFUSED ::1:27017, connect ECONNREFUSED 127.0.0.1:27017
2026-08-22 18:20:47 [error]: MongoDB error: connect ECONNREFUSED ::1:27017, connect ECONNREFUSED 127.0.0.1:27017
2026-08-22 18:20:52 [error]: ❌ MongoDB connection error (attempt 1): connect ECONNREFUSED ::1:27017, connect ECONNREFUSED 127.0.0.1:27017
2026-08-22 18:20:52 [error]: MongoDB error: connect ECONNREFUSED ::1:27017, connect ECONNREFUSED 127.0.0.1:27017
2026-08-22 18:20:57 [error]: ❌ MongoDB connection error (attempt 1): connect ECONNREFUSED ::1:27017, connect ECONNREFUSED 127.0.0.1:27017
2026-08-22 18:20:57 [error]: MongoDB error: connect ECONNREFUSED ::1:27017, connect ECONNREFUSED 127.0.0.1:27017
2026-08-22 18:21:02 [error]: ❌ MongoDB connection error (attempt 1): connect ECONNREFUSED ::1:27017, connect ECONNREFUSED 127.0.0.1:27017
2026-08-22 18:21:02 [error]: MongoDB error: connect ECONNREFUSED ::1:27017, connect ECONNREFUSED 127.0.0.1:27017
2026-08-22 18:21:07 [error]: ❌ MongoDB connection error (attempt 1): connect ECONNREFUSED ::1:27017, connect ECONNREFUSED 127.0.0.1:27017
2026-08-22 18:21:07 [error]: MongoDB error: connect ECONNREFUSED ::1:27017, connect ECONNREFUSED 127.0.0.1:27017
2026-08-22 18:21:12 [error]: ❌ MongoDB connection error (attempt 1): connect ECONNREFUSED ::1:27017, connect ECONNREFUSED 127.0.0.1:27017
2026-08-22 18:21:12 [error]: MongoDB error: connect ECONNREFUSED ::1:27017, connect ECONNREFUSED 127.0.0.1:27017
2026-08-22 18:21:17 [error]: ❌ MongoDB connection error (attempt 1): connect ECONNREFUSED ::1:27017, connect ECONNREFUSED 127.0.0.1:27017
2026-08-22 18:21:17 [error]: MongoDB error: connect ECONNREFUSED ::1:27017, connect ECONNREFUSED 127.0.0.1:27017
2026-08-22 18:21:22 [error]: ❌ MongoDB connection error (attempt 1): connect ECONNREFUSED ::1:27017, connect ECONNREFUSED 127.0.0.1:27017
2026-08-22 18:21:22 [error]: MongoDB error: connect ECONNREFUSED ::1:27017, connect ECONNREFUSED 127.0.0.1:27017
2026-08-22 18:21:27 [error]: ❌ MongoDB connection error (attempt 1): connect ECONNREFUSED ::1:27017, connect ECONNREFUSED 127.0.0.1:27017
2026-08-22 18:21:27 [error]: MongoDB error: connect ECONNREFUSED ::1:27017, connect ECONNREFUSED 127.0.0.1:27017
2026-08-22 18:21:32 [error]: ❌ MongoDB connection error (attempt 1): connect ECONNREFUSED ::1:27017, connect ECONNREFUSED 127.0.0.1:27017
2026-08-22 18:21:32 [error]: MongoDB error: connect ECONNREFUSED ::1:27017, connect ECONNREFUSED 127.0.0.1:27017
2026-08-22 18:21:37 [error]: ❌ MongoDB connection error (attempt 1): connect ECONNREFUSED ::1:27017, connect ECONNREFUSED 127.0.0.1:27017
2026-08-22 18:21:37 [error]: MongoDB error: connect ECONNREFUSED ::1:27017, connect ECONNREFUSED 127.0.0.1:27017
2026-08-22 18:21:42 [error]: ❌ MongoDB connection error (attempt 1): connect ECONNREFUSED ::1:27017, connect ECONNREFUSED 127.0.0.1:27017
2026-08-22 18:21:42 [error]: MongoDB error: connect ECONNREFUSED ::1:27017, connect ECONNREFUSED 127.0.0.1:27017
2026-08-22 18:21:47 [error]: ❌ MongoDB connection error (attempt 1): connect ECONNREFUSED ::1:27017, connect ECONNREFUSED 127.0.0.1:27017
2026-08-22 18:21:47 [error]: MongoDB error: connect ECONNREFUSED ::1:27017, connect ECONNREFUSED 127.0.0.1:27017
2026-08-22 18:21:52 [error]: ❌ MongoDB connection error (attempt 1): connect ECONNREFUSED ::1:27017, connect ECONNREFUSED 127.0.0.1:27017
2026-08-22 18:21:52 [error]: MongoDB error: connect ECONNREFUSED ::1:27017, connect ECONNREFUSED 127.0.0.1:27017
2026-08-22 18:21:57 [error]: ❌ MongoDB connection error (attempt 1): connect ECONNREFUSED ::1:27017, connect ECONNREFUSED 127.0.0.1:27017
2026-08-22 18:21:57 [error]: MongoDB error: connect ECONNREFUSED ::1:27017, connect ECONNREFUSED 127.0.0.1:27017
2026-08-22 18:22:02 [error]: ❌ MongoDB connection error (attempt 1): connect ECONNREFUSED ::1:27017, connect ECONNREFUSED 127.0.0.1:27017
2026-08-22 18:22:02 [error]: MongoDB error: connect ECONNREFUSED ::1:27017, connect ECONNREFUSED 127.0.0.1:27017
2026-08-22 18:22:07 [error]: ❌ MongoDB connection error (attempt 1): connect ECONNREFUSED ::1:27017, connect ECONNREFUSED 127.0.0.1:27017
2026-08-22 18:22:07 [error]: MongoDB error: connect ECONNREFUSED ::1:27017, connect ECONNREFUSED 127.0.0.1:27017
2026-08-22 18:22:12 [error]: ❌ MongoDB connection error (attempt 1): connect ECONNREFUSED ::1:27017, connect ECONNREFUSED 127.0.0.1:27017
2026-08-22 18:22:12 [error]: MongoDB error: connect ECONNREFUSED ::1:27017, connect ECONNREFUSED 127.0.0.1:27017
2026-08-22 18:22:17 [error]: ❌ MongoDB connection error (attempt 1): connect ECONNREFUSED ::1:27017, connect ECONNREFUSED 127.0.0.1:27017
2026-08-22 18:22:17 [error]: MongoDB error: connect ECONNREFUSED ::1:27017, connect ECONNREFUSED 127.0.0.1:27017
2026-08-22 18:22:22 [error]: ❌ MongoDB connection error (attempt 1): connect ECONNREFUSED ::1:27017, connect ECONNREFUSED 127.0.0.1:27017
2026-08-22 18:22:22 [error]: MongoDB error: connect ECONNREFUSED ::1:27017, connect ECONNREFUSED 127.0.0.1:27017
2026-08-22 18:22:27 [error]: ❌ MongoDB connection error (attempt 1): connect ECONNREFUSED ::1:27017, connect ECONNREFUSED 127.0.0.1:27017
2026-08-22 18:22:27 [error]: MongoDB error: connect ECONNREFUSED ::1:27017, connect ECONNREFUSED 127.0.0.1:27017
2026-08-22 18:22:32 [error]: ❌ MongoDB connection error (attempt 1): connect ECONNREFUSED ::1:27017, connect ECONNREFUSED 127.0.0.1:27017
2026-08-22 18:22:32 [error]: MongoDB error: connect ECONNREFUSED ::1:27017, connect ECONNREFUSED 127.0.0.1:27017
2026-08-22 18:22:37 [error]: ❌ MongoDB connection error (attempt 1): connect ECONNREFUSED ::1:27017, connect ECONNREFUSED 127.0.0.1:27017
2026-08-22 18:22:37 [error]: MongoDB error: connect ECONNREFUSED ::1:27017, connect ECONNREFUSED 127.0.0.1:27017
2026-08-22 18:22:42 [error]: ❌ MongoDB connection error (attempt 1): connect ECONNREFUSED ::1:27017, connect ECONNREFUSED 127.0.0.1:27017
2026-08-22 18:22:42 [error]: MongoDB error: connect ECONNREFUSED ::1:27017, connect ECONNREFUSED 127.0.0.1:27017
2026-08-22 18:22:47 [error]: ❌ MongoDB connection error (attempt 1): connect ECONNREFUSED ::1:27017, connect ECONNREFUSED 127.0.0.1:27017
2026-08-22 18:22:47 [error]: MongoDB error: connect ECONNREFUSED ::1:27017, connect ECONNREFUSED 127.0.0.1:27017
2026-08-22 18:22:52 [error]: ❌ MongoDB connection error (attempt 1): connect ECONNREFUSED ::1:27017, connect ECONNREFUSED 127.0.0.1:27017
2026-08-22 18:22:52 [error]: MongoDB error: connect ECONNREFUSED ::1:27017, connect ECONNREFUSED 127.0.0.1:27017
2026-08-22 18:22:57 [error]: ❌ MongoDB connection error (attempt 1): connect ECONNREFUSED ::1:27017, connect ECONNREFUSED 127.0.0.1:27017
2026-08-22 18:22:57 [error]: MongoDB error: connect ECONNREFUSED ::1:27017, connect ECONNREFUSED 127.0.0.1:27017
2026-08-22 18:23:02 [error]: ❌ MongoDB connection error (attempt 1): connect ECONNREFUSED ::1:27017, connect ECONNREFUSED 127.0.0.1:27017
2026-08-22 18:23:02 [error]: MongoDB error: connect ECONNREFUSED ::1:27017, connect ECONNREFUSED 127.0.0.1:27017
2026-08-22 18:23:07 [error]: ❌ MongoDB connection error (attempt 1): connect ECONNREFUSED ::1:27017, connect ECONNREFUSED 127.0.0.1:27017
2026-08-22 18:23:07 [error]: MongoDB error: connect ECONNREFUSED ::1:27017, connect ECONNREFUSED 127.0.0.1:27017
2026-08-22 18:23:12 [error]: ❌ MongoDB connection error (attempt 1): connect ECONNREFUSED ::1:27017, connect ECONNREFUSED 127.0.0.1:27017
2026-08-22 18:23:12 [error]: MongoDB error: connect ECONNREFUSED ::1:27017, connect ECONNREFUSED 127.0.0.1:27017
2026-08-23 12:37:50 [error]: Uncaught Exception: EPIPE: broken pipe, write
2026-08-23 19:05:53 [error]: ❌ MongoDB connection error (attempt 1): connect ECONNREFUSED ::1:27017, connect ECONNREFUSED 127.0.0.1:27017
2026-08-23 19:05:53 [error]: MongoDB error: connect ECONNREFUSED ::1:27017, connect ECONNREFUSED 127.0.0.1:27017
2026-08-23 19:05:58 [error]: ❌ MongoDB connection error (attempt 2): connect ECONNREFUSED ::1:27017, connect ECONNREFUSED 127.0.0.1:27017
2026-08-23 19:05:58 [error]: MongoDB error: connect ECONNREFUSED ::1:27017, connect ECONNREFUSED 127.0.0.1:27017
2026-08-23 19:06:03 [error]: ❌ MongoDB connection error (attempt 1): connect ECONNREFUSED ::1:27017, connect ECONNREFUSED 127.0.0.1:27017
2026-08-23 19:06:03 [error]: MongoDB error: connect ECONNREFUSED ::1:27017, connect ECONNREFUSED 127.0.0.1:27017
2026-08-23 19:06:08 [error]: ❌ MongoDB connection error (attempt 1): connect ECONNREFUSED ::1:27017, connect ECONNREFUSED 127.0.0.1:27017
2026-08-23 19:06:08 [error]: MongoDB error: connect ECONNREFUSED ::1:27017, connect ECONNREFUSED 127.0.0.1:27017
2026-08-23 19:06:13 [error]: ❌ MongoDB connection error (attempt 1): connect ECONNREFUSED ::1:27017, connect ECONNREFUSED 127.0.0.1:27017
2026-08-23 19:06:13 [error]: MongoDB error: connect ECONNREFUSED ::1:27017, connect ECONNREFUSED 127.0.0.1:27017
2026-08-23 19:06:18 [error]: ❌ MongoDB connection error (attempt 1): connect ECONNREFUSED ::1:27017, connect ECONNREFUSED 127.0.0.1:27017
2026-08-23 19:06:18 [error]: MongoDB error: connect ECONNREFUSED ::1:27017, connect ECONNREFUSED 127.0.0.1:27017
2026-08-23 19:06:23 [error]: ❌ MongoDB connection error (attempt 1): connect ECONNREFUSED ::1:27017, connect ECONNREFUSED 127.0.0.1:27017
2026-08-23 19:06:23 [error]: MongoDB error: connect ECONNREFUSED ::1:27017, connect ECONNREFUSED 127.0.0.1:27017
2026-08-23 19:06:28 [error]: ❌ MongoDB connection error (attempt 1): connect ECONNREFUSED ::1:27017, connect ECONNREFUSED 127.0.0.1:27017
2026-08-23 19:06:28 [error]: MongoDB error: connect ECONNREFUSED ::1:27017, connect ECONNREFUSED 127.0.0.1:27017
2026-08-23 19:06:33 [error]: ❌ MongoDB connection error (attempt 1): connect ECONNREFUSED ::1:27017, connect ECONNREFUSED 127.0.0.1:27017
2026-08-23 19:06:33 [error]: MongoDB error: connect ECONNREFUSED ::1:27017, connect ECONNREFUSED 127.0.0.1:27017
2026-08-23 19:06:38 [error]: ❌ MongoDB connection error (attempt 1): connect ECONNREFUSED ::1:27017, connect ECONNREFUSED 127.0.0.1:27017
2026-08-23 19:06:38 [error]: MongoDB error: connect ECONNREFUSED ::1:27017, connect ECONNREFUSED 127.0.0.1:27017
2026-08-23 19:06:43 [error]: ❌ MongoDB connection error (attempt 1): connect ECONNREFUSED ::1:27017, connect ECONNREFUSED 127.0.0.1:27017
2026-08-23 19:06:43 [error]: MongoDB error: connect ECONNREFUSED ::1:27017, connect ECONNREFUSED 127.0.0.1:27017
2026-08-23 19:06:48 [error]: ❌ MongoDB connection error (attempt 1): connect ECONNREFUSED ::1:27017, connect ECONNREFUSED 127.0.0.1:27017
2026-08-23 19:06:48 [error]: MongoDB error: connect ECONNREFUSED ::1:27017, connect ECONNREFUSED 127.0.0.1:27017
2026-08-23 19:06:53 [error]: ❌ MongoDB connection error (attempt 1): connect ECONNREFUSED ::1:27017, connect ECONNREFUSED 127.0.0.1:27017
2026-08-23 19:06:53 [error]: MongoDB error: connect ECONNREFUSED ::1:27017, connect ECONNREFUSED 127.0.0.1:27017
2026-08-24 19:46:09 [error]: Error sending queue snapshot: Queue is not defined
2026-08-24 19:46:09 [error]: Error sending queue snapshot: Queue is not defined
2026-08-24 19:46:09 [error]: Error sending queue snapshot: Queue is not defined
2026-08-24 19:46:09 [error]: Error sending queue snapshot: Queue is not defined
2026-08-24 19:46:09 [error]: Error sending queue snapshot: Queue is not defined
2026-08-24 19:46:09 [error]: Error sending queue snapshot: Queue is not defined
2026-08-24 19:46:42 [error]: Error sending queue snapshot: Queue is not defined
2026-08-24 19:46:42 [error]: Error sending queue snapshot: Queue is not defined
2026-08-24 19:46:42 [error]: Error sending queue snapshot: Queue is not defined
2026-08-24 19:46:42 [error]: Error sending queue snapshot: Queue is not defined
2026-08-24 19:46:42 [error]: Error sending queue snapshot: Queue is not defined
2026-08-24 19:46:42 [error]: Error sending queue snapshot: Queue is not defined
2026-08-24 19:47:16 [error]: Error sending queue snapshot: Queue is not defined
2026-08-24 19:47:16 [error]: Error sending queue snapshot: Queue is not defined
2026-08-24 19:47:16 [error]: Error sending queue snapshot: Queue is not defined
2026-08-24 19:47:16 [error]: Error sending queue snapshot: Queue is not defined
2026-08-24 19:47:16 [error]: Error sending queue snapshot: Queue is not defined
2026-08-24 19:47:16 [error]: Error sending queue snapshot: Queue is not defined
2026-08-24 19:47:36 [error]: Error sending queue snapshot: Queue is not defined
2026-08-24 19:47:36 [error]: Error sending queue snapshot: Queue is not defined
2026-08-24 19:47:36 [error]: Error sending queue snapshot: Queue is not defined
2026-08-24 19:47:36 [error]: Error sending queue snapshot: Queue is not defined
2026-08-24 19:47:36 [error]: Error sending queue snapshot: Queue is not defined
2026-08-24 19:47:36 [error]: Error sending queue snapshot: Queue is not defined
2026-08-24 19:47:52 [error]: Error sending queue snapshot: Queue is not defined
2026-08-24 19:47:52 [error]: Error sending queue snapshot: Queue is not defined
2026-08-24 19:47:53 [error]: Error sending queue snapshot: Queue is not defined
2026-08-24 19:47:53 [error]: Error sending queue snapshot: Queue is not defined
2026-08-24 19:47:53 [error]: Error sending queue snapshot: Queue is not defined
2026-08-24 19:47:53 [error]: Error sending queue snapshot: Queue is not defined
2026-08-24 19:48:18 [error]: Error sending queue snapshot: Queue is not defined
2026-08-24 19:48:18 [error]: Error sending queue snapshot: Queue is not defined
2026-08-24 19:48:18 [error]: Error sending queue snapshot: Queue is not defined
2026-08-24 19:48:18 [error]: Error sending queue snapshot: Queue is not defined
2026-08-24 19:48:18 [error]: Error sending queue snapshot: Queue is not defined
2026-08-24 19:48:18 [error]: Error sending queue snapshot: Queue is not defined
2026-08-26 16:26:12 [error]: Error sending queue snapshot: Queue is not defined
2026-08-26 16:26:12 [error]: Error sending queue snapshot: Queue is not defined
2026-08-26 16:26:12 [error]: Error sending queue snapshot: Queue is not defined
2026-08-26 16:26:12 [error]: Error sending queue snapshot: Queue is not defined
2026-08-26 16:26:13 [error]: Error sending queue snapshot: Queue is not defined
2026-08-26 16:26:13 [error]: Error sending queue snapshot: Queue is not defined
2026-08-26 16:27:12 [error]: Error sending queue snapshot: Queue is not defined
2026-08-26 16:27:12 [error]: Error sending queue snapshot: Queue is not defined
2026-08-26 16:27:12 [error]: Error sending queue snapshot: Queue is not defined
2026-08-26 16:27:12 [error]: Error sending queue snapshot: Queue is not defined
2026-08-26 16:27:12 [error]: Error sending queue snapshot: Queue is not defined
2026-08-26 16:27:12 [error]: Error sending queue snapshot: Queue is not defined
2026-08-26 16:27:33 [error]: Error sending queue snapshot: Queue is not defined
2026-08-26 16:27:33 [error]: Error sending queue snapshot: Queue is not defined
2026-08-26 16:27:33 [error]: Error sending queue snapshot: Queue is not defined
2026-08-26 16:27:33 [error]: Error sending queue snapshot: Queue is not defined
2026-08-26 16:29:02 [error]: Error sending queue snapshot: Queue is not defined
2026-08-26 16:29:02 [error]: Error sending queue snapshot: Queue is not defined
2026-08-26 16:29:02 [error]: Error sending queue snapshot: Queue is not defined
2026-08-26 16:29:02 [error]: Error sending queue snapshot: Queue is not defined
2026-08-26 16:29:02 [error]: Error sending queue snapshot: Queue is not defined
2026-08-26 16:29:02 [error]: Error sending queue snapshot: Queue is not defined
2026-08-26 16:30:53 [error]: Error sending queue snapshot: Queue is not defined
2026-08-26 16:30:53 [error]: Error sending queue snapshot: Queue is not defined
2026-08-26 16:30:53 [error]: Error sending queue snapshot: Queue is not defined
2026-08-26 16:30:53 [error]: Error sending queue snapshot: Queue is not defined
2026-08-26 16:30:53 [error]: Error sending queue snapshot: Queue is not defined
2026-08-26 16:30:53 [error]: Error sending queue snapshot: Queue is not defined
2026-08-26 16:35:06 [error]: Error sending queue snapshot: Queue is not defined
2026-08-26 16:35:06 [error]: Error sending queue snapshot: Queue is not defined
2026-08-26 16:35:06 [error]: Error sending queue snapshot: Queue is not defined
2026-08-26 16:35:06 [error]: Error sending queue snapshot: Queue is not defined
2026-08-26 16:35:45 [error]: Error sending queue snapshot: Queue is not defined
2026-08-26 16:35:45 [error]: Error sending queue snapshot: Queue is not defined
2026-08-26 16:35:45 [error]: Error sending queue snapshot: Queue is not defined
2026-08-26 16:35:45 [error]: Error sending queue snapshot: Queue is not defined
2026-08-26 16:37:15 [error]: Error sending queue snapshot: Queue is not defined
2026-08-26 16:37:15 [error]: Error sending queue snapshot: Queue is not defined
2026-08-26 16:37:15 [error]: Error sending queue snapshot: Queue is not defined
2026-08-26 16:37:15 [error]: Error sending queue snapshot: Queue is not defined
2026-08-26 16:39:56 [error]: Error sending queue snapshot: Queue is not defined
2026-08-26 16:39:56 [error]: Error sending queue snapshot: Queue is not defined
2026-08-26 16:39:56 [error]: Error sending queue snapshot: Queue is not defined
2026-08-26 16:39:56 [error]: Error sending queue snapshot: Queue is not defined
2026-08-26 16:39:58 [error]: Error sending queue snapshot: Queue is not defined
2026-08-26 16:39:58 [error]: Error sending queue snapshot: Queue is not defined
2026-08-26 16:39:59 [error]: Error sending queue snapshot: Queue is not defined
2026-08-26 16:39:59 [error]: Error sending queue snapshot: Queue is not defined
2026-08-26 16:41:06 [error]: Error sending queue snapshot: Queue is not defined
2026-08-26 16:41:06 [error]: Error sending queue snapshot: Queue is not defined
2026-08-26 16:41:06 [error]: Error sending queue snapshot: Queue is not defined
2026-08-26 16:41:06 [error]: Error sending queue snapshot: Queue is not defined
2026-08-26 16:49:56 [error]: Error sending queue snapshot: Queue is not defined
2026-08-26 16:49:56 [error]: Error sending queue snapshot: Queue is not defined
2026-08-26 16:49:56 [error]: Error sending queue snapshot: Queue is not defined
2026-08-26 16:49:56 [error]: Error sending queue snapshot: Queue is not defined
2026-08-26 16:49:57 [error]: Error sending queue snapshot: Queue is not defined
2026-08-26 16:49:57 [error]: Error sending queue snapshot: Queue is not defined
2026-08-26 16:53:18 [error]: Error sending queue snapshot: Queue is not defined
2026-08-26 16:53:18 [error]: Error sending queue snapshot: Queue is not defined
2026-08-26 16:53:19 [error]: Error sending queue snapshot: Queue is not defined
2026-08-26 16:53:19 [error]: Error sending queue snapshot: Queue is not defined
2026-08-26 16:58:37 [error]: Error sending queue snapshot: Queue is not defined
2026-08-26 16:58:37 [error]: Error sending queue snapshot: Queue is not defined
2026-08-26 16:58:37 [error]: Error sending queue snapshot: Queue is not defined
2026-08-26 16:58:37 [error]: Error sending queue snapshot: Queue is not defined
2026-08-26 16:58:37 [error]: Error sending queue snapshot: Queue is not defined
2026-08-26 16:58:37 [error]: Error sending queue snapshot: Queue is not defined
2026-08-26 17:04:22 [error]: Error sending queue snapshot: Queue is not defined
2026-08-26 17:04:22 [error]: Error sending queue snapshot: Queue is not defined
2026-08-26 17:04:22 [error]: Error sending queue snapshot: Queue is not defined
2026-08-26 17:04:22 [error]: Error sending queue snapshot: Queue is not defined
2026-08-26 17:04:22 [error]: Error sending queue snapshot: Queue is not defined
2026-08-26 17:04:22 [error]: Error sending queue snapshot: Queue is not defined
2026-08-26 17:05:38 [error]: Error sending queue snapshot: Queue is not defined
2026-08-26 17:05:38 [error]: Error sending queue snapshot: Queue is not defined
2026-08-26 17:06:48 [error]: Error sending queue snapshot: Queue is not defined
2026-08-26 17:06:48 [error]: Error sending queue snapshot: Queue is not defined
2026-08-26 17:06:48 [error]: Error sending queue snapshot: Queue is not defined
2026-08-26 17:06:48 [error]: Error sending queue snapshot: Queue is not defined
2026-08-26 17:06:48 [error]: Error sending queue snapshot: Queue is not defined
2026-08-26 17:06:48 [error]: Error sending queue snapshot: Queue is not defined
2026-08-26 17:07:56 [error]: Error sending queue snapshot: Queue is not defined
2026-08-26 17:07:56 [error]: Error sending queue snapshot: Queue is not defined
2026-08-26 17:07:57 [error]: Error sending queue snapshot: Queue is not defined
2026-08-26 17:07:57 [error]: Error sending queue snapshot: Queue is not defined
2026-08-26 17:11:29 [error]: Error sending queue snapshot: Queue is not defined
2026-08-26 17:11:29 [error]: Error sending queue snapshot: Queue is not defined
2026-08-26 17:12:35 [error]: Error sending queue snapshot: Queue is not defined
2026-08-26 17:12:35 [error]: Error sending queue snapshot: Queue is not defined
2026-08-26 17:12:35 [error]: Error sending queue snapshot: Queue is not defined
2026-08-26 17:12:35 [error]: Error sending queue snapshot: Queue is not defined
2026-08-26 17:13:13 [error]: Error sending queue snapshot: Queue is not defined
2026-08-26 17:13:13 [error]: Error sending queue snapshot: Queue is not defined
2026-08-26 17:13:13 [error]: Error sending queue snapshot: Queue is not defined
2026-08-26 17:13:13 [error]: Error sending queue snapshot: Queue is not defined
2026-08-26 17:13:13 [error]: Error sending queue snapshot: Queue is not defined
2026-08-26 17:13:13 [error]: Error sending queue snapshot: Queue is not defined
2026-08-26 17:18:19 [error]: Error sending queue snapshot: Queue is not defined
2026-08-26 17:18:19 [error]: Error sending queue snapshot: Queue is not defined
2026-08-26 17:18:19 [error]: Error sending queue snapshot: Queue is not defined
2026-08-26 17:18:19 [error]: Error sending queue snapshot: Queue is not defined
2026-08-26 17:18:19 [error]: Error sending queue snapshot: Queue is not defined
2026-08-26 17:18:19 [error]: Error sending queue snapshot: Queue is not defined
2026-08-26 17:18:32 [error]: Error sending queue snapshot: Queue is not defined
2026-08-26 17:18:32 [error]: Error sending queue snapshot: Queue is not defined
2026-08-26 17:18:32 [error]: Error sending queue snapshot: Queue is not defined
2026-08-26 17:18:32 [error]: Error sending queue snapshot: Queue is not defined
2026-08-26 17:18:37 [error]: Error sending queue snapshot: Queue is not defined
2026-08-26 17:18:37 [error]: Error sending queue snapshot: Queue is not defined
2026-08-26 17:18:37 [error]: Error sending queue snapshot: Queue is not defined
2026-08-26 17:18:37 [error]: Error sending queue snapshot: Queue is not defined
2026-08-26 17:18:50 [error]: Error sending queue snapshot: Queue is not defined
2026-08-26 17:18:50 [error]: Error sending queue snapshot: Queue is not defined
2026-08-26 17:18:50 [error]: Error sending queue snapshot: Queue is not defined
2026-08-26 17:18:50 [error]: Error sending queue snapshot: Queue is not defined
2026-08-26 17:18:50 [error]: Error sending queue snapshot: Queue is not defined
2026-08-26 17:18:50 [error]: Error sending queue snapshot: Queue is not defined
2026-08-26 17:22:49 [error]: Error sending queue snapshot: Queue is not defined
2026-08-26 17:22:49 [error]: Error sending queue snapshot: Queue is not defined
2026-08-26 17:22:49 [error]: Error sending queue snapshot: Queue is not defined
2026-08-26 17:22:49 [error]: Error sending queue snapshot: Queue is not defined
2026-08-26 17:22:49 [error]: Error sending queue snapshot: Queue is not defined
2026-08-26 17:22:49 [error]: Error sending queue snapshot: Queue is not defined
2026-08-26 17:23:00 [error]: Error sending queue snapshot: Queue is not defined
2026-08-26 17:23:00 [error]: Error sending queue snapshot: Queue is not defined
2026-08-26 17:23:00 [error]: Error sending queue snapshot: Queue is not defined
2026-08-26 17:23:00 [error]: Error sending queue snapshot: Queue is not defined
2026-08-26 22:41:54 [error]: Error sending queue snapshot: Queue is not defined
2026-08-26 22:41:54 [error]: Error sending queue snapshot: Queue is not defined
2026-08-26 22:41:54 [error]: Error sending queue snapshot: Queue is not defined
2026-08-26 22:41:54 [error]: Error sending queue snapshot: Queue is not defined
2026-08-26 22:41:54 [error]: Error sending queue snapshot: Queue is not defined
2026-08-26 22:41:54 [error]: Error sending queue snapshot: Queue is not defined
2026-08-27 11:29:09 [error]: Error sending queue snapshot: Queue is not defined
2026-08-27 11:29:09 [error]: Error sending queue snapshot: Queue is not defined
2026-08-27 11:29:09 [error]: Error sending queue snapshot: Queue is not defined
2026-08-27 11:29:09 [error]: Error sending queue snapshot: Queue is not defined
2026-08-27 11:29:09 [error]: Error sending queue snapshot: Queue is not defined
2026-08-27 11:29:09 [error]: Error sending queue snapshot: Queue is not defined
2026-08-27 11:32:33 [error]: Error sending queue snapshot: Queue is not defined
2026-08-27 11:32:33 [error]: Error sending queue snapshot: Queue is not defined
2026-08-27 11:32:34 [error]: Error sending queue snapshot: Queue is not defined
2026-08-27 11:32:34 [error]: Error sending queue snapshot: Queue is not defined
2026-08-27 11:32:34 [error]: Error sending queue snapshot: Queue is not defined
2026-08-27 11:32:34 [error]: Error sending queue snapshot: Queue is not defined
2026-08-27 11:33:53 [error]: Error sending queue snapshot: Queue is not defined
2026-08-27 11:33:53 [error]: Error sending queue snapshot: Queue is not defined
2026-08-27 11:33:53 [error]: Error sending queue snapshot: Queue is not defined
2026-08-27 11:33:53 [error]: Error sending queue snapshot: Queue is not defined
2026-08-27 11:35:32 [error]: Error sending queue snapshot: Queue is not defined
2026-08-27 11:35:32 [error]: Error sending queue snapshot: Queue is not defined
2026-08-27 11:35:32 [error]: Error sending queue snapshot: Queue is not defined
2026-08-27 11:35:32 [error]: Error sending queue snapshot: Queue is not defined
2026-08-27 11:35:51 [error]: Error sending queue snapshot: Queue is not defined
2026-08-27 11:35:51 [error]: Error sending queue snapshot: Queue is not defined
2026-08-27 11:35:51 [error]: Error sending queue snapshot: Queue is not defined
2026-08-27 11:35:51 [error]: Error sending queue snapshot: Queue is not defined
2026-08-27 11:36:15 [error]: Error sending queue snapshot: Queue is not defined
2026-08-27 11:36:15 [error]: Error sending queue snapshot: Queue is not defined
2026-08-27 11:36:15 [error]: Error sending queue snapshot: Queue is not defined
2026-08-27 11:36:15 [error]: Error sending queue snapshot: Queue is not defined
2026-08-27 11:37:32 [error]: Error sending queue snapshot: Queue is not defined
2026-08-27 11:37:32 [error]: Error sending queue snapshot: Queue is not defined
2026-08-27 11:37:32 [error]: Error sending queue snapshot: Queue is not defined
2026-08-27 11:37:32 [error]: Error sending queue snapshot: Queue is not defined
2026-08-27 11:38:14 [error]: Error sending queue snapshot: Queue is not defined
2026-08-27 11:38:14 [error]: Error sending queue snapshot: Queue is not defined
2026-08-27 11:38:14 [error]: Error sending queue snapshot: Queue is not defined
2026-08-27 11:38:14 [error]: Error sending queue snapshot: Queue is not defined
2026-08-27 11:38:14 [error]: Error sending queue snapshot: Queue is not defined
2026-08-27 11:38:14 [error]: Error sending queue snapshot: Queue is not defined
2026-08-27 12:02:28 [error]: Error sending queue snapshot: Queue is not defined
2026-08-27 12:02:28 [error]: Error sending queue snapshot: Queue is not defined
2026-08-27 12:02:29 [error]: Error sending queue snapshot: Queue is not defined
2026-08-27 12:02:29 [error]: Error sending queue snapshot: Queue is not defined
2026-08-27 16:26:07 [error]: ❌ MongoDB connection error (attempt 1): connect ECONNREFUSED ::1:27017, connect ECONNREFUSED 127.0.0.1:27017
2026-08-27 16:26:07 [error]: MongoDB error: connect ECONNREFUSED ::1:27017, connect ECONNREFUSED 127.0.0.1:27017
2026-08-27 16:26:12 [error]: ❌ MongoDB connection error (attempt 2): connect ECONNREFUSED ::1:27017, connect ECONNREFUSED 127.0.0.1:27017
2026-08-27 16:26:12 [error]: MongoDB error: connect ECONNREFUSED ::1:27017, connect ECONNREFUSED 127.0.0.1:27017
2026-08-27 16:26:17 [error]: ❌ MongoDB connection error (attempt 1): connect ECONNREFUSED ::1:27017, connect ECONNREFUSED 127.0.0.1:27017
2026-08-27 16:26:17 [error]: MongoDB error: connect ECONNREFUSED ::1:27017, connect ECONNREFUSED 127.0.0.1:27017
2026-08-27 16:26:22 [error]: ❌ MongoDB connection error (attempt 1): connect ECONNREFUSED ::1:27017, connect ECONNREFUSED 127.0.0.1:27017
2026-08-27 16:26:22 [error]: MongoDB error: connect ECONNREFUSED ::1:27017, connect ECONNREFUSED 127.0.0.1:27017
2026-08-27 16:26:27 [error]: ❌ MongoDB connection error (attempt 1): connect ECONNREFUSED ::1:27017, connect ECONNREFUSED 127.0.0.1:27017
2026-08-27 16:26:27 [error]: MongoDB error: connect ECONNREFUSED ::1:27017, connect ECONNREFUSED 127.0.0.1:27017
2026-08-27 16:26:32 [error]: ❌ MongoDB connection error (attempt 1): connect ECONNREFUSED ::1:27017, connect ECONNREFUSED 127.0.0.1:27017
2026-08-27 16:26:32 [error]: MongoDB error: connect ECONNREFUSED ::1:27017, connect ECONNREFUSED 127.0.0.1:27017
2026-08-27 16:26:37 [error]: ❌ MongoDB connection error (attempt 1): connect ECONNREFUSED ::1:27017, connect ECONNREFUSED 127.0.0.1:27017
2026-08-27 16:26:37 [error]: MongoDB error: connect ECONNREFUSED ::1:27017, connect ECONNREFUSED 127.0.0.1:27017
2026-08-27 16:26:42 [error]: ❌ MongoDB connection error (attempt 1): connect ECONNREFUSED ::1:27017, connect ECONNREFUSED 127.0.0.1:27017
2026-08-27 16:26:42 [error]: MongoDB error: connect ECONNREFUSED ::1:27017, connect ECONNREFUSED 127.0.0.1:27017
2026-08-27 16:26:47 [error]: ❌ MongoDB connection error (attempt 1): connect ECONNREFUSED ::1:27017, connect ECONNREFUSED 127.0.0.1:27017
2026-08-27 16:26:47 [error]: MongoDB error: connect ECONNREFUSED ::1:27017, connect ECONNREFUSED 127.0.0.1:27017
2026-08-27 16:26:52 [error]: ❌ MongoDB connection error (attempt 1): connect ECONNREFUSED ::1:27017, connect ECONNREFUSED 127.0.0.1:27017
2026-08-27 16:26:52 [error]: MongoDB error: connect ECONNREFUSED ::1:27017, connect ECONNREFUSED 127.0.0.1:27017
2026-08-27 16:26:57 [error]: ❌ MongoDB connection error (attempt 1): connect ECONNREFUSED ::1:27017, connect ECONNREFUSED 127.0.0.1:27017
2026-08-27 16:26:57 [error]: MongoDB error: connect ECONNREFUSED ::1:27017, connect ECONNREFUSED 127.0.0.1:27017
2026-08-27 16:27:02 [error]: ❌ MongoDB connection error (attempt 1): connect ECONNREFUSED ::1:27017, connect ECONNREFUSED 127.0.0.1:27017
2026-08-27 16:27:02 [error]: MongoDB error: connect ECONNREFUSED ::1:27017, connect ECONNREFUSED 127.0.0.1:27017
2026-08-27 16:27:07 [error]: ❌ MongoDB connection error (attempt 1): connect ECONNREFUSED ::1:27017, connect ECONNREFUSED 127.0.0.1:27017
2026-08-27 16:27:07 [error]: MongoDB error: connect ECONNREFUSED ::1:27017, connect ECONNREFUSED 127.0.0.1:27017
2026-08-27 16:27:12 [error]: ❌ MongoDB connection error (attempt 1): connect ECONNREFUSED ::1:27017, connect ECONNREFUSED 127.0.0.1:27017
2026-08-27 16:27:12 [error]: MongoDB error: connect ECONNREFUSED ::1:27017, connect ECONNREFUSED 127.0.0.1:27017
2026-08-27 16:27:17 [error]: WhatsApp worker failed: Operation `tokens.find()` buffering timed out after 10000ms
2026-08-27 16:27:17 [error]: ❌ MongoDB connection error (attempt 1): connect ECONNREFUSED ::1:27017, connect ECONNREFUSED 127.0.0.1:27017
2026-08-27 16:27:17 [error]: MongoDB error: connect ECONNREFUSED ::1:27017, connect ECONNREFUSED 127.0.0.1:27017
2026-08-27 16:27:20 [error]: MongooseError: Operation `businesses.find()` buffering timed out after 10000ms
    at Timeout.<anonymous> (C:\Users\Muhammad Aurangzaib\Desktop\Queue-mangment\smart-queue-backend\node_modules\mongoose\lib\drivers\node-mongodb-native\collection.js:187:23)
    at listOnTimeout (node:internal/timers:588:17)
    at process.processTimers (node:internal/timers:523:7)
2026-08-27 16:27:22 [error]: ❌ MongoDB connection error (attempt 1): connect ECONNREFUSED ::1:27017, connect ECONNREFUSED 127.0.0.1:27017
2026-08-27 16:27:22 [error]: MongoDB error: connect ECONNREFUSED ::1:27017, connect ECONNREFUSED 127.0.0.1:27017
2026-08-27 16:27:27 [error]: ❌ MongoDB connection error (attempt 1): connect ECONNREFUSED ::1:27017, connect ECONNREFUSED 127.0.0.1:27017
2026-08-27 16:27:27 [error]: MongoDB error: connect ECONNREFUSED ::1:27017, connect ECONNREFUSED 127.0.0.1:27017
2026-08-27 16:27:30 [error]: MongooseError: Operation `businesses.find()` buffering timed out after 10000ms
    at Timeout.<anonymous> (C:\Users\Muhammad Aurangzaib\Desktop\Queue-mangment\smart-queue-backend\node_modules\mongoose\lib\drivers\node-mongodb-native\collection.js:187:23)
    at listOnTimeout (node:internal/timers:588:17)
    at process.processTimers (node:internal/timers:523:7)
2026-08-27 16:27:32 [error]: ❌ MongoDB connection error (attempt 1): connect ECONNREFUSED ::1:27017, connect ECONNREFUSED 127.0.0.1:27017
2026-08-27 16:27:32 [error]: MongoDB error: connect ECONNREFUSED ::1:27017, connect ECONNREFUSED 127.0.0.1:27017
2026-08-27 16:27:37 [error]: ❌ MongoDB connection error (attempt 1): connect ECONNREFUSED ::1:27017, connect ECONNREFUSED 127.0.0.1:27017
2026-08-27 16:27:37 [error]: MongoDB error: connect ECONNREFUSED ::1:27017, connect ECONNREFUSED 127.0.0.1:27017
2026-08-27 16:27:42 [error]: ❌ MongoDB connection error (attempt 1): connect ECONNREFUSED ::1:27017, connect ECONNREFUSED 127.0.0.1:27017
2026-08-27 16:27:42 [error]: MongoDB error: connect ECONNREFUSED ::1:27017, connect ECONNREFUSED 127.0.0.1:27017
2026-08-27 16:27:47 [error]: ❌ MongoDB connection error (attempt 1): connect ECONNREFUSED ::1:27017, connect ECONNREFUSED 127.0.0.1:27017
2026-08-27 16:27:47 [error]: MongoDB error: connect ECONNREFUSED ::1:27017, connect ECONNREFUSED 127.0.0.1:27017
2026-08-27 16:27:52 [error]: ❌ MongoDB connection error (attempt 1): connect ECONNREFUSED ::1:27017, connect ECONNREFUSED 127.0.0.1:27017
2026-08-27 16:27:52 [error]: MongoDB error: connect ECONNREFUSED ::1:27017, connect ECONNREFUSED 127.0.0.1:27017
2026-08-27 16:27:57 [error]: ❌ MongoDB connection error (attempt 1): connect ECONNREFUSED ::1:27017, connect ECONNREFUSED 127.0.0.1:27017
2026-08-27 16:27:57 [error]: MongoDB error: connect ECONNREFUSED ::1:27017, connect ECONNREFUSED 127.0.0.1:27017
2026-08-27 16:28:02 [error]: ❌ MongoDB connection error (attempt 1): connect ECONNREFUSED ::1:27017, connect ECONNREFUSED 127.0.0.1:27017
2026-08-27 16:28:02 [error]: MongoDB error: connect ECONNREFUSED ::1:27017, connect ECONNREFUSED 127.0.0.1:27017
2026-08-27 16:28:07 [error]: ❌ MongoDB connection error (attempt 1): connect ECONNREFUSED ::1:27017, connect ECONNREFUSED 127.0.0.1:27017
2026-08-27 16:28:07 [error]: MongoDB error: connect ECONNREFUSED ::1:27017, connect ECONNREFUSED 127.0.0.1:27017
2026-08-27 16:28:12 [error]: ❌ MongoDB connection error (attempt 1): connect ECONNREFUSED ::1:27017, connect ECONNREFUSED 127.0.0.1:27017
2026-08-27 16:28:12 [error]: MongoDB error: connect ECONNREFUSED ::1:27017, connect ECONNREFUSED 127.0.0.1:27017
2026-08-27 16:28:17 [error]: WhatsApp worker failed: Operation `tokens.find()` buffering timed out after 10000ms
2026-08-27 16:28:17 [error]: ❌ MongoDB connection error (attempt 1): connect ECONNREFUSED ::1:27017, connect ECONNREFUSED 127.0.0.1:27017
2026-08-27 16:28:17 [error]: MongoDB error: connect ECONNREFUSED ::1:27017, connect ECONNREFUSED 127.0.0.1:27017
2026-08-27 16:28:22 [error]: ❌ MongoDB connection error (attempt 1): connect ECONNREFUSED ::1:27017, connect ECONNREFUSED 127.0.0.1:27017
2026-08-27 16:28:22 [error]: MongoDB error: connect ECONNREFUSED ::1:27017, connect ECONNREFUSED 127.0.0.1:27017
2026-08-27 16:28:27 [error]: ❌ MongoDB connection error (attempt 1): connect ECONNREFUSED ::1:27017, connect ECONNREFUSED 127.0.0.1:27017
2026-08-27 16:28:27 [error]: MongoDB error: connect ECONNREFUSED ::1:27017, connect ECONNREFUSED 127.0.0.1:27017
2026-08-27 16:28:28 [error]: MongooseError: Operation `businesses.find()` buffering timed out after 10000ms
    at Timeout.<anonymous> (C:\Users\Muhammad Aurangzaib\Desktop\Queue-mangment\smart-queue-backend\node_modules\mongoose\lib\drivers\node-mongodb-native\collection.js:187:23)
    at listOnTimeout (node:internal/timers:588:17)
    at process.processTimers (node:internal/timers:523:7)
2026-08-27 16:28:32 [error]: ❌ MongoDB connection error (attempt 1): connect ECONNREFUSED ::1:27017, connect ECONNREFUSED 127.0.0.1:27017
2026-08-27 16:28:32 [error]: MongoDB error: connect ECONNREFUSED ::1:27017, connect ECONNREFUSED 127.0.0.1:27017
2026-08-27 16:28:37 [error]: ❌ MongoDB connection error (attempt 1): connect ECONNREFUSED ::1:27017, connect ECONNREFUSED 127.0.0.1:27017
2026-08-27 16:28:37 [error]: MongoDB error: connect ECONNREFUSED ::1:27017, connect ECONNREFUSED 127.0.0.1:27017
2026-08-27 16:28:38 [error]: MongooseError: Operation `businesses.find()` buffering timed out after 10000ms
    at Timeout.<anonymous> (C:\Users\Muhammad Aurangzaib\Desktop\Queue-mangment\smart-queue-backend\node_modules\mongoose\lib\drivers\node-mongodb-native\collection.js:187:23)
    at listOnTimeout (node:internal/timers:588:17)
    at process.processTimers (node:internal/timers:523:7)
2026-08-27 16:28:42 [error]: ❌ MongoDB connection error (attempt 1): connect ECONNREFUSED ::1:27017, connect ECONNREFUSED 127.0.0.1:27017
2026-08-27 16:28:42 [error]: MongoDB error: connect ECONNREFUSED ::1:27017, connect ECONNREFUSED 127.0.0.1:27017
2026-08-27 16:28:47 [error]: ❌ MongoDB connection error (attempt 1): connect ECONNREFUSED ::1:27017, connect ECONNREFUSED 127.0.0.1:27017
2026-08-27 16:28:47 [error]: MongoDB error: connect ECONNREFUSED ::1:27017, connect ECONNREFUSED 127.0.0.1:27017
2026-08-27 16:28:52 [error]: ❌ MongoDB connection error (attempt 1): connect ECONNREFUSED ::1:27017, connect ECONNREFUSED 127.0.0.1:27017
2026-08-27 16:28:52 [error]: MongoDB error: connect ECONNREFUSED ::1:27017, connect ECONNREFUSED 127.0.0.1:27017
2026-08-27 16:28:57 [error]: ❌ MongoDB connection error (attempt 1): connect ECONNREFUSED ::1:27017, connect ECONNREFUSED 127.0.0.1:27017
2026-08-27 16:28:57 [error]: MongoDB error: connect ECONNREFUSED ::1:27017, connect ECONNREFUSED 127.0.0.1:27017
2026-08-27 16:29:02 [error]: ❌ MongoDB connection error (attempt 1): connect ECONNREFUSED ::1:27017, connect ECONNREFUSED 127.0.0.1:27017
2026-08-27 16:29:02 [error]: MongoDB error: connect ECONNREFUSED ::1:27017, connect ECONNREFUSED 127.0.0.1:27017
2026-08-27 16:29:07 [error]: ❌ MongoDB connection error (attempt 1): connect ECONNREFUSED ::1:27017, connect ECONNREFUSED 127.0.0.1:27017
2026-08-27 16:29:07 [error]: MongoDB error: connect ECONNREFUSED ::1:27017, connect ECONNREFUSED 127.0.0.1:27017
2026-08-27 16:29:12 [error]: ❌ MongoDB connection error (attempt 1): connect ECONNREFUSED ::1:27017, connect ECONNREFUSED 127.0.0.1:27017
2026-08-27 16:29:12 [error]: MongoDB error: connect ECONNREFUSED ::1:27017, connect ECONNREFUSED 127.0.0.1:27017
2026-08-27 16:29:17 [error]: WhatsApp worker failed: Operation `tokens.find()` buffering timed out after 10000ms
2026-08-27 16:29:17 [error]: ❌ MongoDB connection error (attempt 1): connect ECONNREFUSED ::1:27017, connect ECONNREFUSED 127.0.0.1:27017
2026-08-27 16:29:17 [error]: MongoDB error: connect ECONNREFUSED ::1:27017, connect ECONNREFUSED 127.0.0.1:27017
2026-08-27 16:29:22 [error]: ❌ MongoDB connection error (attempt 1): connect ECONNREFUSED ::1:27017, connect ECONNREFUSED 127.0.0.1:27017
2026-08-27 16:29:22 [error]: MongoDB error: connect ECONNREFUSED ::1:27017, connect ECONNREFUSED 127.0.0.1:27017
2026-08-27 16:29:27 [error]: ❌ MongoDB connection error (attempt 1): connect ECONNREFUSED ::1:27017, connect ECONNREFUSED 127.0.0.1:27017
2026-08-27 16:29:27 [error]: MongoDB error: connect ECONNREFUSED ::1:27017, connect ECONNREFUSED 127.0.0.1:27017
2026-08-27 16:29:32 [error]: ❌ MongoDB connection error (attempt 1): connect ECONNREFUSED ::1:27017, connect ECONNREFUSED 127.0.0.1:27017
2026-08-27 16:29:32 [error]: MongoDB error: connect ECONNREFUSED ::1:27017, connect ECONNREFUSED 127.0.0.1:27017
2026-08-27 16:29:37 [error]: MongooseError: Operation `users.findOne()` buffering timed out after 10000ms
    at Timeout.<anonymous> (C:\Users\Muhammad Aurangzaib\Desktop\Queue-mangment\smart-queue-backend\node_modules\mongoose\lib\drivers\node-mongodb-native\collection.js:187:23)
    at listOnTimeout (node:internal/timers:588:17)
    at process.processTimers (node:internal/timers:523:7)
2026-08-27 16:29:37 [error]: ❌ MongoDB connection error (attempt 1): connect ECONNREFUSED ::1:27017, connect ECONNREFUSED 127.0.0.1:27017
2026-08-27 16:29:37 [error]: MongoDB error: connect ECONNREFUSED ::1:27017, connect ECONNREFUSED 127.0.0.1:27017
2026-08-27 16:29:42 [error]: ❌ MongoDB connection error (attempt 1): connect ECONNREFUSED ::1:27017, connect ECONNREFUSED 127.0.0.1:27017
2026-08-27 16:29:42 [error]: MongoDB error: connect ECONNREFUSED ::1:27017, connect ECONNREFUSED 127.0.0.1:27017
2026-08-27 16:29:47 [error]: ❌ MongoDB connection error (attempt 1): connect ECONNREFUSED ::1:27017, connect ECONNREFUSED 127.0.0.1:27017
2026-08-27 16:29:47 [error]: MongoDB error: connect ECONNREFUSED ::1:27017, connect ECONNREFUSED 127.0.0.1:27017
2026-08-27 16:29:52 [error]: ❌ MongoDB connection error (attempt 1): connect ECONNREFUSED ::1:27017, connect ECONNREFUSED 127.0.0.1:27017
2026-08-27 16:29:52 [error]: MongoDB error: connect ECONNREFUSED ::1:27017, connect ECONNREFUSED 127.0.0.1:27017
2026-08-27 16:29:57 [error]: ❌ MongoDB connection error (attempt 1): connect ECONNREFUSED ::1:27017, connect ECONNREFUSED 127.0.0.1:27017
2026-08-27 16:29:57 [error]: MongoDB error: connect ECONNREFUSED ::1:27017, connect ECONNREFUSED 127.0.0.1:27017
2026-08-27 16:30:02 [error]: ❌ MongoDB connection error (attempt 1): connect ECONNREFUSED ::1:27017, connect ECONNREFUSED 127.0.0.1:27017
2026-08-27 16:30:02 [error]: MongoDB error: connect ECONNREFUSED ::1:27017, connect ECONNREFUSED 127.0.0.1:27017
2026-08-27 16:30:07 [error]: ❌ MongoDB connection error (attempt 1): connect ECONNREFUSED ::1:27017, connect ECONNREFUSED 127.0.0.1:27017
2026-08-27 16:30:07 [error]: MongoDB error: connect ECONNREFUSED ::1:27017, connect ECONNREFUSED 127.0.0.1:27017
2026-08-27 16:30:09 [error]: MongooseError: Operation `users.findOne()` buffering timed out after 10000ms
    at Timeout.<anonymous> (C:\Users\Muhammad Aurangzaib\Desktop\Queue-mangment\smart-queue-backend\node_modules\mongoose\lib\drivers\node-mongodb-native\collection.js:187:23)
    at listOnTimeout (node:internal/timers:588:17)
    at process.processTimers (node:internal/timers:523:7)
2026-08-27 16:30:12 [error]: ❌ MongoDB connection error (attempt 1): connect ECONNREFUSED ::1:27017, connect ECONNREFUSED 127.0.0.1:27017
2026-08-27 16:30:12 [error]: MongoDB error: connect ECONNREFUSED ::1:27017, connect ECONNREFUSED 127.0.0.1:27017
2026-08-27 16:30:17 [error]: WhatsApp worker failed: Operation `tokens.find()` buffering timed out after 10000ms
2026-08-27 16:30:17 [error]: ❌ MongoDB connection error (attempt 1): connect ECONNREFUSED ::1:27017, connect ECONNREFUSED 127.0.0.1:27017
2026-08-27 16:30:17 [error]: MongoDB error: connect ECONNREFUSED ::1:27017, connect ECONNREFUSED 127.0.0.1:27017
2026-08-27 16:30:22 [error]: ❌ MongoDB connection error (attempt 1): connect ECONNREFUSED ::1:27017, connect ECONNREFUSED 127.0.0.1:27017
2026-08-27 16:30:22 [error]: MongoDB error: connect ECONNREFUSED ::1:27017, connect ECONNREFUSED 127.0.0.1:27017
2026-08-27 16:30:27 [error]: ❌ MongoDB connection error (attempt 1): connect ECONNREFUSED ::1:27017, connect ECONNREFUSED 127.0.0.1:27017
2026-08-27 16:30:27 [error]: MongoDB error: connect ECONNREFUSED ::1:27017, connect ECONNREFUSED 127.0.0.1:27017
2026-08-27 16:30:32 [error]: ❌ MongoDB connection error (attempt 1): connect ECONNREFUSED ::1:27017, connect ECONNREFUSED 127.0.0.1:27017
2026-08-27 16:30:32 [error]: MongoDB error: connect ECONNREFUSED ::1:27017, connect ECONNREFUSED 127.0.0.1:27017
2026-08-27 16:30:37 [error]: ❌ MongoDB connection error (attempt 1): connect ECONNREFUSED ::1:27017, connect ECONNREFUSED 127.0.0.1:27017
2026-08-27 16:30:37 [error]: MongoDB error: connect ECONNREFUSED ::1:27017, connect ECONNREFUSED 127.0.0.1:27017
2026-08-27 16:30:42 [error]: ❌ MongoDB connection error (attempt 1): connect ECONNREFUSED ::1:27017, connect ECONNREFUSED 127.0.0.1:27017
2026-08-27 16:30:42 [error]: MongoDB error: connect ECONNREFUSED ::1:27017, connect ECONNREFUSED 127.0.0.1:27017
2026-08-27 16:30:47 [error]: MongooseError: Operation `users.insertOne()` buffering timed out after 10000ms
    at Timeout.<anonymous> (C:\Users\Muhammad Aurangzaib\Desktop\Queue-mangment\smart-queue-backend\node_modules\mongoose\lib\drivers\node-mongodb-native\collection.js:187:23)
    at listOnTimeout (node:internal/timers:588:17)
    at process.processTimers (node:internal/timers:523:7)
2026-08-27 16:30:47 [error]: ❌ MongoDB connection error (attempt 1): connect ECONNREFUSED ::1:27017, connect ECONNREFUSED 127.0.0.1:27017
2026-08-27 16:30:47 [error]: MongoDB error: connect ECONNREFUSED ::1:27017, connect ECONNREFUSED 127.0.0.1:27017
2026-08-27 16:30:52 [error]: ❌ MongoDB connection error (attempt 1): connect ECONNREFUSED ::1:27017, connect ECONNREFUSED 127.0.0.1:27017
2026-08-27 16:30:52 [error]: MongoDB error: connect ECONNREFUSED ::1:27017, connect ECONNREFUSED 127.0.0.1:27017
2026-08-27 16:30:57 [error]: ❌ MongoDB connection error (attempt 1): connect ECONNREFUSED ::1:27017, connect ECONNREFUSED 127.0.0.1:27017
2026-08-27 16:30:57 [error]: MongoDB error: connect ECONNREFUSED ::1:27017, connect ECONNREFUSED 127.0.0.1:27017
2026-08-27 16:31:02 [error]: ❌ MongoDB connection error (attempt 1): connect ECONNREFUSED ::1:27017, connect ECONNREFUSED 127.0.0.1:27017
2026-08-27 16:31:02 [error]: MongoDB error: connect ECONNREFUSED ::1:27017, connect ECONNREFUSED 127.0.0.1:27017
2026-08-27 16:31:07 [error]: ❌ MongoDB connection error (attempt 1): connect ECONNREFUSED ::1:27017, connect ECONNREFUSED 127.0.0.1:27017
2026-08-27 16:31:07 [error]: MongoDB error: connect ECONNREFUSED ::1:27017, connect ECONNREFUSED 127.0.0.1:27017
2026-08-27 16:31:12 [error]: ❌ MongoDB connection error (attempt 1): connect ECONNREFUSED ::1:27017, connect ECONNREFUSED 127.0.0.1:27017
2026-08-27 16:31:12 [error]: MongoDB error: connect ECONNREFUSED ::1:27017, connect ECONNREFUSED 127.0.0.1:27017
2026-08-27 16:31:17 [error]: WhatsApp worker failed: Operation `tokens.find()` buffering timed out after 10000ms
2026-08-27 16:31:17 [error]: ❌ MongoDB connection error (attempt 1): connect ECONNREFUSED ::1:27017, connect ECONNREFUSED 127.0.0.1:27017
2026-08-27 16:31:17 [error]: MongoDB error: connect ECONNREFUSED ::1:27017, connect ECONNREFUSED 127.0.0.1:27017
2026-08-27 16:31:22 [error]: ❌ MongoDB connection error (attempt 1): connect ECONNREFUSED ::1:27017, connect ECONNREFUSED 127.0.0.1:27017
2026-08-27 16:31:22 [error]: MongoDB error: connect ECONNREFUSED ::1:27017, connect ECONNREFUSED 127.0.0.1:27017
2026-08-27 16:32:59 [error]: ❌ MongoDB connection error (attempt 1): connect ECONNREFUSED ::1:27017, connect ECONNREFUSED 127.0.0.1:27017
2026-08-27 16:32:59 [error]: MongoDB error: connect ECONNREFUSED ::1:27017, connect ECONNREFUSED 127.0.0.1:27017
2026-08-27 16:33:09 [error]: ❌ MongoDB connection error (attempt 2): connect ECONNREFUSED ::1:27017, connect ECONNREFUSED 127.0.0.1:27017
2026-08-27 16:33:09 [error]: MongoDB error: connect ECONNREFUSED ::1:27017, connect ECONNREFUSED 127.0.0.1:27017
2026-08-27 16:33:19 [error]: ❌ MongoDB connection error (attempt 3): connect ECONNREFUSED ::1:27017, connect ECONNREFUSED 127.0.0.1:27017
2026-08-27 16:33:19 [error]: MongoDB error: connect ECONNREFUSED ::1:27017, connect ECONNREFUSED 127.0.0.1:27017
2026-08-27 16:33:29 [error]: ❌ MongoDB connection error (attempt 4): connect ECONNREFUSED ::1:27017, connect ECONNREFUSED 127.0.0.1:27017
2026-08-27 16:33:29 [error]: MongoDB error: connect ECONNREFUSED ::1:27017, connect ECONNREFUSED 127.0.0.1:27017
2026-08-27 16:33:39 [error]: ❌ MongoDB connection error (attempt 5): connect ECONNREFUSED ::1:27017, connect ECONNREFUSED 127.0.0.1:27017
2026-08-27 16:35:00 [error]: ❌ MongoDB connection error (attempt 1): connect ECONNREFUSED ::1:27017, connect ECONNREFUSED 127.0.0.1:27017
2026-08-27 16:35:00 [error]: MongoDB error: connect ECONNREFUSED ::1:27017, connect ECONNREFUSED 127.0.0.1:27017
2026-08-27 16:35:10 [error]: ❌ MongoDB connection error (attempt 2): connect ECONNREFUSED ::1:27017, connect ECONNREFUSED 127.0.0.1:27017
2026-08-27 16:35:10 [error]: MongoDB error: connect ECONNREFUSED ::1:27017, connect ECONNREFUSED 127.0.0.1:27017
2026-08-27 16:35:20 [error]: ❌ MongoDB connection error (attempt 3): connect ECONNREFUSED ::1:27017, connect ECONNREFUSED 127.0.0.1:27017
2026-08-27 16:35:20 [error]: MongoDB error: connect ECONNREFUSED ::1:27017, connect ECONNREFUSED 127.0.0.1:27017
2026-08-27 16:35:30 [error]: ❌ MongoDB connection error (attempt 4): connect ECONNREFUSED ::1:27017, connect ECONNREFUSED 127.0.0.1:27017
2026-08-27 16:35:30 [error]: MongoDB error: connect ECONNREFUSED ::1:27017, connect ECONNREFUSED 127.0.0.1:27017
2026-08-27 16:35:40 [error]: ❌ MongoDB connection error (attempt 5): connect ECONNREFUSED ::1:27017, connect ECONNREFUSED 127.0.0.1:27017
2026-08-27 16:38:25 [error]: ❌ MongoDB connection error (attempt 1): connect ECONNREFUSED ::1:27017, connect ECONNREFUSED 127.0.0.1:27017
2026-08-27 16:38:25 [error]: MongoDB error: connect ECONNREFUSED ::1:27017, connect ECONNREFUSED 127.0.0.1:27017
2026-08-27 16:38:35 [error]: ❌ MongoDB connection error (attempt 2): connect ECONNREFUSED ::1:27017, connect ECONNREFUSED 127.0.0.1:27017
2026-08-27 16:38:35 [error]: MongoDB error: connect ECONNREFUSED ::1:27017, connect ECONNREFUSED 127.0.0.1:27017
2026-08-27 16:38:45 [error]: ❌ MongoDB connection error (attempt 3): connect ECONNREFUSED ::1:27017, connect ECONNREFUSED 127.0.0.1:27017
2026-08-27 16:38:45 [error]: MongoDB error: connect ECONNREFUSED ::1:27017, connect ECONNREFUSED 127.0.0.1:27017
2026-08-27 16:38:55 [error]: ❌ MongoDB connection error (attempt 4): connect ECONNREFUSED ::1:27017, connect ECONNREFUSED 127.0.0.1:27017
2026-08-27 16:38:55 [error]: MongoDB error: connect ECONNREFUSED ::1:27017, connect ECONNREFUSED 127.0.0.1:27017
2026-08-27 16:39:05 [error]: ❌ MongoDB connection error (attempt 5): connect ECONNREFUSED ::1:27017, connect ECONNREFUSED 127.0.0.1:27017
2026-08-30 23:11:27 [error]: Error sending queue snapshot: Queue is not defined
2026-08-30 23:11:27 [error]: Error sending queue snapshot: Queue is not defined
2026-08-30 23:11:27 [error]: Error sending queue snapshot: Queue is not defined
2026-08-30 23:11:27 [error]: Error sending queue snapshot: Queue is not defined
2026-08-30 23:11:27 [error]: Error sending queue snapshot: Queue is not defined
2026-08-30 23:11:27 [error]: Error sending queue snapshot: Queue is not defined
2026-08-30 23:13:49 [error]: Error sending queue snapshot: Queue is not defined
2026-08-30 23:13:49 [error]: Error sending queue snapshot: Queue is not defined
2026-08-30 23:13:49 [error]: Error sending queue snapshot: Queue is not defined
2026-08-30 23:13:49 [error]: Error sending queue snapshot: Queue is not defined
2026-08-30 23:13:49 [error]: Error sending queue snapshot: Queue is not defined
2026-08-30 23:13:49 [error]: Error sending queue snapshot: Queue is not defined
2026-08-30 23:17:18 [error]: Error sending queue snapshot: Queue is not defined
2026-08-30 23:17:18 [error]: Error sending queue snapshot: Queue is not defined
2026-08-30 23:17:18 [error]: Error sending queue snapshot: Queue is not defined
2026-08-30 23:17:18 [error]: Error sending queue snapshot: Queue is not defined
2026-08-30 23:17:18 [error]: Error sending queue snapshot: Queue is not defined
2026-08-30 23:17:18 [error]: Error sending queue snapshot: Queue is not defined
2026-08-30 23:17:47 [error]: Error sending queue snapshot: Queue is not defined
2026-08-30 23:17:47 [error]: Error sending queue snapshot: Queue is not defined
2026-08-30 23:17:47 [error]: Error sending queue snapshot: Queue is not defined
2026-08-30 23:17:47 [error]: Error sending queue snapshot: Queue is not defined
2026-08-30 23:17:47 [error]: Error sending queue snapshot: Queue is not defined
2026-08-30 23:17:47 [error]: Error sending queue snapshot: Queue is not defined
2026-08-30 23:30:49 [error]: Error sending queue snapshot: Queue is not defined
2026-08-30 23:30:49 [error]: Error sending queue snapshot: Queue is not defined
2026-08-30 23:30:49 [error]: Error sending queue snapshot: Queue is not defined
2026-08-30 23:30:49 [error]: Error sending queue snapshot: Queue is not defined
2026-08-30 23:30:57 [error]: Error sending queue snapshot: Queue is not defined
2026-08-30 23:30:57 [error]: Error sending queue snapshot: Queue is not defined
2026-08-30 23:30:57 [error]: Error sending queue snapshot: Queue is not defined
2026-08-30 23:30:57 [error]: Error sending queue snapshot: Queue is not defined
2026-08-30 23:32:30 [error]: Error sending queue snapshot: Queue is not defined
2026-08-30 23:32:30 [error]: Error sending queue snapshot: Queue is not defined
2026-08-30 23:32:30 [error]: Error sending queue snapshot: Queue is not defined
2026-08-30 23:32:30 [error]: Error sending queue snapshot: Queue is not defined
2026-08-30 23:33:00 [error]: Error sending queue snapshot: Queue is not defined
2026-08-30 23:33:00 [error]: Error sending queue snapshot: Queue is not defined
2026-08-31 09:38:30 [error]: Error sending queue snapshot: Queue is not defined
2026-08-31 09:38:30 [error]: Error sending queue snapshot: Queue is not defined
2026-08-31 09:38:30 [error]: Error sending queue snapshot: Queue is not defined
2026-08-31 09:38:30 [error]: Error sending queue snapshot: Queue is not defined
2026-08-31 09:39:14 [error]: Error sending queue snapshot: Queue is not defined
2026-08-31 09:39:14 [error]: Error sending queue snapshot: Queue is not defined
2026-08-31 09:39:14 [error]: Error sending queue snapshot: Queue is not defined
2026-08-31 09:39:14 [error]: Error sending queue snapshot: Queue is not defined
2026-08-31 09:39:14 [error]: Error sending queue snapshot: Queue is not defined
2026-08-31 09:39:14 [error]: Error sending queue snapshot: Queue is not defined
2026-08-31 09:39:42 [error]: Error sending queue snapshot: Queue is not defined
2026-08-31 09:39:42 [error]: Error sending queue snapshot: Queue is not defined
2026-08-31 09:39:42 [error]: Error sending queue snapshot: Queue is not defined
2026-08-31 09:39:42 [error]: Error sending queue snapshot: Queue is not defined
2026-08-31 09:39:43 [error]: Error sending queue snapshot: Queue is not defined
2026-08-31 09:39:43 [error]: Error sending queue snapshot: Queue is not defined
2026-08-31 09:40:12 [error]: Error sending queue snapshot: Queue is not defined
2026-08-31 09:40:12 [error]: Error sending queue snapshot: Queue is not defined
2026-08-31 09:40:12 [error]: Error sending queue snapshot: Queue is not defined
2026-08-31 09:40:12 [error]: Error sending queue snapshot: Queue is not defined
2026-08-31 09:40:12 [error]: Error sending queue snapshot: Queue is not defined
2026-08-31 09:40:12 [error]: Error sending queue snapshot: Queue is not defined
2026-08-31 09:42:25 [error]: Error sending queue snapshot: Queue is not defined
2026-08-31 09:42:25 [error]: Error sending queue snapshot: Queue is not defined
2026-08-31 09:42:25 [error]: Error sending queue snapshot: Queue is not defined
2026-08-31 09:42:25 [error]: Error sending queue snapshot: Queue is not defined
2026-08-31 09:43:37 [error]: Error sending queue snapshot: Queue is not defined
2026-08-31 09:43:37 [error]: Error sending queue snapshot: Queue is not defined
2026-08-31 09:43:37 [error]: Error sending queue snapshot: Queue is not defined
2026-08-31 09:43:37 [error]: Error sending queue snapshot: Queue is not defined
2026-08-31 09:53:57 [error]: Error sending queue snapshot: Queue is not defined
2026-08-31 09:53:57 [error]: Error sending queue snapshot: Queue is not defined
2026-08-31 09:53:57 [error]: Error sending queue snapshot: Queue is not defined
2026-08-31 09:53:57 [error]: Error sending queue snapshot: Queue is not defined
2026-08-31 09:53:57 [error]: Error sending queue snapshot: Queue is not defined
2026-08-31 09:53:57 [error]: Error sending queue snapshot: Queue is not defined
2026-08-31 09:54:27 [error]: Error sending queue snapshot: Queue is not defined
2026-08-31 09:54:27 [error]: Error sending queue snapshot: Queue is not defined
2026-08-31 09:54:27 [error]: Error sending queue snapshot: Queue is not defined
2026-08-31 09:54:27 [error]: Error sending queue snapshot: Queue is not defined
2026-08-31 09:54:27 [error]: Error sending queue snapshot: Queue is not defined
2026-08-31 09:54:27 [error]: Error sending queue snapshot: Queue is not defined
2026-08-31 09:54:49 [error]: Error sending queue snapshot: Queue is not defined
2026-08-31 09:54:49 [error]: Error sending queue snapshot: Queue is not defined
2026-08-31 09:54:49 [error]: Error sending queue snapshot: Queue is not defined
2026-08-31 09:54:49 [error]: Error sending queue snapshot: Queue is not defined
2026-08-31 09:54:49 [error]: Error sending queue snapshot: Queue is not defined
2026-08-31 09:54:49 [error]: Error sending queue snapshot: Queue is not defined
2026-09-01 12:14:23 [error]: Error sending queue snapshot: Queue is not defined
2026-09-01 12:14:24 [error]: Error sending queue snapshot: Queue is not defined
2026-09-01 12:14:24 [error]: Error sending queue snapshot: Queue is not defined
2026-09-01 12:14:24 [error]: Error sending queue snapshot: Queue is not defined
2026-09-01 12:14:24 [error]: Error sending queue snapshot: Queue is not defined
2026-09-01 12:14:24 [error]: Error sending queue snapshot: Queue is not defined
2026-09-06 17:07:57 [error]: Error sending queue snapshot: Queue is not defined
2026-09-06 17:07:57 [error]: Error sending queue snapshot: Queue is not defined
2026-09-06 17:07:57 [error]: Error sending queue snapshot: Queue is not defined
2026-09-06 17:07:57 [error]: Error sending queue snapshot: Queue is not defined
2026-09-06 17:07:57 [error]: Error sending queue snapshot: Queue is not defined
2026-09-06 17:07:57 [error]: Error sending queue snapshot: Queue is not defined
2026-09-06 17:09:14 [error]: Error sending queue snapshot: Queue is not defined
2026-09-06 17:09:14 [error]: Error sending queue snapshot: Queue is not defined
2026-09-06 17:09:14 [error]: Error sending queue snapshot: Queue is not defined
2026-09-06 17:09:14 [error]: Error sending queue snapshot: Queue is not defined
2026-09-06 17:09:52 [error]: Error sending queue snapshot: Queue is not defined
2026-09-06 17:09:52 [error]: Error sending queue snapshot: Queue is not defined
2026-09-06 17:09:52 [error]: Error sending queue snapshot: Queue is not defined
2026-09-06 17:09:52 [error]: Error sending queue snapshot: Queue is not defined
2026-09-06 17:45:53 [error]: Error sending queue snapshot: Queue is not defined
2026-09-06 17:45:53 [error]: Error sending queue snapshot: Queue is not defined
2026-09-06 17:45:53 [error]: Error sending queue snapshot: Queue is not defined
2026-09-06 17:45:53 [error]: Error sending queue snapshot: Queue is not defined
2026-09-06 17:45:53 [error]: Error sending queue snapshot: Queue is not defined
2026-09-06 17:45:53 [error]: Error sending queue snapshot: Queue is not defined
2026-09-06 18:37:29 [error]: Error sending queue snapshot: Queue is not defined
2026-09-06 18:37:29 [error]: Error sending queue snapshot: Queue is not defined
2026-09-06 18:37:29 [error]: Error sending queue snapshot: Queue is not defined
2026-09-06 18:37:29 [error]: Error sending queue snapshot: Queue is not defined
2026-09-06 18:37:29 [error]: Error sending queue snapshot: Queue is not defined
2026-09-06 18:37:29 [error]: Error sending queue snapshot: Queue is not defined
2026-09-08 12:16:33 [error]: Error sending queue snapshot: Queue is not defined
2026-09-08 12:16:33 [error]: Error sending queue snapshot: Queue is not defined
2026-09-08 12:16:33 [error]: Error sending queue snapshot: Queue is not defined
2026-09-08 12:16:33 [error]: Error sending queue snapshot: Queue is not defined
2026-09-08 12:47:49 [error]: Error sending queue snapshot: Queue is not defined
2026-09-08 12:47:49 [error]: Error sending queue snapshot: Queue is not defined
2026-09-08 12:47:49 [error]: Error sending queue snapshot: Queue is not defined
2026-09-08 12:47:49 [error]: Error sending queue snapshot: Queue is not defined
2026-09-08 12:47:50 [error]: Error sending queue snapshot: Queue is not defined
2026-09-08 12:47:50 [error]: Error sending queue snapshot: Queue is not defined
2026-09-08 12:57:13 [error]: Error sending queue snapshot: Queue is not defined
2026-09-08 12:57:13 [error]: Error sending queue snapshot: Queue is not defined
2026-09-08 12:57:13 [error]: Error sending queue snapshot: Queue is not defined
2026-09-08 12:57:13 [error]: Error sending queue snapshot: Queue is not defined
2026-09-08 12:57:13 [error]: Error sending queue snapshot: Queue is not defined
2026-09-08 12:57:13 [error]: Error sending queue snapshot: Queue is not defined
